dataset,source_split,role,base_video_id,source_group_id,source_video_id,target_video_id,study_label,manipulation,relative_source_path,source_label
Celeb-DF-v2,test,external_evaluation,00011,00011,00011,,0,,YouTube-real/00011.mp4,1
Celeb-DF-v2,test,external_evaluation,00021,00021,00021,,0,,YouTube-real/00021.mp4,1
Celeb-DF-v2,test,external_evaluation,00023,00023,00023,,0,,YouTube-real/00023.mp4,1
Celeb-DF-v2,test,external_evaluation,00024,00024,00024,,0,,YouTube-real/00024.mp4,1
Celeb-DF-v2,test,external_evaluation,00036,00036,00036,,0,,YouTube-real/00036.mp4,1
Celeb-DF-v2,test,external_evaluation,00047,00047,00047,,0,,YouTube-real/00047.mp4,1
Celeb-DF-v2,test,external_evaluation,00048,00048,00048,,0,,YouTube-real/00048.mp4,1
Celeb-DF-v2,test,external_evaluation,00061,00061,00061,,0,,YouTube-real/00061.mp4,1
Celeb-DF-v2,test,external_evaluation,00063,00063,00063,,0,,YouTube-real/00063.mp4,1
Celeb-DF-v2,test,external_evaluation,00076,00076,00076,,0,,YouTube-real/00076.mp4,1
Celeb-DF-v2,test,external_evaluation,00082,00082,00082,,0,,YouTube-real/00082.mp4,1
Celeb-DF-v2,test,external_evaluation,00092,00092,00092,,0,,YouTube-real/00092.mp4,1
Celeb-DF-v2,test,external_evaluation,00095,00095,00095,,0,,YouTube-real/00095.mp4,1
Celeb-DF-v2,test,external_evaluation,00106,00106,00106,,0,,YouTube-real/00106.mp4,1
Celeb-DF-v2,test,external_evaluation,00119,00119,00119,,0,,YouTube-real/00119.mp4,1
Celeb-DF-v2,test,external_evaluation,00133,00133,00133,,0,,YouTube-real/00133.mp4,1
Celeb-DF-v2,test,external_evaluation,00138,00138,00138,,0,,YouTube-real/00138.mp4,1
Celeb-DF-v2,test,external_evaluation,00168,00168,00168,,0,,YouTube-real/00168.mp4,1
Celeb-DF-v2,test,external_evaluation,00170,00170,00170,,0,,YouTube-real/00170.mp4,1
Celeb-DF-v2,test,external_evaluation,00188,00188,00188,,0,,YouTube-real/00188.mp4,1
Celeb-DF-v2,test,external_evaluation,00193,00193,00193,,0,,YouTube-real/00193.mp4,1
Celeb-DF-v2,test,external_evaluation,00194,00194,00194,,0,,YouTube-real/00194.mp4,1
Celeb-DF-v2,test,external_evaluation,00197,00197,00197,,0,,YouTube-real/00197.mp4,1
Celeb-DF-v2,test,external_evaluation,00202,00202,00202,,0,,YouTube-real/00202.mp4,1
Celeb-DF-v2,test,external_evaluation,00207,00207,00207,,0,,YouTube-real/00207.mp4,1
Celeb-DF-v2,test,external_evaluation,00208,00208,00208,,0,,YouTube-real/00208.mp4,1
Celeb-DF-v2,test,external_evaluation,00213,00213,00213,,0,,YouTube-real/00213.mp4,1
Celeb-DF-v2,test,external_evaluation,00227,00227,00227,,0,,YouTube-real/00227.mp4,1
Celeb-DF-v2,test,external_evaluation,00236,00236,00236,,0,,YouTube-real/00236.mp4,1
Celeb-DF-v2,test,external_evaluation,00244,00244,00244,,0,,YouTube-real/00244.mp4,1
Celeb-DF-v2,test,external_evaluation,00250,00250,00250,,0,,YouTube-real/00250.mp4,1
Celeb-DF-v2,test,external_evaluation,00251,00251,00251,,0,,YouTube-real/00251.mp4,1
Celeb-DF-v2,test,external_evaluation,00252,00252,00252,,0,,YouTube-real/00252.mp4,1
Celeb-DF-v2,test,external_evaluation,00253,00253,00253,,0,,YouTube-real/00253.mp4,1
Celeb-DF-v2,test,external_evaluation,00254,00254,00254,,0,,YouTube-real/00254.mp4,1
Celeb-DF-v2,test,external_evaluation,00255,00255,00255,,0,,YouTube-real/00255.mp4,1
Celeb-DF-v2,test,external_evaluation,00256,00256,00256,,0,,YouTube-real/00256.mp4,1
Celeb-DF-v2,test,external_evaluation,00257,00257,00257,,0,,YouTube-real/00257.mp4,1
Celeb-DF-v2,test,external_evaluation,00258,00258,00258,,0,,YouTube-real/00258.mp4,1
Celeb-DF-v2,test,external_evaluation,00259,00259,00259,,0,,YouTube-real/00259.mp4,1
Celeb-DF-v2,test,external_evaluation,00260,00260,00260,,0,,YouTube-real/00260.mp4,1
Celeb-DF-v2,test,external_evaluation,00261,00261,00261,,0,,YouTube-real/00261.mp4,1
Celeb-DF-v2,test,external_evaluation,00262,00262,00262,,0,,YouTube-real/00262.mp4,1
Celeb-DF-v2,test,external_evaluation,00263,00263,00263,,0,,YouTube-real/00263.mp4,1
Celeb-DF-v2,test,external_evaluation,00264,00264,00264,,0,,YouTube-real/00264.mp4,1
Celeb-DF-v2,test,external_evaluation,00265,00265,00265,,0,,YouTube-real/00265.mp4,1
Celeb-DF-v2,test,external_evaluation,00266,00266,00266,,0,,YouTube-real/00266.mp4,1
Celeb-DF-v2,test,external_evaluation,00267,00267,00267,,0,,YouTube-real/00267.mp4,1
Celeb-DF-v2,test,external_evaluation,00268,00268,00268,,0,,YouTube-real/00268.mp4,1
Celeb-DF-v2,test,external_evaluation,00269,00269,00269,,0,,YouTube-real/00269.mp4,1
Celeb-DF-v2,test,external_evaluation,00270,00270,00270,,0,,YouTube-real/00270.mp4,1
Celeb-DF-v2,test,external_evaluation,00271,00271,00271,,0,,YouTube-real/00271.mp4,1
Celeb-DF-v2,test,external_evaluation,00272,00272,00272,,0,,YouTube-real/00272.mp4,1
Celeb-DF-v2,test,external_evaluation,00273,00273,00273,,0,,YouTube-real/00273.mp4,1
Celeb-DF-v2,test,external_evaluation,00274,00274,00274,,0,,YouTube-real/00274.mp4,1
Celeb-DF-v2,test,external_evaluation,00275,00275,00275,,0,,YouTube-real/00275.mp4,1
Celeb-DF-v2,test,external_evaluation,00276,00276,00276,,0,,YouTube-real/00276.mp4,1
Celeb-DF-v2,test,external_evaluation,00277,00277,00277,,0,,YouTube-real/00277.mp4,1
Celeb-DF-v2,test,external_evaluation,00278,00278,00278,,0,,YouTube-real/00278.mp4,1
Celeb-DF-v2,test,external_evaluation,00279,00279,00279,,0,,YouTube-real/00279.mp4,1
Celeb-DF-v2,test,external_evaluation,00280,00280,00280,,0,,YouTube-real/00280.mp4,1
Celeb-DF-v2,test,external_evaluation,00281,00281,00281,,0,,YouTube-real/00281.mp4,1
Celeb-DF-v2,test,external_evaluation,00282,00282,00282,,0,,YouTube-real/00282.mp4,1
Celeb-DF-v2,test,external_evaluation,00283,00283,00283,,0,,YouTube-real/00283.mp4,1
Celeb-DF-v2,test,external_evaluation,00284,00284,00284,,0,,YouTube-real/00284.mp4,1
Celeb-DF-v2,test,external_evaluation,00285,00285,00285,,0,,YouTube-real/00285.mp4,1
Celeb-DF-v2,test,external_evaluation,00286,00286,00286,,0,,YouTube-real/00286.mp4,1
Celeb-DF-v2,test,external_evaluation,00287,00287,00287,,0,,YouTube-real/00287.mp4,1
Celeb-DF-v2,test,external_evaluation,00288,00288,00288,,0,,YouTube-real/00288.mp4,1
Celeb-DF-v2,test,external_evaluation,00289,00289,00289,,0,,YouTube-real/00289.mp4,1
Celeb-DF-v2,test,external_evaluation,id0_0001,id0_0001,id0_0001,,0,,Celeb-real/id0_0001.mp4,1
Celeb-DF-v2,test,external_evaluation,id0_id16_0003,id0_id16_0003,id0_id16_0003,,1,,Celeb-synthesis/id0_id16_0003.mp4,0
Celeb-DF-v2,test,external_evaluation,id0_id16_0004,id0_id16_0004,id0_id16_0004,,1,,Celeb-synthesis/id0_id16_0004.mp4,0
Celeb-DF-v2,test,external_evaluation,id0_id16_0007,id0_id16_0007,id0_id16_0007,,1,,Celeb-synthesis/id0_id16_0007.mp4,0
Celeb-DF-v2,test,external_evaluation,id0_id1_0000,id0_id1_0000,id0_id1_0000,,1,,Celeb-synthesis/id0_id1_0000.mp4,0
Celeb-DF-v2,test,external_evaluation,id0_id1_0001,id0_id1_0001,id0_id1_0001,,1,,Celeb-synthesis/id0_id1_0001.mp4,0
Celeb-DF-v2,test,external_evaluation,id0_id1_0005,id0_id1_0005,id0_id1_0005,,1,,Celeb-synthesis/id0_id1_0005.mp4,0
Celeb-DF-v2,test,external_evaluation,id0_id21_0000,id0_id21_0000,id0_id21_0000,,1,,Celeb-synthesis/id0_id21_0000.mp4,0
Celeb-DF-v2,test,external_evaluation,id0_id26_0009,id0_id26_0009,id0_id26_0009,,1,,Celeb-synthesis/id0_id26_0009.mp4,0
Celeb-DF-v2,test,external_evaluation,id0_id3_0007,id0_id3_0007,id0_id3_0007,,1,,Celeb-synthesis/id0_id3_0007.mp4,0
Celeb-DF-v2,test,external_evaluation,id0_id6_0007,id0_id6_0007,id0_id6_0007,,1,,Celeb-synthesis/id0_id6_0007.mp4,0
Celeb-DF-v2,test,external_evaluation,id10_0001,id10_0001,id10_0001,,0,,Celeb-real/id10_0001.mp4,1
Celeb-DF-v2,test,external_evaluation,id10_0007,id10_0007,id10_0007,,0,,Celeb-real/id10_0007.mp4,1
Celeb-DF-v2,test,external_evaluation,id10_id11_0001,id10_id11_0001,id10_id11_0001,,1,,Celeb-synthesis/id10_id11_0001.mp4,0
Celeb-DF-v2,test,external_evaluation,id10_id11_0004,id10_id11_0004,id10_id11_0004,,1,,Celeb-synthesis/id10_id11_0004.mp4,0
Celeb-DF-v2,test,external_evaluation,id10_id12_0001,id10_id12_0001,id10_id12_0001,,1,,Celeb-synthesis/id10_id12_0001.mp4,0
Celeb-DF-v2,test,external_evaluation,id10_id12_0004,id10_id12_0004,id10_id12_0004,,1,,Celeb-synthesis/id10_id12_0004.mp4,0
Celeb-DF-v2,test,external_evaluation,id10_id13_0001,id10_id13_0001,id10_id13_0001,,1,,Celeb-synthesis/id10_id13_0001.mp4,0
Celeb-DF-v2,test,external_evaluation,id10_id13_0004,id10_id13_0004,id10_id13_0004,,1,,Celeb-synthesis/id10_id13_0004.mp4,0
Celeb-DF-v2,test,external_evaluation,id10_id13_0007,id10_id13_0007,id10_id13_0007,,1,,Celeb-synthesis/id10_id13_0007.mp4,0
Celeb-DF-v2,test,external_evaluation,id10_id7_0001,id10_id7_0001,id10_id7_0001,,1,,Celeb-synthesis/id10_id7_0001.mp4,0
Celeb-DF-v2,test,external_evaluation,id10_id7_0004,id10_id7_0004,id10_id7_0004,,1,,Celeb-synthesis/id10_id7_0004.mp4,0
Celeb-DF-v2,test,external_evaluation,id10_id7_0005,id10_id7_0005,id10_id7_0005,,1,,Celeb-synthesis/id10_id7_0005.mp4,0
Celeb-DF-v2,test,external_evaluation,id10_id7_0008,id10_id7_0008,id10_id7_0008,,1,,Celeb-synthesis/id10_id7_0008.mp4,0
Celeb-DF-v2,test,external_evaluation,id11_0006,id11_0006,id11_0006,,0,,Celeb-real/id11_0006.mp4,1
Celeb-DF-v2,test,external_evaluation,id11_0008,id11_0008,id11_0008,,0,,Celeb-real/id11_0008.mp4,1
Celeb-DF-v2,test,external_evaluation,id11_id7_0008,id11_id7_0008,id11_id7_0008,,1,,Celeb-synthesis/id11_id7_0008.mp4,0
Celeb-DF-v2,test,external_evaluation,id12_0000,id12_0000,id12_0000,,0,,Celeb-real/id12_0000.mp4,1
Celeb-DF-v2,test,external_evaluation,id12_0005,id12_0005,id12_0005,,0,,Celeb-real/id12_0005.mp4,1
Celeb-DF-v2,test,external_evaluation,id12_id10_0002,id12_id10_0002,id12_id10_0002,,1,,Celeb-synthesis/id12_id10_0002.mp4,0
Celeb-DF-v2,test,external_evaluation,id12_id10_0005,id12_id10_0005,id12_id10_0005,,1,,Celeb-synthesis/id12_id10_0005.mp4,0
Celeb-DF-v2,test,external_evaluation,id12_id7_0006,id12_id7_0006,id12_id7_0006,,1,,Celeb-synthesis/id12_id7_0006.mp4,0
Celeb-DF-v2,test,external_evaluation,id13_0004,id13_0004,id13_0004,,0,,Celeb-real/id13_0004.mp4,1
Celeb-DF-v2,test,external_evaluation,id13_0011,id13_0011,id13_0011,,0,,Celeb-real/id13_0011.mp4,1
Celeb-DF-v2,test,external_evaluation,id13_0013,id13_0013,id13_0013,,0,,Celeb-real/id13_0013.mp4,1
Celeb-DF-v2,test,external_evaluation,id13_id10_0005,id13_id10_0005,id13_id10_0005,,1,,Celeb-synthesis/id13_id10_0005.mp4,0
Celeb-DF-v2,test,external_evaluation,id13_id10_0008,id13_id10_0008,id13_id10_0008,,1,,Celeb-synthesis/id13_id10_0008.mp4,0
Celeb-DF-v2,test,external_evaluation,id13_id7_0000,id13_id7_0000,id13_id7_0000,,1,,Celeb-synthesis/id13_id7_0000.mp4,0
Celeb-DF-v2,test,external_evaluation,id13_id7_0012,id13_id7_0012,id13_id7_0012,,1,,Celeb-synthesis/id13_id7_0012.mp4,0
Celeb-DF-v2,test,external_evaluation,id16_0007,id16_0007,id16_0007,,0,,Celeb-real/id16_0007.mp4,1
Celeb-DF-v2,test,external_evaluation,id16_0010,id16_0010,id16_0010,,0,,Celeb-real/id16_0010.mp4,1
Celeb-DF-v2,test,external_evaluation,id16_0011,id16_0011,id16_0011,,0,,Celeb-real/id16_0011.mp4,1
Celeb-DF-v2,test,external_evaluation,id16_id0_0011,id16_id0_0011,id16_id0_0011,,1,,Celeb-synthesis/id16_id0_0011.mp4,0
Celeb-DF-v2,test,external_evaluation,id16_id1_0011,id16_id1_0011,id16_id1_0011,,1,,Celeb-synthesis/id16_id1_0011.mp4,0
Celeb-DF-v2,test,external_evaluation,id16_id20_0000,id16_id20_0000,id16_id20_0000,,1,,Celeb-synthesis/id16_id20_0000.mp4,0
Celeb-DF-v2,test,external_evaluation,id16_id20_0006,id16_id20_0006,id16_id20_0006,,1,,Celeb-synthesis/id16_id20_0006.mp4,0
Celeb-DF-v2,test,external_evaluation,id16_id20_0012,id16_id20_0012,id16_id20_0012,,1,,Celeb-synthesis/id16_id20_0012.mp4,0
Celeb-DF-v2,test,external_evaluation,id16_id21_0002,id16_id21_0002,id16_id21_0002,,1,,Celeb-synthesis/id16_id21_0002.mp4,0
Celeb-DF-v2,test,external_evaluation,id16_id23_0011,id16_id23_0011,id16_id23_0011,,1,,Celeb-synthesis/id16_id23_0011.mp4,0
Celeb-DF-v2,test,external_evaluation,id16_id28_0005,id16_id28_0005,id16_id28_0005,,1,,Celeb-synthesis/id16_id28_0005.mp4,0
Celeb-DF-v2,test,external_evaluation,id16_id2_0001,id16_id2_0001,id16_id2_0001,,1,,Celeb-synthesis/id16_id2_0001.mp4,0
Celeb-DF-v2,test,external_evaluation,id16_id2_0006,id16_id2_0006,id16_id2_0006,,1,,Celeb-synthesis/id16_id2_0006.mp4,0
Celeb-DF-v2,test,external_evaluation,id16_id2_0011,id16_id2_0011,id16_id2_0011,,1,,Celeb-synthesis/id16_id2_0011.mp4,0
Celeb-DF-v2,test,external_evaluation,id16_id3_0009,id16_id3_0009,id16_id3_0009,,1,,Celeb-synthesis/id16_id3_0009.mp4,0
Celeb-DF-v2,test,external_evaluation,id16_id3_0010,id16_id3_0010,id16_id3_0010,,1,,Celeb-synthesis/id16_id3_0010.mp4,0
Celeb-DF-v2,test,external_evaluation,id16_id3_0011,id16_id3_0011,id16_id3_0011,,1,,Celeb-synthesis/id16_id3_0011.mp4,0
Celeb-DF-v2,test,external_evaluation,id16_id6_0001,id16_id6_0001,id16_id6_0001,,1,,Celeb-synthesis/id16_id6_0001.mp4,0
Celeb-DF-v2,test,external_evaluation,id16_id6_0011,id16_id6_0011,id16_id6_0011,,1,,Celeb-synthesis/id16_id6_0011.mp4,0
Celeb-DF-v2,test,external_evaluation,id17_0000,id17_0000,id17_0000,,0,,Celeb-real/id17_0000.mp4,1
Celeb-DF-v2,test,external_evaluation,id17_0002,id17_0002,id17_0002,,0,,Celeb-real/id17_0002.mp4,1
Celeb-DF-v2,test,external_evaluation,id17_id0_0000,id17_id0_0000,id17_id0_0000,,1,,Celeb-synthesis/id17_id0_0000.mp4,0
Celeb-DF-v2,test,external_evaluation,id17_id16_0000,id17_id16_0000,id17_id16_0000,,1,,Celeb-synthesis/id17_id16_0000.mp4,0
Celeb-DF-v2,test,external_evaluation,id17_id16_0007,id17_id16_0007,id17_id16_0007,,1,,Celeb-synthesis/id17_id16_0007.mp4,0
Celeb-DF-v2,test,external_evaluation,id17_id1_0000,id17_id1_0000,id17_id1_0000,,1,,Celeb-synthesis/id17_id1_0000.mp4,0
Celeb-DF-v2,test,external_evaluation,id17_id21_0000,id17_id21_0000,id17_id21_0000,,1,,Celeb-synthesis/id17_id21_0000.mp4,0
Celeb-DF-v2,test,external_evaluation,id17_id23_0000,id17_id23_0000,id17_id23_0000,,1,,Celeb-synthesis/id17_id23_0000.mp4,0
Celeb-DF-v2,test,external_evaluation,id17_id23_0009,id17_id23_0009,id17_id23_0009,,1,,Celeb-synthesis/id17_id23_0009.mp4,0
Celeb-DF-v2,test,external_evaluation,id17_id26_0006,id17_id26_0006,id17_id26_0006,,1,,Celeb-synthesis/id17_id26_0006.mp4,0
Celeb-DF-v2,test,external_evaluation,id17_id28_0001,id17_id28_0001,id17_id28_0001,,1,,Celeb-synthesis/id17_id28_0001.mp4,0
Celeb-DF-v2,test,external_evaluation,id17_id2_0000,id17_id2_0000,id17_id2_0000,,1,,Celeb-synthesis/id17_id2_0000.mp4,0
Celeb-DF-v2,test,external_evaluation,id17_id2_0003,id17_id2_0003,id17_id2_0003,,1,,Celeb-synthesis/id17_id2_0003.mp4,0
Celeb-DF-v2,test,external_evaluation,id17_id2_0007,id17_id2_0007,id17_id2_0007,,1,,Celeb-synthesis/id17_id2_0007.mp4,0
Celeb-DF-v2,test,external_evaluation,id17_id31_0009,id17_id31_0009,id17_id31_0009,,1,,Celeb-synthesis/id17_id31_0009.mp4,0
Celeb-DF-v2,test,external_evaluation,id17_id3_0000,id17_id3_0000,id17_id3_0000,,1,,Celeb-synthesis/id17_id3_0000.mp4,0
Celeb-DF-v2,test,external_evaluation,id17_id3_0007,id17_id3_0007,id17_id3_0007,,1,,Celeb-synthesis/id17_id3_0007.mp4,0
Celeb-DF-v2,test,external_evaluation,id17_id6_0000,id17_id6_0000,id17_id6_0000,,1,,Celeb-synthesis/id17_id6_0000.mp4,0
Celeb-DF-v2,test,external_evaluation,id17_id9_0000,id17_id9_0000,id17_id9_0000,,1,,Celeb-synthesis/id17_id9_0000.mp4,0
Celeb-DF-v2,test,external_evaluation,id19_0005,id19_0005,id19_0005,,0,,Celeb-real/id19_0005.mp4,1
Celeb-DF-v2,test,external_evaluation,id19_0007,id19_0007,id19_0007,,0,,Celeb-real/id19_0007.mp4,1
Celeb-DF-v2,test,external_evaluation,id19_id20_0000,id19_id20_0000,id19_id20_0000,,1,,Celeb-synthesis/id19_id20_0000.mp4,0
Celeb-DF-v2,test,external_evaluation,id19_id20_0004,id19_id20_0004,id19_id20_0004,,1,,Celeb-synthesis/id19_id20_0004.mp4,0
Celeb-DF-v2,test,external_evaluation,id19_id23_0001,id19_id23_0001,id19_id23_0001,,1,,Celeb-synthesis/id19_id23_0001.mp4,0
Celeb-DF-v2,test,external_evaluation,id1_0001,id1_0001,id1_0001,,0,,Celeb-real/id1_0001.mp4,1
Celeb-DF-v2,test,external_evaluation,id1_0006,id1_0006,id1_0006,,0,,Celeb-real/id1_0006.mp4,1
Celeb-DF-v2,test,external_evaluation,id1_0007,id1_0007,id1_0007,,0,,Celeb-real/id1_0007.mp4,1
Celeb-DF-v2,test,external_evaluation,id1_0008,id1_0008,id1_0008,,0,,Celeb-real/id1_0008.mp4,1
Celeb-DF-v2,test,external_evaluation,id1_id0_0007,id1_id0_0007,id1_id0_0007,,1,,Celeb-synthesis/id1_id0_0007.mp4,0
Celeb-DF-v2,test,external_evaluation,id1_id16_0004,id1_id16_0004,id1_id16_0004,,1,,Celeb-synthesis/id1_id16_0004.mp4,0
Celeb-DF-v2,test,external_evaluation,id1_id16_0007,id1_id16_0007,id1_id16_0007,,1,,Celeb-synthesis/id1_id16_0007.mp4,0
Celeb-DF-v2,test,external_evaluation,id1_id17_0007,id1_id17_0007,id1_id17_0007,,1,,Celeb-synthesis/id1_id17_0007.mp4,0
Celeb-DF-v2,test,external_evaluation,id1_id20_0001,id1_id20_0001,id1_id20_0001,,1,,Celeb-synthesis/id1_id20_0001.mp4,0
Celeb-DF-v2,test,external_evaluation,id1_id20_0002,id1_id20_0002,id1_id20_0002,,1,,Celeb-synthesis/id1_id20_0002.mp4,0
Celeb-DF-v2,test,external_evaluation,id1_id23_0006,id1_id23_0006,id1_id23_0006,,1,,Celeb-synthesis/id1_id23_0006.mp4,0
Celeb-DF-v2,test,external_evaluation,id1_id2_0002,id1_id2_0002,id1_id2_0002,,1,,Celeb-synthesis/id1_id2_0002.mp4,0
Celeb-DF-v2,test,external_evaluation,id1_id2_0007,id1_id2_0007,id1_id2_0007,,1,,Celeb-synthesis/id1_id2_0007.mp4,0
Celeb-DF-v2,test,external_evaluation,id1_id3_0002,id1_id3_0002,id1_id3_0002,,1,,Celeb-synthesis/id1_id3_0002.mp4,0
Celeb-DF-v2,test,external_evaluation,id1_id3_0003,id1_id3_0003,id1_id3_0003,,1,,Celeb-synthesis/id1_id3_0003.mp4,0
Celeb-DF-v2,test,external_evaluation,id1_id3_0006,id1_id3_0006,id1_id3_0006,,1,,Celeb-synthesis/id1_id3_0006.mp4,0
Celeb-DF-v2,test,external_evaluation,id1_id3_0007,id1_id3_0007,id1_id3_0007,,1,,Celeb-synthesis/id1_id3_0007.mp4,0
Celeb-DF-v2,test,external_evaluation,id1_id3_0009,id1_id3_0009,id1_id3_0009,,1,,Celeb-synthesis/id1_id3_0009.mp4,0
Celeb-DF-v2,test,external_evaluation,id1_id4_0007,id1_id4_0007,id1_id4_0007,,1,,Celeb-synthesis/id1_id4_0007.mp4,0
Celeb-DF-v2,test,external_evaluation,id1_id9_0007,id1_id9_0007,id1_id9_0007,,1,,Celeb-synthesis/id1_id9_0007.mp4,0
Celeb-DF-v2,test,external_evaluation,id20_0008,id20_0008,id20_0008,,0,,Celeb-real/id20_0008.mp4,1
Celeb-DF-v2,test,external_evaluation,id20_id0_0006,id20_id0_0006,id20_id0_0006,,1,,Celeb-synthesis/id20_id0_0006.mp4,0
Celeb-DF-v2,test,external_evaluation,id20_id19_0002,id20_id19_0002,id20_id19_0002,,1,,Celeb-synthesis/id20_id19_0002.mp4,0
Celeb-DF-v2,test,external_evaluation,id20_id1_0003,id20_id1_0003,id20_id1_0003,,1,,Celeb-synthesis/id20_id1_0003.mp4,0
Celeb-DF-v2,test,external_evaluation,id20_id1_0007,id20_id1_0007,id20_id1_0007,,1,,Celeb-synthesis/id20_id1_0007.mp4,0
Celeb-DF-v2,test,external_evaluation,id20_id31_0006,id20_id31_0006,id20_id31_0006,,1,,Celeb-synthesis/id20_id31_0006.mp4,0
Celeb-DF-v2,test,external_evaluation,id20_id31_0008,id20_id31_0008,id20_id31_0008,,1,,Celeb-synthesis/id20_id31_0008.mp4,0
Celeb-DF-v2,test,external_evaluation,id20_id37_0004,id20_id37_0004,id20_id37_0004,,1,,Celeb-synthesis/id20_id37_0004.mp4,0
Celeb-DF-v2,test,external_evaluation,id20_id9_0008,id20_id9_0008,id20_id9_0008,,1,,Celeb-synthesis/id20_id9_0008.mp4,0
Celeb-DF-v2,test,external_evaluation,id21_0006,id21_0006,id21_0006,,0,,Celeb-real/id21_0006.mp4,1
Celeb-DF-v2,test,external_evaluation,id21_0009,id21_0009,id21_0009,,0,,Celeb-real/id21_0009.mp4,1
Celeb-DF-v2,test,external_evaluation,id21_id19_0005,id21_id19_0005,id21_id19_0005,,1,,Celeb-synthesis/id21_id19_0005.mp4,0
Celeb-DF-v2,test,external_evaluation,id21_id19_0009,id21_id19_0009,id21_id19_0009,,1,,Celeb-synthesis/id21_id19_0009.mp4,0
Celeb-DF-v2,test,external_evaluation,id21_id20_0006,id21_id20_0006,id21_id20_0006,,1,,Celeb-synthesis/id21_id20_0006.mp4,0
Celeb-DF-v2,test,external_evaluation,id21_id28_0001,id21_id28_0001,id21_id28_0001,,1,,Celeb-synthesis/id21_id28_0001.mp4,0
Celeb-DF-v2,test,external_evaluation,id21_id28_0009,id21_id28_0009,id21_id28_0009,,1,,Celeb-synthesis/id21_id28_0009.mp4,0
Celeb-DF-v2,test,external_evaluation,id21_id2_0000,id21_id2_0000,id21_id2_0000,,1,,Celeb-synthesis/id21_id2_0000.mp4,0
Celeb-DF-v2,test,external_evaluation,id21_id2_0002,id21_id2_0002,id21_id2_0002,,1,,Celeb-synthesis/id21_id2_0002.mp4,0
Celeb-DF-v2,test,external_evaluation,id21_id3_0009,id21_id3_0009,id21_id3_0009,,1,,Celeb-synthesis/id21_id3_0009.mp4,0
Celeb-DF-v2,test,external_evaluation,id21_id4_0002,id21_id4_0002,id21_id4_0002,,1,,Celeb-synthesis/id21_id4_0002.mp4,0
Celeb-DF-v2,test,external_evaluation,id21_id6_0005,id21_id6_0005,id21_id6_0005,,1,,Celeb-synthesis/id21_id6_0005.mp4,0
Celeb-DF-v2,test,external_evaluation,id21_id9_0008,id21_id9_0008,id21_id9_0008,,1,,Celeb-synthesis/id21_id9_0008.mp4,0
Celeb-DF-v2,test,external_evaluation,id22_0000,id22_0000,id22_0000,,0,,Celeb-real/id22_0000.mp4,1
Celeb-DF-v2,test,external_evaluation,id22_0009,id22_0009,id22_0009,,0,,Celeb-real/id22_0009.mp4,1
Celeb-DF-v2,test,external_evaluation,id22_id21_0005,id22_id21_0005,id22_id21_0005,,1,,Celeb-synthesis/id22_id21_0005.mp4,0
Celeb-DF-v2,test,external_evaluation,id22_id25_0001,id22_id25_0001,id22_id25_0001,,1,,Celeb-synthesis/id22_id25_0001.mp4,0
Celeb-DF-v2,test,external_evaluation,id22_id26_0005,id22_id26_0005,id22_id26_0005,,1,,Celeb-synthesis/id22_id26_0005.mp4,0
Celeb-DF-v2,test,external_evaluation,id22_id27_0001,id22_id27_0001,id22_id27_0001,,1,,Celeb-synthesis/id22_id27_0001.mp4,0
Celeb-DF-v2,test,external_evaluation,id22_id27_0005,id22_id27_0005,id22_id27_0005,,1,,Celeb-synthesis/id22_id27_0005.mp4,0
Celeb-DF-v2,test,external_evaluation,id22_id28_0006,id22_id28_0006,id22_id28_0006,,1,,Celeb-synthesis/id22_id28_0006.mp4,0
Celeb-DF-v2,test,external_evaluation,id23_0001,id23_0001,id23_0001,,0,,Celeb-real/id23_0001.mp4,1
Celeb-DF-v2,test,external_evaluation,id23_id16_0003,id23_id16_0003,id23_id16_0003,,1,,Celeb-synthesis/id23_id16_0003.mp4,0
Celeb-DF-v2,test,external_evaluation,id23_id19_0000,id23_id19_0000,id23_id19_0000,,1,,Celeb-synthesis/id23_id19_0000.mp4,0
Celeb-DF-v2,test,external_evaluation,id23_id26_0003,id23_id26_0003,id23_id26_0003,,1,,Celeb-synthesis/id23_id26_0003.mp4,0
Celeb-DF-v2,test,external_evaluation,id23_id2_0007,id23_id2_0007,id23_id2_0007,,1,,Celeb-synthesis/id23_id2_0007.mp4,0
Celeb-DF-v2,test,external_evaluation,id23_id35_0006,id23_id35_0006,id23_id35_0006,,1,,Celeb-synthesis/id23_id35_0006.mp4,0
Celeb-DF-v2,test,external_evaluation,id23_id35_0009,id23_id35_0009,id23_id35_0009,,1,,Celeb-synthesis/id23_id35_0009.mp4,0
Celeb-DF-v2,test,external_evaluation,id23_id3_0004,id23_id3_0004,id23_id3_0004,,1,,Celeb-synthesis/id23_id3_0004.mp4,0
Celeb-DF-v2,test,external_evaluation,id23_id3_0009,id23_id3_0009,id23_id3_0009,,1,,Celeb-synthesis/id23_id3_0009.mp4,0
Celeb-DF-v2,test,external_evaluation,id24_0009,id24_0009,id24_0009,,0,,Celeb-real/id24_0009.mp4,1
Celeb-DF-v2,test,external_evaluation,id24_id19_0000,id24_id19_0000,id24_id19_0000,,1,,Celeb-synthesis/id24_id19_0000.mp4,0
Celeb-DF-v2,test,external_evaluation,id24_id20_0009,id24_id20_0009,id24_id20_0009,,1,,Celeb-synthesis/id24_id20_0009.mp4,0
Celeb-DF-v2,test,external_evaluation,id24_id21_0006,id24_id21_0006,id24_id21_0006,,1,,Celeb-synthesis/id24_id21_0006.mp4,0
Celeb-DF-v2,test,external_evaluation,id24_id26_0004,id24_id26_0004,id24_id26_0004,,1,,Celeb-synthesis/id24_id26_0004.mp4,0
Celeb-DF-v2,test,external_evaluation,id24_id26_0009,id24_id26_0009,id24_id26_0009,,1,,Celeb-synthesis/id24_id26_0009.mp4,0
Celeb-DF-v2,test,external_evaluation,id25_0010,id25_0010,id25_0010,,0,,Celeb-real/id25_0010.mp4,1
Celeb-DF-v2,test,external_evaluation,id25_id19_0002,id25_id19_0002,id25_id19_0002,,1,,Celeb-synthesis/id25_id19_0002.mp4,0
Celeb-DF-v2,test,external_evaluation,id25_id19_0008,id25_id19_0008,id25_id19_0008,,1,,Celeb-synthesis/id25_id19_0008.mp4,0
Celeb-DF-v2,test,external_evaluation,id25_id21_0005,id25_id21_0005,id25_id21_0005,,1,,Celeb-synthesis/id25_id21_0005.mp4,0
Celeb-DF-v2,test,external_evaluation,id25_id23_0010,id25_id23_0010,id25_id23_0010,,1,,Celeb-synthesis/id25_id23_0010.mp4,0
Celeb-DF-v2,test,external_evaluation,id25_id24_0003,id25_id24_0003,id25_id24_0003,,1,,Celeb-synthesis/id25_id24_0003.mp4,0
Celeb-DF-v2,test,external_evaluation,id25_id28_0003,id25_id28_0003,id25_id28_0003,,1,,Celeb-synthesis/id25_id28_0003.mp4,0
Celeb-DF-v2,test,external_evaluation,id25_id28_0010,id25_id28_0010,id25_id28_0010,,1,,Celeb-synthesis/id25_id28_0010.mp4,0
Celeb-DF-v2,test,external_evaluation,id26_0008,id26_0008,id26_0008,,0,,Celeb-real/id26_0008.mp4,1
Celeb-DF-v2,test,external_evaluation,id26_id16_0001,id26_id16_0001,id26_id16_0001,,1,,Celeb-synthesis/id26_id16_0001.mp4,0
Celeb-DF-v2,test,external_evaluation,id26_id1_0002,id26_id1_0002,id26_id1_0002,,1,,Celeb-synthesis/id26_id1_0002.mp4,0
Celeb-DF-v2,test,external_evaluation,id26_id28_0002,id26_id28_0002,id26_id28_0002,,1,,Celeb-synthesis/id26_id28_0002.mp4,0
Celeb-DF-v2,test,external_evaluation,id26_id2_0005,id26_id2_0005,id26_id2_0005,,1,,Celeb-synthesis/id26_id2_0005.mp4,0
Celeb-DF-v2,test,external_evaluation,id26_id3_0002,id26_id3_0002,id26_id3_0002,,1,,Celeb-synthesis/id26_id3_0002.mp4,0
Celeb-DF-v2,test,external_evaluation,id27_0008,id27_0008,id27_0008,,0,,Celeb-real/id27_0008.mp4,1
Celeb-DF-v2,test,external_evaluation,id27_0009,id27_0009,id27_0009,,0,,Celeb-real/id27_0009.mp4,1
Celeb-DF-v2,test,external_evaluation,id27_id19_0001,id27_id19_0001,id27_id19_0001,,1,,Celeb-synthesis/id27_id19_0001.mp4,0
Celeb-DF-v2,test,external_evaluation,id27_id21_0002,id27_id21_0002,id27_id21_0002,,1,,Celeb-synthesis/id27_id21_0002.mp4,0
Celeb-DF-v2,test,external_evaluation,id27_id21_0008,id27_id21_0008,id27_id21_0008,,1,,Celeb-synthesis/id27_id21_0008.mp4,0
Celeb-DF-v2,test,external_evaluation,id27_id22_0007,id27_id22_0007,id27_id22_0007,,1,,Celeb-synthesis/id27_id22_0007.mp4,0
Celeb-DF-v2,test,external_evaluation,id27_id23_0008,id27_id23_0008,id27_id23_0008,,1,,Celeb-synthesis/id27_id23_0008.mp4,0
Celeb-DF-v2,test,external_evaluation,id27_id24_0007,id27_id24_0007,id27_id24_0007,,1,,Celeb-synthesis/id27_id24_0007.mp4,0
Celeb-DF-v2,test,external_evaluation,id27_id25_0008,id27_id25_0008,id27_id25_0008,,1,,Celeb-synthesis/id27_id25_0008.mp4,0
Celeb-DF-v2,test,external_evaluation,id27_id26_0006,id27_id26_0006,id27_id26_0006,,1,,Celeb-synthesis/id27_id26_0006.mp4,0
Celeb-DF-v2,test,external_evaluation,id28_0004,id28_0004,id28_0004,,0,,Celeb-real/id28_0004.mp4,1
Celeb-DF-v2,test,external_evaluation,id28_0007,id28_0007,id28_0007,,0,,Celeb-real/id28_0007.mp4,1
Celeb-DF-v2,test,external_evaluation,id28_0009,id28_0009,id28_0009,,0,,Celeb-real/id28_0009.mp4,1
Celeb-DF-v2,test,external_evaluation,id28_id0_0009,id28_id0_0009,id28_id0_0009,,1,,Celeb-synthesis/id28_id0_0009.mp4,0
Celeb-DF-v2,test,external_evaluation,id28_id20_0006,id28_id20_0006,id28_id20_0006,,1,,Celeb-synthesis/id28_id20_0006.mp4,0
Celeb-DF-v2,test,external_evaluation,id28_id20_0008,id28_id20_0008,id28_id20_0008,,1,,Celeb-synthesis/id28_id20_0008.mp4,0
Celeb-DF-v2,test,external_evaluation,id28_id21_0006,id28_id21_0006,id28_id21_0006,,1,,Celeb-synthesis/id28_id21_0006.mp4,0
Celeb-DF-v2,test,external_evaluation,id28_id26_0000,id28_id26_0000,id28_id26_0000,,1,,Celeb-synthesis/id28_id26_0000.mp4,0
Celeb-DF-v2,test,external_evaluation,id28_id35_0008,id28_id35_0008,id28_id35_0008,,1,,Celeb-synthesis/id28_id35_0008.mp4,0
Celeb-DF-v2,test,external_evaluation,id28_id3_0001,id28_id3_0001,id28_id3_0001,,1,,Celeb-synthesis/id28_id3_0001.mp4,0
Celeb-DF-v2,test,external_evaluation,id28_id3_0004,id28_id3_0004,id28_id3_0004,,1,,Celeb-synthesis/id28_id3_0004.mp4,0
Celeb-DF-v2,test,external_evaluation,id28_id4_0000,id28_id4_0000,id28_id4_0000,,1,,Celeb-synthesis/id28_id4_0000.mp4,0
Celeb-DF-v2,test,external_evaluation,id28_id4_0006,id28_id4_0006,id28_id4_0006,,1,,Celeb-synthesis/id28_id4_0006.mp4,0
Celeb-DF-v2,test,external_evaluation,id28_id6_0006,id28_id6_0006,id28_id6_0006,,1,,Celeb-synthesis/id28_id6_0006.mp4,0
Celeb-DF-v2,test,external_evaluation,id28_id9_0000,id28_id9_0000,id28_id9_0000,,1,,Celeb-synthesis/id28_id9_0000.mp4,0
Celeb-DF-v2,test,external_evaluation,id29_0008,id29_0008,id29_0008,,0,,Celeb-real/id29_0008.mp4,1
Celeb-DF-v2,test,external_evaluation,id29_0009,id29_0009,id29_0009,,0,,Celeb-real/id29_0009.mp4,1
Celeb-DF-v2,test,external_evaluation,id29_id30_0000,id29_id30_0000,id29_id30_0000,,1,,Celeb-synthesis/id29_id30_0000.mp4,0
Celeb-DF-v2,test,external_evaluation,id29_id30_0009,id29_id30_0009,id29_id30_0009,,1,,Celeb-synthesis/id29_id30_0009.mp4,0
Celeb-DF-v2,test,external_evaluation,id29_id32_0000,id29_id32_0000,id29_id32_0000,,1,,Celeb-synthesis/id29_id32_0000.mp4,0
Celeb-DF-v2,test,external_evaluation,id29_id32_0003,id29_id32_0003,id29_id32_0003,,1,,Celeb-synthesis/id29_id32_0003.mp4,0
Celeb-DF-v2,test,external_evaluation,id29_id35_0000,id29_id35_0000,id29_id35_0000,,1,,Celeb-synthesis/id29_id35_0000.mp4,0
Celeb-DF-v2,test,external_evaluation,id29_id37_0005,id29_id37_0005,id29_id37_0005,,1,,Celeb-synthesis/id29_id37_0005.mp4,0
Celeb-DF-v2,test,external_evaluation,id29_id37_0008,id29_id37_0008,id29_id37_0008,,1,,Celeb-synthesis/id29_id37_0008.mp4,0
Celeb-DF-v2,test,external_evaluation,id29_id37_0009,id29_id37_0009,id29_id37_0009,,1,,Celeb-synthesis/id29_id37_0009.mp4,0
Celeb-DF-v2,test,external_evaluation,id29_id38_0008,id29_id38_0008,id29_id38_0008,,1,,Celeb-synthesis/id29_id38_0008.mp4,0
Celeb-DF-v2,test,external_evaluation,id2_0001,id2_0001,id2_0001,,0,,Celeb-real/id2_0001.mp4,1
Celeb-DF-v2,test,external_evaluation,id2_0002,id2_0002,id2_0002,,0,,Celeb-real/id2_0002.mp4,1
Celeb-DF-v2,test,external_evaluation,id2_0003,id2_0003,id2_0003,,0,,Celeb-real/id2_0003.mp4,1
Celeb-DF-v2,test,external_evaluation,id2_0004,id2_0004,id2_0004,,0,,Celeb-real/id2_0004.mp4,1
Celeb-DF-v2,test,external_evaluation,id2_0008,id2_0008,id2_0008,,0,,Celeb-real/id2_0008.mp4,1
Celeb-DF-v2,test,external_evaluation,id2_id0_0002,id2_id0_0002,id2_id0_0002,,1,,Celeb-synthesis/id2_id0_0002.mp4,0
Celeb-DF-v2,test,external_evaluation,id2_id0_0008,id2_id0_0008,id2_id0_0008,,1,,Celeb-synthesis/id2_id0_0008.mp4,0
Celeb-DF-v2,test,external_evaluation,id2_id16_0004,id2_id16_0004,id2_id16_0004,,1,,Celeb-synthesis/id2_id16_0004.mp4,0
Celeb-DF-v2,test,external_evaluation,id2_id1_0004,id2_id1_0004,id2_id1_0004,,1,,Celeb-synthesis/id2_id1_0004.mp4,0
Celeb-DF-v2,test,external_evaluation,id2_id26_0001,id2_id26_0001,id2_id26_0001,,1,,Celeb-synthesis/id2_id26_0001.mp4,0
Celeb-DF-v2,test,external_evaluation,id2_id28_0003,id2_id28_0003,id2_id28_0003,,1,,Celeb-synthesis/id2_id28_0003.mp4,0
Celeb-DF-v2,test,external_evaluation,id2_id3_0008,id2_id3_0008,id2_id3_0008,,1,,Celeb-synthesis/id2_id3_0008.mp4,0
Celeb-DF-v2,test,external_evaluation,id2_id6_0002,id2_id6_0002,id2_id6_0002,,1,,Celeb-synthesis/id2_id6_0002.mp4,0
Celeb-DF-v2,test,external_evaluation,id2_id9_0008,id2_id9_0008,id2_id9_0008,,1,,Celeb-synthesis/id2_id9_0008.mp4,0
Celeb-DF-v2,test,external_evaluation,id30_0007,id30_0007,id30_0007,,0,,Celeb-real/id30_0007.mp4,1
Celeb-DF-v2,test,external_evaluation,id30_id20_0004,id30_id20_0004,id30_id20_0004,,1,,Celeb-synthesis/id30_id20_0004.mp4,0
Celeb-DF-v2,test,external_evaluation,id30_id21_0002,id30_id21_0002,id30_id21_0002,,1,,Celeb-synthesis/id30_id21_0002.mp4,0
Celeb-DF-v2,test,external_evaluation,id30_id21_0005,id30_id21_0005,id30_id21_0005,,1,,Celeb-synthesis/id30_id21_0005.mp4,0
Celeb-DF-v2,test,external_evaluation,id30_id23_0002,id30_id23_0002,id30_id23_0002,,1,,Celeb-synthesis/id30_id23_0002.mp4,0
Celeb-DF-v2,test,external_evaluation,id30_id23_0007,id30_id23_0007,id30_id23_0007,,1,,Celeb-synthesis/id30_id23_0007.mp4,0
Celeb-DF-v2,test,external_evaluation,id30_id26_0004,id30_id26_0004,id30_id26_0004,,1,,Celeb-synthesis/id30_id26_0004.mp4,0
Celeb-DF-v2,test,external_evaluation,id30_id26_0006,id30_id26_0006,id30_id26_0006,,1,,Celeb-synthesis/id30_id26_0006.mp4,0
Celeb-DF-v2,test,external_evaluation,id30_id28_0000,id30_id28_0000,id30_id28_0000,,1,,Celeb-synthesis/id30_id28_0000.mp4,0
Celeb-DF-v2,test,external_evaluation,id30_id28_0004,id30_id28_0004,id30_id28_0004,,1,,Celeb-synthesis/id30_id28_0004.mp4,0
Celeb-DF-v2,test,external_evaluation,id30_id28_0006,id30_id28_0006,id30_id28_0006,,1,,Celeb-synthesis/id30_id28_0006.mp4,0
Celeb-DF-v2,test,external_evaluation,id30_id32_0006,id30_id32_0006,id30_id32_0006,,1,,Celeb-synthesis/id30_id32_0006.mp4,0
Celeb-DF-v2,test,external_evaluation,id30_id34_0003,id30_id34_0003,id30_id34_0003,,1,,Celeb-synthesis/id30_id34_0003.mp4,0
Celeb-DF-v2,test,external_evaluation,id30_id35_0009,id30_id35_0009,id30_id35_0009,,1,,Celeb-synthesis/id30_id35_0009.mp4,0
Celeb-DF-v2,test,external_evaluation,id30_id3_0002,id30_id3_0002,id30_id3_0002,,1,,Celeb-synthesis/id30_id3_0002.mp4,0
Celeb-DF-v2,test,external_evaluation,id30_id3_0006,id30_id3_0006,id30_id3_0006,,1,,Celeb-synthesis/id30_id3_0006.mp4,0
Celeb-DF-v2,test,external_evaluation,id30_id4_0001,id30_id4_0001,id30_id4_0001,,1,,Celeb-synthesis/id30_id4_0001.mp4,0
Celeb-DF-v2,test,external_evaluation,id30_id6_0007,id30_id6_0007,id30_id6_0007,,1,,Celeb-synthesis/id30_id6_0007.mp4,0
Celeb-DF-v2,test,external_evaluation,id31_0003,id31_0003,id31_0003,,0,,Celeb-real/id31_0003.mp4,1
Celeb-DF-v2,test,external_evaluation,id31_0004,id31_0004,id31_0004,,0,,Celeb-real/id31_0004.mp4,1
Celeb-DF-v2,test,external_evaluation,id31_0007,id31_0007,id31_0007,,0,,Celeb-real/id31_0007.mp4,1
Celeb-DF-v2,test,external_evaluation,id31_id16_0002,id31_id16_0002,id31_id16_0002,,1,,Celeb-synthesis/id31_id16_0002.mp4,0
Celeb-DF-v2,test,external_evaluation,id31_id2_0004,id31_id2_0004,id31_id2_0004,,1,,Celeb-synthesis/id31_id2_0004.mp4,0
Celeb-DF-v2,test,external_evaluation,id31_id30_0009,id31_id30_0009,id31_id30_0009,,1,,Celeb-synthesis/id31_id30_0009.mp4,0
Celeb-DF-v2,test,external_evaluation,id31_id33_0008,id31_id33_0008,id31_id33_0008,,1,,Celeb-synthesis/id31_id33_0008.mp4,0
Celeb-DF-v2,test,external_evaluation,id31_id33_0009,id31_id33_0009,id31_id33_0009,,1,,Celeb-synthesis/id31_id33_0009.mp4,0
Celeb-DF-v2,test,external_evaluation,id32_0002,id32_0002,id32_0002,,0,,Celeb-real/id32_0002.mp4,1
Celeb-DF-v2,test,external_evaluation,id32_0003,id32_0003,id32_0003,,0,,Celeb-real/id32_0003.mp4,1
Celeb-DF-v2,test,external_evaluation,id32_0006,id32_0006,id32_0006,,0,,Celeb-real/id32_0006.mp4,1
Celeb-DF-v2,test,external_evaluation,id32_0008,id32_0008,id32_0008,,0,,Celeb-real/id32_0008.mp4,1
Celeb-DF-v2,test,external_evaluation,id32_id31_0006,id32_id31_0006,id32_id31_0006,,1,,Celeb-synthesis/id32_id31_0006.mp4,0
Celeb-DF-v2,test,external_evaluation,id32_id31_0008,id32_id31_0008,id32_id31_0008,,1,,Celeb-synthesis/id32_id31_0008.mp4,0
Celeb-DF-v2,test,external_evaluation,id32_id33_0002,id32_id33_0002,id32_id33_0002,,1,,Celeb-synthesis/id32_id33_0002.mp4,0
Celeb-DF-v2,test,external_evaluation,id32_id33_0004,id32_id33_0004,id32_id33_0004,,1,,Celeb-synthesis/id32_id33_0004.mp4,0
Celeb-DF-v2,test,external_evaluation,id33_0002,id33_0002,id33_0002,,0,,Celeb-real/id33_0002.mp4,1
Celeb-DF-v2,test,external_evaluation,id33_0005,id33_0005,id33_0005,,0,,Celeb-real/id33_0005.mp4,1
Celeb-DF-v2,test,external_evaluation,id33_0008,id33_0008,id33_0008,,0,,Celeb-real/id33_0008.mp4,1
Celeb-DF-v2,test,external_evaluation,id33_id29_0004,id33_id29_0004,id33_id29_0004,,1,,Celeb-synthesis/id33_id29_0004.mp4,0
Celeb-DF-v2,test,external_evaluation,id33_id32_0006,id33_id32_0006,id33_id32_0006,,1,,Celeb-synthesis/id33_id32_0006.mp4,0
Celeb-DF-v2,test,external_evaluation,id33_id38_0001,id33_id38_0001,id33_id38_0001,,1,,Celeb-synthesis/id33_id38_0001.mp4,0
Celeb-DF-v2,test,external_evaluation,id34_0006,id34_0006,id34_0006,,0,,Celeb-real/id34_0006.mp4,1
Celeb-DF-v2,test,external_evaluation,id34_id29_0008,id34_id29_0008,id34_id29_0008,,1,,Celeb-synthesis/id34_id29_0008.mp4,0
Celeb-DF-v2,test,external_evaluation,id34_id32_0007,id34_id32_0007,id34_id32_0007,,1,,Celeb-synthesis/id34_id32_0007.mp4,0
Celeb-DF-v2,test,external_evaluation,id34_id33_0002,id34_id33_0002,id34_id33_0002,,1,,Celeb-synthesis/id34_id33_0002.mp4,0
Celeb-DF-v2,test,external_evaluation,id34_id33_0005,id34_id33_0005,id34_id33_0005,,1,,Celeb-synthesis/id34_id33_0005.mp4,0
Celeb-DF-v2,test,external_evaluation,id35_0000,id35_0000,id35_0000,,0,,Celeb-real/id35_0000.mp4,1
Celeb-DF-v2,test,external_evaluation,id35_0003,id35_0003,id35_0003,,0,,Celeb-real/id35_0003.mp4,1
Celeb-DF-v2,test,external_evaluation,id35_0008,id35_0008,id35_0008,,0,,Celeb-real/id35_0008.mp4,1
Celeb-DF-v2,test,external_evaluation,id35_id16_0004,id35_id16_0004,id35_id16_0004,,1,,Celeb-synthesis/id35_id16_0004.mp4,0
Celeb-DF-v2,test,external_evaluation,id35_id16_0007,id35_id16_0007,id35_id16_0007,,1,,Celeb-synthesis/id35_id16_0007.mp4,0
Celeb-DF-v2,test,external_evaluation,id35_id20_0007,id35_id20_0007,id35_id20_0007,,1,,Celeb-synthesis/id35_id20_0007.mp4,0
Celeb-DF-v2,test,external_evaluation,id35_id23_0007,id35_id23_0007,id35_id23_0007,,1,,Celeb-synthesis/id35_id23_0007.mp4,0
Celeb-DF-v2,test,external_evaluation,id35_id26_0003,id35_id26_0003,id35_id26_0003,,1,,Celeb-synthesis/id35_id26_0003.mp4,0
Celeb-DF-v2,test,external_evaluation,id35_id28_0006,id35_id28_0006,id35_id28_0006,,1,,Celeb-synthesis/id35_id28_0006.mp4,0
Celeb-DF-v2,test,external_evaluation,id35_id30_0006,id35_id30_0006,id35_id30_0006,,1,,Celeb-synthesis/id35_id30_0006.mp4,0
Celeb-DF-v2,test,external_evaluation,id35_id31_0006,id35_id31_0006,id35_id31_0006,,1,,Celeb-synthesis/id35_id31_0006.mp4,0
Celeb-DF-v2,test,external_evaluation,id35_id31_0007,id35_id31_0007,id35_id31_0007,,1,,Celeb-synthesis/id35_id31_0007.mp4,0
Celeb-DF-v2,test,external_evaluation,id35_id31_0009,id35_id31_0009,id35_id31_0009,,1,,Celeb-synthesis/id35_id31_0009.mp4,0
Celeb-DF-v2,test,external_evaluation,id35_id32_0007,id35_id32_0007,id35_id32_0007,,1,,Celeb-synthesis/id35_id32_0007.mp4,0
Celeb-DF-v2,test,external_evaluation,id35_id34_0002,id35_id34_0002,id35_id34_0002,,1,,Celeb-synthesis/id35_id34_0002.mp4,0
Celeb-DF-v2,test,external_evaluation,id36_0000,id36_0000,id36_0000,,0,,Celeb-real/id36_0000.mp4,1
Celeb-DF-v2,test,external_evaluation,id36_0001,id36_0001,id36_0001,,0,,Celeb-real/id36_0001.mp4,1
Celeb-DF-v2,test,external_evaluation,id36_0002,id36_0002,id36_0002,,0,,Celeb-real/id36_0002.mp4,1
Celeb-DF-v2,test,external_evaluation,id36_0006,id36_0006,id36_0006,,0,,Celeb-real/id36_0006.mp4,1
Celeb-DF-v2,test,external_evaluation,id36_0008,id36_0008,id36_0008,,0,,Celeb-real/id36_0008.mp4,1
Celeb-DF-v2,test,external_evaluation,id37_0004,id37_0004,id37_0004,,0,,Celeb-real/id37_0004.mp4,1
Celeb-DF-v2,test,external_evaluation,id37_0005,id37_0005,id37_0005,,0,,Celeb-real/id37_0005.mp4,1
Celeb-DF-v2,test,external_evaluation,id37_0009,id37_0009,id37_0009,,0,,Celeb-real/id37_0009.mp4,1
Celeb-DF-v2,test,external_evaluation,id37_id1_0002,id37_id1_0002,id37_id1_0002,,1,,Celeb-synthesis/id37_id1_0002.mp4,0
Celeb-DF-v2,test,external_evaluation,id37_id21_0000,id37_id21_0000,id37_id21_0000,,1,,Celeb-synthesis/id37_id21_0000.mp4,0
Celeb-DF-v2,test,external_evaluation,id37_id21_0005,id37_id21_0005,id37_id21_0005,,1,,Celeb-synthesis/id37_id21_0005.mp4,0
Celeb-DF-v2,test,external_evaluation,id37_id28_0007,id37_id28_0007,id37_id28_0007,,1,,Celeb-synthesis/id37_id28_0007.mp4,0
Celeb-DF-v2,test,external_evaluation,id37_id28_0008,id37_id28_0008,id37_id28_0008,,1,,Celeb-synthesis/id37_id28_0008.mp4,0
Celeb-DF-v2,test,external_evaluation,id37_id29_0002,id37_id29_0002,id37_id29_0002,,1,,Celeb-synthesis/id37_id29_0002.mp4,0
Celeb-DF-v2,test,external_evaluation,id37_id2_0009,id37_id2_0009,id37_id2_0009,,1,,Celeb-synthesis/id37_id2_0009.mp4,0
Celeb-DF-v2,test,external_evaluation,id37_id31_0008,id37_id31_0008,id37_id31_0008,,1,,Celeb-synthesis/id37_id31_0008.mp4,0
Celeb-DF-v2,test,external_evaluation,id37_id34_0008,id37_id34_0008,id37_id34_0008,,1,,Celeb-synthesis/id37_id34_0008.mp4,0
Celeb-DF-v2,test,external_evaluation,id37_id35_0001,id37_id35_0001,id37_id35_0001,,1,,Celeb-synthesis/id37_id35_0001.mp4,0
Celeb-DF-v2,test,external_evaluation,id37_id35_0005,id37_id35_0005,id37_id35_0005,,1,,Celeb-synthesis/id37_id35_0005.mp4,0
Celeb-DF-v2,test,external_evaluation,id37_id38_0009,id37_id38_0009,id37_id38_0009,,1,,Celeb-synthesis/id37_id38_0009.mp4,0
Celeb-DF-v2,test,external_evaluation,id37_id3_0004,id37_id3_0004,id37_id3_0004,,1,,Celeb-synthesis/id37_id3_0004.mp4,0
Celeb-DF-v2,test,external_evaluation,id37_id3_0006,id37_id3_0006,id37_id3_0006,,1,,Celeb-synthesis/id37_id3_0006.mp4,0
Celeb-DF-v2,test,external_evaluation,id37_id4_0000,id37_id4_0000,id37_id4_0000,,1,,Celeb-synthesis/id37_id4_0000.mp4,0
Celeb-DF-v2,test,external_evaluation,id38_id30_0006,id38_id30_0006,id38_id30_0006,,1,,Celeb-synthesis/id38_id30_0006.mp4,0
Celeb-DF-v2,test,external_evaluation,id38_id33_0005,id38_id33_0005,id38_id33_0005,,1,,Celeb-synthesis/id38_id33_0005.mp4,0
Celeb-DF-v2,test,external_evaluation,id38_id34_0003,id38_id34_0003,id38_id34_0003,,1,,Celeb-synthesis/id38_id34_0003.mp4,0
Celeb-DF-v2,test,external_evaluation,id38_id34_0004,id38_id34_0004,id38_id34_0004,,1,,Celeb-synthesis/id38_id34_0004.mp4,0
Celeb-DF-v2,test,external_evaluation,id39_0004,id39_0004,id39_0004,,0,,Celeb-real/id39_0004.mp4,1
Celeb-DF-v2,test,external_evaluation,id39_0005,id39_0005,id39_0005,,0,,Celeb-real/id39_0005.mp4,1
Celeb-DF-v2,test,external_evaluation,id39_id44_0000,id39_id44_0000,id39_id44_0000,,1,,Celeb-synthesis/id39_id44_0000.mp4,0
Celeb-DF-v2,test,external_evaluation,id39_id44_0008,id39_id44_0008,id39_id44_0008,,1,,Celeb-synthesis/id39_id44_0008.mp4,0
Celeb-DF-v2,test,external_evaluation,id39_id47_0004,id39_id47_0004,id39_id47_0004,,1,,Celeb-synthesis/id39_id47_0004.mp4,0
Celeb-DF-v2,test,external_evaluation,id3_0001,id3_0001,id3_0001,,0,,Celeb-real/id3_0001.mp4,1
Celeb-DF-v2,test,external_evaluation,id3_0002,id3_0002,id3_0002,,0,,Celeb-real/id3_0002.mp4,1
Celeb-DF-v2,test,external_evaluation,id3_0008,id3_0008,id3_0008,,0,,Celeb-real/id3_0008.mp4,1
Celeb-DF-v2,test,external_evaluation,id3_id16_0001,id3_id16_0001,id3_id16_0001,,1,,Celeb-synthesis/id3_id16_0001.mp4,0
Celeb-DF-v2,test,external_evaluation,id3_id1_0001,id3_id1_0001,id3_id1_0001,,1,,Celeb-synthesis/id3_id1_0001.mp4,0
Celeb-DF-v2,test,external_evaluation,id3_id20_0008,id3_id20_0008,id3_id20_0008,,1,,Celeb-synthesis/id3_id20_0008.mp4,0
Celeb-DF-v2,test,external_evaluation,id3_id28_0001,id3_id28_0001,id3_id28_0001,,1,,Celeb-synthesis/id3_id28_0001.mp4,0
Celeb-DF-v2,test,external_evaluation,id3_id28_0002,id3_id28_0002,id3_id28_0002,,1,,Celeb-synthesis/id3_id28_0002.mp4,0
Celeb-DF-v2,test,external_evaluation,id3_id28_0009,id3_id28_0009,id3_id28_0009,,1,,Celeb-synthesis/id3_id28_0009.mp4,0
Celeb-DF-v2,test,external_evaluation,id3_id2_0001,id3_id2_0001,id3_id2_0001,,1,,Celeb-synthesis/id3_id2_0001.mp4,0
Celeb-DF-v2,test,external_evaluation,id3_id4_0001,id3_id4_0001,id3_id4_0001,,1,,Celeb-synthesis/id3_id4_0001.mp4,0
Celeb-DF-v2,test,external_evaluation,id3_id6_0001,id3_id6_0001,id3_id6_0001,,1,,Celeb-synthesis/id3_id6_0001.mp4,0
Celeb-DF-v2,test,external_evaluation,id3_id9_0001,id3_id9_0001,id3_id9_0001,,1,,Celeb-synthesis/id3_id9_0001.mp4,0
Celeb-DF-v2,test,external_evaluation,id3_id9_0003,id3_id9_0003,id3_id9_0003,,1,,Celeb-synthesis/id3_id9_0003.mp4,0
Celeb-DF-v2,test,external_evaluation,id40_0003,id40_0003,id40_0003,,0,,Celeb-real/id40_0003.mp4,1
Celeb-DF-v2,test,external_evaluation,id40_0009,id40_0009,id40_0009,,0,,Celeb-real/id40_0009.mp4,1
Celeb-DF-v2,test,external_evaluation,id42_0002,id42_0002,id42_0002,,0,,Celeb-real/id42_0002.mp4,1
Celeb-DF-v2,test,external_evaluation,id42_id40_0001,id42_id40_0001,id42_id40_0001,,1,,Celeb-synthesis/id42_id40_0001.mp4,0
Celeb-DF-v2,test,external_evaluation,id43_0001,id43_0001,id43_0001,,0,,Celeb-real/id43_0001.mp4,1
Celeb-DF-v2,test,external_evaluation,id43_0002,id43_0002,id43_0002,,0,,Celeb-real/id43_0002.mp4,1
Celeb-DF-v2,test,external_evaluation,id43_0006,id43_0006,id43_0006,,0,,Celeb-real/id43_0006.mp4,1
Celeb-DF-v2,test,external_evaluation,id43_id39_0000,id43_id39_0000,id43_id39_0000,,1,,Celeb-synthesis/id43_id39_0000.mp4,0
Celeb-DF-v2,test,external_evaluation,id43_id40_0005,id43_id40_0005,id43_id40_0005,,1,,Celeb-synthesis/id43_id40_0005.mp4,0
Celeb-DF-v2,test,external_evaluation,id44_0001,id44_0001,id44_0001,,0,,Celeb-real/id44_0001.mp4,1
Celeb-DF-v2,test,external_evaluation,id44_0003,id44_0003,id44_0003,,0,,Celeb-real/id44_0003.mp4,1
Celeb-DF-v2,test,external_evaluation,id44_id41_0005,id44_id41_0005,id44_id41_0005,,1,,Celeb-synthesis/id44_id41_0005.mp4,0
Celeb-DF-v2,test,external_evaluation,id44_id42_0001,id44_id42_0001,id44_id42_0001,,1,,Celeb-synthesis/id44_id42_0001.mp4,0
Celeb-DF-v2,test,external_evaluation,id44_id45_0000,id44_id45_0000,id44_id45_0000,,1,,Celeb-synthesis/id44_id45_0000.mp4,0
Celeb-DF-v2,test,external_evaluation,id45_0003,id45_0003,id45_0003,,0,,Celeb-real/id45_0003.mp4,1
Celeb-DF-v2,test,external_evaluation,id45_id39_0008,id45_id39_0008,id45_id39_0008,,1,,Celeb-synthesis/id45_id39_0008.mp4,0
Celeb-DF-v2,test,external_evaluation,id45_id47_0002,id45_id47_0002,id45_id47_0002,,1,,Celeb-synthesis/id45_id47_0002.mp4,0
Celeb-DF-v2,test,external_evaluation,id46_0000,id46_0000,id46_0000,,0,,Celeb-real/id46_0000.mp4,1
Celeb-DF-v2,test,external_evaluation,id46_id39_0000,id46_id39_0000,id46_id39_0000,,1,,Celeb-synthesis/id46_id39_0000.mp4,0
Celeb-DF-v2,test,external_evaluation,id46_id41_0000,id46_id41_0000,id46_id41_0000,,1,,Celeb-synthesis/id46_id41_0000.mp4,0
Celeb-DF-v2,test,external_evaluation,id46_id45_0001,id46_id45_0001,id46_id45_0001,,1,,Celeb-synthesis/id46_id45_0001.mp4,0
Celeb-DF-v2,test,external_evaluation,id47_id43_0007,id47_id43_0007,id47_id43_0007,,1,,Celeb-synthesis/id47_id43_0007.mp4,0
Celeb-DF-v2,test,external_evaluation,id48_0000,id48_0000,id48_0000,,0,,Celeb-real/id48_0000.mp4,1
Celeb-DF-v2,test,external_evaluation,id48_0003,id48_0003,id48_0003,,0,,Celeb-real/id48_0003.mp4,1
Celeb-DF-v2,test,external_evaluation,id48_id41_0001,id48_id41_0001,id48_id41_0001,,1,,Celeb-synthesis/id48_id41_0001.mp4,0
Celeb-DF-v2,test,external_evaluation,id48_id45_0002,id48_id45_0002,id48_id45_0002,,1,,Celeb-synthesis/id48_id45_0002.mp4,0
Celeb-DF-v2,test,external_evaluation,id48_id47_0008,id48_id47_0008,id48_id47_0008,,1,,Celeb-synthesis/id48_id47_0008.mp4,0
Celeb-DF-v2,test,external_evaluation,id49_0004,id49_0004,id49_0004,,0,,Celeb-real/id49_0004.mp4,1
Celeb-DF-v2,test,external_evaluation,id49_id52_0005,id49_id52_0005,id49_id52_0005,,1,,Celeb-synthesis/id49_id52_0005.mp4,0
Celeb-DF-v2,test,external_evaluation,id49_id52_0007,id49_id52_0007,id49_id52_0007,,1,,Celeb-synthesis/id49_id52_0007.mp4,0
Celeb-DF-v2,test,external_evaluation,id4_0004,id4_0004,id4_0004,,0,,Celeb-real/id4_0004.mp4,1
Celeb-DF-v2,test,external_evaluation,id4_id0_0000,id4_id0_0000,id4_id0_0000,,1,,Celeb-synthesis/id4_id0_0000.mp4,0
Celeb-DF-v2,test,external_evaluation,id4_id0_0001,id4_id0_0001,id4_id0_0001,,1,,Celeb-synthesis/id4_id0_0001.mp4,0
Celeb-DF-v2,test,external_evaluation,id4_id0_0004,id4_id0_0004,id4_id0_0004,,1,,Celeb-synthesis/id4_id0_0004.mp4,0
Celeb-DF-v2,test,external_evaluation,id4_id1_0002,id4_id1_0002,id4_id1_0002,,1,,Celeb-synthesis/id4_id1_0002.mp4,0
Celeb-DF-v2,test,external_evaluation,id4_id1_0003,id4_id1_0003,id4_id1_0003,,1,,Celeb-synthesis/id4_id1_0003.mp4,0
Celeb-DF-v2,test,external_evaluation,id4_id20_0000,id4_id20_0000,id4_id20_0000,,1,,Celeb-synthesis/id4_id20_0000.mp4,0
Celeb-DF-v2,test,external_evaluation,id4_id20_0001,id4_id20_0001,id4_id20_0001,,1,,Celeb-synthesis/id4_id20_0001.mp4,0
Celeb-DF-v2,test,external_evaluation,id4_id20_0008,id4_id20_0008,id4_id20_0008,,1,,Celeb-synthesis/id4_id20_0008.mp4,0
Celeb-DF-v2,test,external_evaluation,id4_id21_0004,id4_id21_0004,id4_id21_0004,,1,,Celeb-synthesis/id4_id21_0004.mp4,0
Celeb-DF-v2,test,external_evaluation,id4_id21_0009,id4_id21_0009,id4_id21_0009,,1,,Celeb-synthesis/id4_id21_0009.mp4,0
Celeb-DF-v2,test,external_evaluation,id4_id23_0006,id4_id23_0006,id4_id23_0006,,1,,Celeb-synthesis/id4_id23_0006.mp4,0
Celeb-DF-v2,test,external_evaluation,id4_id26_0007,id4_id26_0007,id4_id26_0007,,1,,Celeb-synthesis/id4_id26_0007.mp4,0
Celeb-DF-v2,test,external_evaluation,id4_id28_0006,id4_id28_0006,id4_id28_0006,,1,,Celeb-synthesis/id4_id28_0006.mp4,0
Celeb-DF-v2,test,external_evaluation,id4_id2_0003,id4_id2_0003,id4_id2_0003,,1,,Celeb-synthesis/id4_id2_0003.mp4,0
Celeb-DF-v2,test,external_evaluation,id4_id30_0000,id4_id30_0000,id4_id30_0000,,1,,Celeb-synthesis/id4_id30_0000.mp4,0
Celeb-DF-v2,test,external_evaluation,id4_id37_0006,id4_id37_0006,id4_id37_0006,,1,,Celeb-synthesis/id4_id37_0006.mp4,0
Celeb-DF-v2,test,external_evaluation,id4_id6_0002,id4_id6_0002,id4_id6_0002,,1,,Celeb-synthesis/id4_id6_0002.mp4,0
Celeb-DF-v2,test,external_evaluation,id4_id6_0008,id4_id6_0008,id4_id6_0008,,1,,Celeb-synthesis/id4_id6_0008.mp4,0
Celeb-DF-v2,test,external_evaluation,id50_0000,id50_0000,id50_0000,,0,,Celeb-real/id50_0000.mp4,1
Celeb-DF-v2,test,external_evaluation,id50_0003,id50_0003,id50_0003,,0,,Celeb-real/id50_0003.mp4,1
Celeb-DF-v2,test,external_evaluation,id50_0006,id50_0006,id50_0006,,0,,Celeb-real/id50_0006.mp4,1
Celeb-DF-v2,test,external_evaluation,id50_id49_0001,id50_id49_0001,id50_id49_0001,,1,,Celeb-synthesis/id50_id49_0001.mp4,0
Celeb-DF-v2,test,external_evaluation,id50_id53_0000,id50_id53_0000,id50_id53_0000,,1,,Celeb-synthesis/id50_id53_0000.mp4,0
Celeb-DF-v2,test,external_evaluation,id50_id56_0005,id50_id56_0005,id50_id56_0005,,1,,Celeb-synthesis/id50_id56_0005.mp4,0
Celeb-DF-v2,test,external_evaluation,id51_0001,id51_0001,id51_0001,,0,,Celeb-real/id51_0001.mp4,1
Celeb-DF-v2,test,external_evaluation,id51_0005,id51_0005,id51_0005,,0,,Celeb-real/id51_0005.mp4,1
Celeb-DF-v2,test,external_evaluation,id51_0006,id51_0006,id51_0006,,0,,Celeb-real/id51_0006.mp4,1
Celeb-DF-v2,test,external_evaluation,id51_id50_0008,id51_id50_0008,id51_id50_0008,,1,,Celeb-synthesis/id51_id50_0008.mp4,0
Celeb-DF-v2,test,external_evaluation,id51_id57_0004,id51_id57_0004,id51_id57_0004,,1,,Celeb-synthesis/id51_id57_0004.mp4,0
Celeb-DF-v2,test,external_evaluation,id52_0001,id52_0001,id52_0001,,0,,Celeb-real/id52_0001.mp4,1
Celeb-DF-v2,test,external_evaluation,id52_0002,id52_0002,id52_0002,,0,,Celeb-real/id52_0002.mp4,1
Celeb-DF-v2,test,external_evaluation,id52_id50_0007,id52_id50_0007,id52_id50_0007,,1,,Celeb-synthesis/id52_id50_0007.mp4,0
Celeb-DF-v2,test,external_evaluation,id52_id58_0005,id52_id58_0005,id52_id58_0005,,1,,Celeb-synthesis/id52_id58_0005.mp4,0
Celeb-DF-v2,test,external_evaluation,id53_0000,id53_0000,id53_0000,,0,,Celeb-real/id53_0000.mp4,1
Celeb-DF-v2,test,external_evaluation,id53_0003,id53_0003,id53_0003,,0,,Celeb-real/id53_0003.mp4,1
Celeb-DF-v2,test,external_evaluation,id53_0007,id53_0007,id53_0007,,0,,Celeb-real/id53_0007.mp4,1
Celeb-DF-v2,test,external_evaluation,id53_id52_0003,id53_id52_0003,id53_id52_0003,,1,,Celeb-synthesis/id53_id52_0003.mp4,0
Celeb-DF-v2,test,external_evaluation,id53_id57_0005,id53_id57_0005,id53_id57_0005,,1,,Celeb-synthesis/id53_id57_0005.mp4,0
Celeb-DF-v2,test,external_evaluation,id53_id58_0005,id53_id58_0005,id53_id58_0005,,1,,Celeb-synthesis/id53_id58_0005.mp4,0
Celeb-DF-v2,test,external_evaluation,id54_0007,id54_0007,id54_0007,,0,,Celeb-real/id54_0007.mp4,1
Celeb-DF-v2,test,external_evaluation,id54_id49_0003,id54_id49_0003,id54_id49_0003,,1,,Celeb-synthesis/id54_id49_0003.mp4,0
Celeb-DF-v2,test,external_evaluation,id54_id56_0000,id54_id56_0000,id54_id56_0000,,1,,Celeb-synthesis/id54_id56_0000.mp4,0
Celeb-DF-v2,test,external_evaluation,id54_id56_0006,id54_id56_0006,id54_id56_0006,,1,,Celeb-synthesis/id54_id56_0006.mp4,0
Celeb-DF-v2,test,external_evaluation,id54_id58_0006,id54_id58_0006,id54_id58_0006,,1,,Celeb-synthesis/id54_id58_0006.mp4,0
Celeb-DF-v2,test,external_evaluation,id55_id57_0002,id55_id57_0002,id55_id57_0002,,1,,Celeb-synthesis/id55_id57_0002.mp4,0
Celeb-DF-v2,test,external_evaluation,id56_0000,id56_0000,id56_0000,,0,,Celeb-real/id56_0000.mp4,1
Celeb-DF-v2,test,external_evaluation,id56_0002,id56_0002,id56_0002,,0,,Celeb-real/id56_0002.mp4,1
Celeb-DF-v2,test,external_evaluation,id56_0009,id56_0009,id56_0009,,0,,Celeb-real/id56_0009.mp4,1
Celeb-DF-v2,test,external_evaluation,id56_id51_0000,id56_id51_0000,id56_id51_0000,,1,,Celeb-synthesis/id56_id51_0000.mp4,0
Celeb-DF-v2,test,external_evaluation,id56_id54_0007,id56_id54_0007,id56_id54_0007,,1,,Celeb-synthesis/id56_id54_0007.mp4,0
Celeb-DF-v2,test,external_evaluation,id56_id55_0009,id56_id55_0009,id56_id55_0009,,1,,Celeb-synthesis/id56_id55_0009.mp4,0
Celeb-DF-v2,test,external_evaluation,id56_id57_0007,id56_id57_0007,id56_id57_0007,,1,,Celeb-synthesis/id56_id57_0007.mp4,0
Celeb-DF-v2,test,external_evaluation,id57_0003,id57_0003,id57_0003,,0,,Celeb-real/id57_0003.mp4,1
Celeb-DF-v2,test,external_evaluation,id57_0007,id57_0007,id57_0007,,0,,Celeb-real/id57_0007.mp4,1
Celeb-DF-v2,test,external_evaluation,id57_id51_0000,id57_id51_0000,id57_id51_0000,,1,,Celeb-synthesis/id57_id51_0000.mp4,0
Celeb-DF-v2,test,external_evaluation,id57_id53_0006,id57_id53_0006,id57_id53_0006,,1,,Celeb-synthesis/id57_id53_0006.mp4,0
Celeb-DF-v2,test,external_evaluation,id58_0002,id58_0002,id58_0002,,0,,Celeb-real/id58_0002.mp4,1
Celeb-DF-v2,test,external_evaluation,id58_id57_0008,id58_id57_0008,id58_id57_0008,,1,,Celeb-synthesis/id58_id57_0008.mp4,0
Celeb-DF-v2,test,external_evaluation,id6_0002,id6_0002,id6_0002,,0,,Celeb-real/id6_0002.mp4,1
Celeb-DF-v2,test,external_evaluation,id6_0005,id6_0005,id6_0005,,0,,Celeb-real/id6_0005.mp4,1
Celeb-DF-v2,test,external_evaluation,id6_id0_0005,id6_id0_0005,id6_id0_0005,,1,,Celeb-synthesis/id6_id0_0005.mp4,0
Celeb-DF-v2,test,external_evaluation,id6_id16_0005,id6_id16_0005,id6_id16_0005,,1,,Celeb-synthesis/id6_id16_0005.mp4,0
Celeb-DF-v2,test,external_evaluation,id6_id1_0005,id6_id1_0005,id6_id1_0005,,1,,Celeb-synthesis/id6_id1_0005.mp4,0
Celeb-DF-v2,test,external_evaluation,id6_id1_0007,id6_id1_0007,id6_id1_0007,,1,,Celeb-synthesis/id6_id1_0007.mp4,0
Celeb-DF-v2,test,external_evaluation,id6_id20_0007,id6_id20_0007,id6_id20_0007,,1,,Celeb-synthesis/id6_id20_0007.mp4,0
Celeb-DF-v2,test,external_evaluation,id6_id21_0006,id6_id21_0006,id6_id21_0006,,1,,Celeb-synthesis/id6_id21_0006.mp4,0
Celeb-DF-v2,test,external_evaluation,id6_id23_0001,id6_id23_0001,id6_id23_0001,,1,,Celeb-synthesis/id6_id23_0001.mp4,0
Celeb-DF-v2,test,external_evaluation,id6_id23_0006,id6_id23_0006,id6_id23_0006,,1,,Celeb-synthesis/id6_id23_0006.mp4,0
Celeb-DF-v2,test,external_evaluation,id6_id28_0002,id6_id28_0002,id6_id28_0002,,1,,Celeb-synthesis/id6_id28_0002.mp4,0
Celeb-DF-v2,test,external_evaluation,id6_id2_0005,id6_id2_0005,id6_id2_0005,,1,,Celeb-synthesis/id6_id2_0005.mp4,0
Celeb-DF-v2,test,external_evaluation,id6_id2_0008,id6_id2_0008,id6_id2_0008,,1,,Celeb-synthesis/id6_id2_0008.mp4,0
Celeb-DF-v2,test,external_evaluation,id6_id3_0005,id6_id3_0005,id6_id3_0005,,1,,Celeb-synthesis/id6_id3_0005.mp4,0
Celeb-DF-v2,test,external_evaluation,id6_id9_0006,id6_id9_0006,id6_id9_0006,,1,,Celeb-synthesis/id6_id9_0006.mp4,0
Celeb-DF-v2,test,external_evaluation,id7_0006,id7_0006,id7_0006,,0,,Celeb-real/id7_0006.mp4,1
Celeb-DF-v2,test,external_evaluation,id7_id10_0009,id7_id10_0009,id7_id10_0009,,1,,Celeb-synthesis/id7_id10_0009.mp4,0
Celeb-DF-v2,test,external_evaluation,id7_id11_0007,id7_id11_0007,id7_id11_0007,,1,,Celeb-synthesis/id7_id11_0007.mp4,0
Celeb-DF-v2,test,external_evaluation,id7_id11_0009,id7_id11_0009,id7_id11_0009,,1,,Celeb-synthesis/id7_id11_0009.mp4,0
Celeb-DF-v2,test,external_evaluation,id7_id13_0009,id7_id13_0009,id7_id13_0009,,1,,Celeb-synthesis/id7_id13_0009.mp4,0
Celeb-DF-v2,test,external_evaluation,id8_0000,id8_0000,id8_0000,,0,,Celeb-real/id8_0000.mp4,1
Celeb-DF-v2,test,external_evaluation,id8_0009,id8_0009,id8_0009,,0,,Celeb-real/id8_0009.mp4,1
Celeb-DF-v2,test,external_evaluation,id8_id0_0002,id8_id0_0002,id8_id0_0002,,1,,Celeb-synthesis/id8_id0_0002.mp4,0
Celeb-DF-v2,test,external_evaluation,id8_id3_0003,id8_id3_0003,id8_id3_0003,,1,,Celeb-synthesis/id8_id3_0003.mp4,0
Celeb-DF-v2,test,external_evaluation,id8_id5_0008,id8_id5_0008,id8_id5_0008,,1,,Celeb-synthesis/id8_id5_0008.mp4,0
Celeb-DF-v2,test,external_evaluation,id8_id6_0002,id8_id6_0002,id8_id6_0002,,1,,Celeb-synthesis/id8_id6_0002.mp4,0
Celeb-DF-v2,test,external_evaluation,id9_0000,id9_0000,id9_0000,,0,,Celeb-real/id9_0000.mp4,1
Celeb-DF-v2,test,external_evaluation,id9_id0_0000,id9_id0_0000,id9_id0_0000,,1,,Celeb-synthesis/id9_id0_0000.mp4,0
Celeb-DF-v2,test,external_evaluation,id9_id0_0006,id9_id0_0006,id9_id0_0006,,1,,Celeb-synthesis/id9_id0_0006.mp4,0
Celeb-DF-v2,test,external_evaluation,id9_id16_0000,id9_id16_0000,id9_id16_0000,,1,,Celeb-synthesis/id9_id16_0000.mp4,0
Celeb-DF-v2,test,external_evaluation,id9_id16_0007,id9_id16_0007,id9_id16_0007,,1,,Celeb-synthesis/id9_id16_0007.mp4,0
Celeb-DF-v2,test,external_evaluation,id9_id1_0000,id9_id1_0000,id9_id1_0000,,1,,Celeb-synthesis/id9_id1_0000.mp4,0
Celeb-DF-v2,test,external_evaluation,id9_id20_0002,id9_id20_0002,id9_id20_0002,,1,,Celeb-synthesis/id9_id20_0002.mp4,0
Celeb-DF-v2,test,external_evaluation,id9_id23_0009,id9_id23_0009,id9_id23_0009,,1,,Celeb-synthesis/id9_id23_0009.mp4,0
Celeb-DF-v2,test,external_evaluation,id9_id26_0000,id9_id26_0000,id9_id26_0000,,1,,Celeb-synthesis/id9_id26_0000.mp4,0
Celeb-DF-v2,test,external_evaluation,id9_id2_0000,id9_id2_0000,id9_id2_0000,,1,,Celeb-synthesis/id9_id2_0000.mp4,0
Celeb-DF-v2,test,external_evaluation,id9_id2_0006,id9_id2_0006,id9_id2_0006,,1,,Celeb-synthesis/id9_id2_0006.mp4,0
Celeb-DF-v2,test,external_evaluation,id9_id2_0008,id9_id2_0008,id9_id2_0008,,1,,Celeb-synthesis/id9_id2_0008.mp4,0
Celeb-DF-v2,test,external_evaluation,id9_id3_0000,id9_id3_0000,id9_id3_0000,,1,,Celeb-synthesis/id9_id3_0000.mp4,0
Celeb-DF-v2,test,external_evaluation,id9_id3_0009,id9_id3_0009,id9_id3_0009,,1,,Celeb-synthesis/id9_id3_0009.mp4,0
Celeb-DF-v2,test,external_evaluation,id9_id6_0000,id9_id6_0000,id9_id6_0000,,1,,Celeb-synthesis/id9_id6_0000.mp4,0
Celeb-DF-v2,test,external_evaluation,id9_id6_0005,id9_id6_0005,id9_id6_0005,,1,,Celeb-synthesis/id9_id6_0005.mp4,0
FaceForensics++,train,development,002,002_006,002,,0,,original/002.mp4,
FaceForensics++,train,development,006,002_006,006,,0,,original/006.mp4,
FaceForensics++,train,development,002_006,002_006,002,006,1,DeepFakes,Deepfakes/002_006.mp4,
FaceForensics++,train,development,006_002,002_006,006,002,1,DeepFakes,Deepfakes/006_002.mp4,
FaceForensics++,train,development,002_006,002_006,002,006,1,Face2Face,Face2Face/002_006.mp4,
FaceForensics++,train,development,006_002,002_006,006,002,1,Face2Face,Face2Face/006_002.mp4,
FaceForensics++,train,development,002_006,002_006,002,006,1,FaceSwap,FaceSwap/002_006.mp4,
FaceForensics++,train,development,006_002,002_006,006,002,1,FaceSwap,FaceSwap/006_002.mp4,
FaceForensics++,train,development,002_006,002_006,002,006,1,NeuralTextures,NeuralTextures/002_006.mp4,
FaceForensics++,train,development,006_002,002_006,006,002,1,NeuralTextures,NeuralTextures/006_002.mp4,
FaceForensics++,train,development,016,016_209,016,,0,,original/016.mp4,
FaceForensics++,train,development,209,016_209,209,,0,,original/209.mp4,
FaceForensics++,train,development,016_209,016_209,016,209,1,DeepFakes,Deepfakes/016_209.mp4,
FaceForensics++,train,development,209_016,016_209,209,016,1,DeepFakes,Deepfakes/209_016.mp4,
FaceForensics++,train,development,016_209,016_209,016,209,1,Face2Face,Face2Face/016_209.mp4,
FaceForensics++,train,development,209_016,016_209,209,016,1,Face2Face,Face2Face/209_016.mp4,
FaceForensics++,train,development,016_209,016_209,016,209,1,FaceSwap,FaceSwap/016_209.mp4,
FaceForensics++,train,development,209_016,016_209,209,016,1,FaceSwap,FaceSwap/209_016.mp4,
FaceForensics++,train,development,016_209,016_209,016,209,1,NeuralTextures,NeuralTextures/016_209.mp4,
FaceForensics++,train,development,209_016,016_209,209,016,1,NeuralTextures,NeuralTextures/209_016.mp4,
FaceForensics++,train,development,017,017_803,017,,0,,original/017.mp4,
FaceForensics++,train,development,803,017_803,803,,0,,original/803.mp4,
FaceForensics++,train,development,017_803,017_803,017,803,1,DeepFakes,Deepfakes/017_803.mp4,
FaceForensics++,train,development,803_017,017_803,803,017,1,DeepFakes,Deepfakes/803_017.mp4,
FaceForensics++,train,development,017_803,017_803,017,803,1,Face2Face,Face2Face/017_803.mp4,
FaceForensics++,train,development,803_017,017_803,803,017,1,Face2Face,Face2Face/803_017.mp4,
FaceForensics++,train,development,017_803,017_803,017,803,1,FaceSwap,FaceSwap/017_803.mp4,
FaceForensics++,train,development,803_017,017_803,803,017,1,FaceSwap,FaceSwap/803_017.mp4,
FaceForensics++,train,development,017_803,017_803,017,803,1,NeuralTextures,NeuralTextures/017_803.mp4,
FaceForensics++,train,development,803_017,017_803,803,017,1,NeuralTextures,NeuralTextures/803_017.mp4,
FaceForensics++,train,development,018,018_019,018,,0,,original/018.mp4,
FaceForensics++,train,development,019,018_019,019,,0,,original/019.mp4,
FaceForensics++,train,development,018_019,018_019,018,019,1,DeepFakes,Deepfakes/018_019.mp4,
FaceForensics++,train,development,019_018,018_019,019,018,1,DeepFakes,Deepfakes/019_018.mp4,
FaceForensics++,train,development,018_019,018_019,018,019,1,Face2Face,Face2Face/018_019.mp4,
FaceForensics++,train,development,019_018,018_019,019,018,1,Face2Face,Face2Face/019_018.mp4,
FaceForensics++,train,development,018_019,018_019,018,019,1,FaceSwap,FaceSwap/018_019.mp4,
FaceForensics++,train,development,019_018,018_019,019,018,1,FaceSwap,FaceSwap/019_018.mp4,
FaceForensics++,train,development,018_019,018_019,018,019,1,NeuralTextures,NeuralTextures/018_019.mp4,
FaceForensics++,train,development,019_018,018_019,019,018,1,NeuralTextures,NeuralTextures/019_018.mp4,
FaceForensics++,train,development,020,020_344,020,,0,,original/020.mp4,
FaceForensics++,train,development,344,020_344,344,,0,,original/344.mp4,
FaceForensics++,train,development,020_344,020_344,020,344,1,DeepFakes,Deepfakes/020_344.mp4,
FaceForensics++,train,development,344_020,020_344,344,020,1,DeepFakes,Deepfakes/344_020.mp4,
FaceForensics++,train,development,020_344,020_344,020,344,1,Face2Face,Face2Face/020_344.mp4,
FaceForensics++,train,development,344_020,020_344,344,020,1,Face2Face,Face2Face/344_020.mp4,
FaceForensics++,train,development,020_344,020_344,020,344,1,FaceSwap,FaceSwap/020_344.mp4,
FaceForensics++,train,development,344_020,020_344,344,020,1,FaceSwap,FaceSwap/344_020.mp4,
FaceForensics++,train,development,020_344,020_344,020,344,1,NeuralTextures,NeuralTextures/020_344.mp4,
FaceForensics++,train,development,344_020,020_344,344,020,1,NeuralTextures,NeuralTextures/344_020.mp4,
FaceForensics++,train,development,030,030_193,030,,0,,original/030.mp4,
FaceForensics++,train,development,193,030_193,193,,0,,original/193.mp4,
FaceForensics++,train,development,030_193,030_193,030,193,1,DeepFakes,Deepfakes/030_193.mp4,
FaceForensics++,train,development,193_030,030_193,193,030,1,DeepFakes,Deepfakes/193_030.mp4,
FaceForensics++,train,development,030_193,030_193,030,193,1,Face2Face,Face2Face/030_193.mp4,
FaceForensics++,train,development,193_030,030_193,193,030,1,Face2Face,Face2Face/193_030.mp4,
FaceForensics++,train,development,030_193,030_193,030,193,1,FaceSwap,FaceSwap/030_193.mp4,
FaceForensics++,train,development,193_030,030_193,193,030,1,FaceSwap,FaceSwap/193_030.mp4,
FaceForensics++,train,development,030_193,030_193,030,193,1,NeuralTextures,NeuralTextures/030_193.mp4,
FaceForensics++,train,development,193_030,030_193,193,030,1,NeuralTextures,NeuralTextures/193_030.mp4,
FaceForensics++,train,development,031,031_163,031,,0,,original/031.mp4,
FaceForensics++,train,development,163,031_163,163,,0,,original/163.mp4,
FaceForensics++,train,development,031_163,031_163,031,163,1,DeepFakes,Deepfakes/031_163.mp4,
FaceForensics++,train,development,163_031,031_163,163,031,1,DeepFakes,Deepfakes/163_031.mp4,
FaceForensics++,train,development,031_163,031_163,031,163,1,Face2Face,Face2Face/031_163.mp4,
FaceForensics++,train,development,163_031,031_163,163,031,1,Face2Face,Face2Face/163_031.mp4,
FaceForensics++,train,development,031_163,031_163,031,163,1,FaceSwap,FaceSwap/031_163.mp4,
FaceForensics++,train,development,163_031,031_163,163,031,1,FaceSwap,FaceSwap/163_031.mp4,
FaceForensics++,train,development,031_163,031_163,031,163,1,NeuralTextures,NeuralTextures/031_163.mp4,
FaceForensics++,train,development,163_031,031_163,163,031,1,NeuralTextures,NeuralTextures/163_031.mp4,
FaceForensics++,train,development,051,051_332,051,,0,,original/051.mp4,
FaceForensics++,train,development,332,051_332,332,,0,,original/332.mp4,
FaceForensics++,train,development,051_332,051_332,051,332,1,DeepFakes,Deepfakes/051_332.mp4,
FaceForensics++,train,development,332_051,051_332,332,051,1,DeepFakes,Deepfakes/332_051.mp4,
FaceForensics++,train,development,051_332,051_332,051,332,1,Face2Face,Face2Face/051_332.mp4,
FaceForensics++,train,development,332_051,051_332,332,051,1,Face2Face,Face2Face/332_051.mp4,
FaceForensics++,train,development,051_332,051_332,051,332,1,FaceSwap,FaceSwap/051_332.mp4,
FaceForensics++,train,development,332_051,051_332,332,051,1,FaceSwap,FaceSwap/332_051.mp4,
FaceForensics++,train,development,051_332,051_332,051,332,1,NeuralTextures,NeuralTextures/051_332.mp4,
FaceForensics++,train,development,332_051,051_332,332,051,1,NeuralTextures,NeuralTextures/332_051.mp4,
FaceForensics++,train,development,054,054_071,054,,0,,original/054.mp4,
FaceForensics++,train,development,071,054_071,071,,0,,original/071.mp4,
FaceForensics++,train,development,054_071,054_071,054,071,1,DeepFakes,Deepfakes/054_071.mp4,
FaceForensics++,train,development,071_054,054_071,071,054,1,DeepFakes,Deepfakes/071_054.mp4,
FaceForensics++,train,development,054_071,054_071,054,071,1,Face2Face,Face2Face/054_071.mp4,
FaceForensics++,train,development,071_054,054_071,071,054,1,Face2Face,Face2Face/071_054.mp4,
FaceForensics++,train,development,054_071,054_071,054,071,1,FaceSwap,FaceSwap/054_071.mp4,
FaceForensics++,train,development,071_054,054_071,071,054,1,FaceSwap,FaceSwap/071_054.mp4,
FaceForensics++,train,development,054_071,054_071,054,071,1,NeuralTextures,NeuralTextures/054_071.mp4,
FaceForensics++,train,development,071_054,054_071,071,054,1,NeuralTextures,NeuralTextures/071_054.mp4,
FaceForensics++,train,development,069,069_961,069,,0,,original/069.mp4,
FaceForensics++,train,development,961,069_961,961,,0,,original/961.mp4,
FaceForensics++,train,development,069_961,069_961,069,961,1,DeepFakes,Deepfakes/069_961.mp4,
FaceForensics++,train,development,961_069,069_961,961,069,1,DeepFakes,Deepfakes/961_069.mp4,
FaceForensics++,train,development,069_961,069_961,069,961,1,Face2Face,Face2Face/069_961.mp4,
FaceForensics++,train,development,961_069,069_961,961,069,1,Face2Face,Face2Face/961_069.mp4,
FaceForensics++,train,development,069_961,069_961,069,961,1,FaceSwap,FaceSwap/069_961.mp4,
FaceForensics++,train,development,961_069,069_961,961,069,1,FaceSwap,FaceSwap/961_069.mp4,
FaceForensics++,train,development,069_961,069_961,069,961,1,NeuralTextures,NeuralTextures/069_961.mp4,
FaceForensics++,train,development,961_069,069_961,961,069,1,NeuralTextures,NeuralTextures/961_069.mp4,
FaceForensics++,train,development,076,076_079,076,,0,,original/076.mp4,
FaceForensics++,train,development,079,076_079,079,,0,,original/079.mp4,
FaceForensics++,train,development,076_079,076_079,076,079,1,DeepFakes,Deepfakes/076_079.mp4,
FaceForensics++,train,development,079_076,076_079,079,076,1,DeepFakes,Deepfakes/079_076.mp4,
FaceForensics++,train,development,076_079,076_079,076,079,1,Face2Face,Face2Face/076_079.mp4,
FaceForensics++,train,development,079_076,076_079,079,076,1,Face2Face,Face2Face/079_076.mp4,
FaceForensics++,train,development,076_079,076_079,076,079,1,FaceSwap,FaceSwap/076_079.mp4,
FaceForensics++,train,development,079_076,076_079,079,076,1,FaceSwap,FaceSwap/079_076.mp4,
FaceForensics++,train,development,076_079,076_079,076,079,1,NeuralTextures,NeuralTextures/076_079.mp4,
FaceForensics++,train,development,079_076,076_079,079,076,1,NeuralTextures,NeuralTextures/079_076.mp4,
FaceForensics++,train,development,077,077_100,077,,0,,original/077.mp4,
FaceForensics++,train,development,100,077_100,100,,0,,original/100.mp4,
FaceForensics++,train,development,077_100,077_100,077,100,1,DeepFakes,Deepfakes/077_100.mp4,
FaceForensics++,train,development,100_077,077_100,100,077,1,DeepFakes,Deepfakes/100_077.mp4,
FaceForensics++,train,development,077_100,077_100,077,100,1,Face2Face,Face2Face/077_100.mp4,
FaceForensics++,train,development,100_077,077_100,100,077,1,Face2Face,Face2Face/100_077.mp4,
FaceForensics++,train,development,077_100,077_100,077,100,1,FaceSwap,FaceSwap/077_100.mp4,
FaceForensics++,train,development,100_077,077_100,100,077,1,FaceSwap,FaceSwap/100_077.mp4,
FaceForensics++,train,development,077_100,077_100,077,100,1,NeuralTextures,NeuralTextures/077_100.mp4,
FaceForensics++,train,development,100_077,077_100,100,077,1,NeuralTextures,NeuralTextures/100_077.mp4,
FaceForensics++,train,development,083,083_213,083,,0,,original/083.mp4,
FaceForensics++,train,development,213,083_213,213,,0,,original/213.mp4,
FaceForensics++,train,development,083_213,083_213,083,213,1,DeepFakes,Deepfakes/083_213.mp4,
FaceForensics++,train,development,213_083,083_213,213,083,1,DeepFakes,Deepfakes/213_083.mp4,
FaceForensics++,train,development,083_213,083_213,083,213,1,Face2Face,Face2Face/083_213.mp4,
FaceForensics++,train,development,213_083,083_213,213,083,1,Face2Face,Face2Face/213_083.mp4,
FaceForensics++,train,development,083_213,083_213,083,213,1,FaceSwap,FaceSwap/083_213.mp4,
FaceForensics++,train,development,213_083,083_213,213,083,1,FaceSwap,FaceSwap/213_083.mp4,
FaceForensics++,train,development,083_213,083_213,083,213,1,NeuralTextures,NeuralTextures/083_213.mp4,
FaceForensics++,train,development,213_083,083_213,213,083,1,NeuralTextures,NeuralTextures/213_083.mp4,
FaceForensics++,train,development,085,085_124,085,,0,,original/085.mp4,
FaceForensics++,train,development,124,085_124,124,,0,,original/124.mp4,
FaceForensics++,train,development,085_124,085_124,085,124,1,DeepFakes,Deepfakes/085_124.mp4,
FaceForensics++,train,development,124_085,085_124,124,085,1,DeepFakes,Deepfakes/124_085.mp4,
FaceForensics++,train,development,085_124,085_124,085,124,1,Face2Face,Face2Face/085_124.mp4,
FaceForensics++,train,development,124_085,085_124,124,085,1,Face2Face,Face2Face/124_085.mp4,
FaceForensics++,train,development,085_124,085_124,085,124,1,FaceSwap,FaceSwap/085_124.mp4,
FaceForensics++,train,development,124_085,085_124,124,085,1,FaceSwap,FaceSwap/124_085.mp4,
FaceForensics++,train,development,085_124,085_124,085,124,1,NeuralTextures,NeuralTextures/085_124.mp4,
FaceForensics++,train,development,124_085,085_124,124,085,1,NeuralTextures,NeuralTextures/124_085.mp4,
FaceForensics++,train,development,086,086_090,086,,0,,original/086.mp4,
FaceForensics++,train,development,090,086_090,090,,0,,original/090.mp4,
FaceForensics++,train,development,086_090,086_090,086,090,1,DeepFakes,Deepfakes/086_090.mp4,
FaceForensics++,train,development,090_086,086_090,090,086,1,DeepFakes,Deepfakes/090_086.mp4,
FaceForensics++,train,development,086_090,086_090,086,090,1,Face2Face,Face2Face/086_090.mp4,
FaceForensics++,train,development,090_086,086_090,090,086,1,Face2Face,Face2Face/090_086.mp4,
FaceForensics++,train,development,086_090,086_090,086,090,1,FaceSwap,FaceSwap/086_090.mp4,
FaceForensics++,train,development,090_086,086_090,090,086,1,FaceSwap,FaceSwap/090_086.mp4,
FaceForensics++,train,development,086_090,086_090,086,090,1,NeuralTextures,NeuralTextures/086_090.mp4,
FaceForensics++,train,development,090_086,086_090,090,086,1,NeuralTextures,NeuralTextures/090_086.mp4,
FaceForensics++,train,development,092,092_098,092,,0,,original/092.mp4,
FaceForensics++,train,development,098,092_098,098,,0,,original/098.mp4,
FaceForensics++,train,development,092_098,092_098,092,098,1,DeepFakes,Deepfakes/092_098.mp4,
FaceForensics++,train,development,098_092,092_098,098,092,1,DeepFakes,Deepfakes/098_092.mp4,
FaceForensics++,train,development,092_098,092_098,092,098,1,Face2Face,Face2Face/092_098.mp4,
FaceForensics++,train,development,098_092,092_098,098,092,1,Face2Face,Face2Face/098_092.mp4,
FaceForensics++,train,development,092_098,092_098,092,098,1,FaceSwap,FaceSwap/092_098.mp4,
FaceForensics++,train,development,098_092,092_098,098,092,1,FaceSwap,FaceSwap/098_092.mp4,
FaceForensics++,train,development,092_098,092_098,092,098,1,NeuralTextures,NeuralTextures/092_098.mp4,
FaceForensics++,train,development,098_092,092_098,098,092,1,NeuralTextures,NeuralTextures/098_092.mp4,
FaceForensics++,train,development,117,117_217,117,,0,,original/117.mp4,
FaceForensics++,train,development,217,117_217,217,,0,,original/217.mp4,
FaceForensics++,train,development,117_217,117_217,117,217,1,DeepFakes,Deepfakes/117_217.mp4,
FaceForensics++,train,development,217_117,117_217,217,117,1,DeepFakes,Deepfakes/217_117.mp4,
FaceForensics++,train,development,117_217,117_217,117,217,1,Face2Face,Face2Face/117_217.mp4,
FaceForensics++,train,development,217_117,117_217,217,117,1,Face2Face,Face2Face/217_117.mp4,
FaceForensics++,train,development,117_217,117_217,117,217,1,FaceSwap,FaceSwap/117_217.mp4,
FaceForensics++,train,development,217_117,117_217,217,117,1,FaceSwap,FaceSwap/217_117.mp4,
FaceForensics++,train,development,117_217,117_217,117,217,1,NeuralTextures,NeuralTextures/117_217.mp4,
FaceForensics++,train,development,217_117,117_217,217,117,1,NeuralTextures,NeuralTextures/217_117.mp4,
FaceForensics++,train,development,136,136_285,136,,0,,original/136.mp4,
FaceForensics++,train,development,285,136_285,285,,0,,original/285.mp4,
FaceForensics++,train,development,136_285,136_285,136,285,1,DeepFakes,Deepfakes/136_285.mp4,
FaceForensics++,train,development,285_136,136_285,285,136,1,DeepFakes,Deepfakes/285_136.mp4,
FaceForensics++,train,development,136_285,136_285,136,285,1,Face2Face,Face2Face/136_285.mp4,
FaceForensics++,train,development,285_136,136_285,285,136,1,Face2Face,Face2Face/285_136.mp4,
FaceForensics++,train,development,136_285,136_285,136,285,1,FaceSwap,FaceSwap/136_285.mp4,
FaceForensics++,train,development,285_136,136_285,285,136,1,FaceSwap,FaceSwap/285_136.mp4,
FaceForensics++,train,development,136_285,136_285,136,285,1,NeuralTextures,NeuralTextures/136_285.mp4,
FaceForensics++,train,development,285_136,136_285,285,136,1,NeuralTextures,NeuralTextures/285_136.mp4,
FaceForensics++,train,development,140,140_143,140,,0,,original/140.mp4,
FaceForensics++,train,development,143,140_143,143,,0,,original/143.mp4,
FaceForensics++,train,development,140_143,140_143,140,143,1,DeepFakes,Deepfakes/140_143.mp4,
FaceForensics++,train,development,143_140,140_143,143,140,1,DeepFakes,Deepfakes/143_140.mp4,
FaceForensics++,train,development,140_143,140_143,140,143,1,Face2Face,Face2Face/140_143.mp4,
FaceForensics++,train,development,143_140,140_143,143,140,1,Face2Face,Face2Face/143_140.mp4,
FaceForensics++,train,development,140_143,140_143,140,143,1,FaceSwap,FaceSwap/140_143.mp4,
FaceForensics++,train,development,143_140,140_143,143,140,1,FaceSwap,FaceSwap/143_140.mp4,
FaceForensics++,train,development,140_143,140_143,140,143,1,NeuralTextures,NeuralTextures/140_143.mp4,
FaceForensics++,train,development,143_140,140_143,143,140,1,NeuralTextures,NeuralTextures/143_140.mp4,
FaceForensics++,train,development,162,162_330,162,,0,,original/162.mp4,
FaceForensics++,train,development,330,162_330,330,,0,,original/330.mp4,
FaceForensics++,train,development,162_330,162_330,162,330,1,DeepFakes,Deepfakes/162_330.mp4,
FaceForensics++,train,development,330_162,162_330,330,162,1,DeepFakes,Deepfakes/330_162.mp4,
FaceForensics++,train,development,162_330,162_330,162,330,1,Face2Face,Face2Face/162_330.mp4,
FaceForensics++,train,development,330_162,162_330,330,162,1,Face2Face,Face2Face/330_162.mp4,
FaceForensics++,train,development,162_330,162_330,162,330,1,FaceSwap,FaceSwap/162_330.mp4,
FaceForensics++,train,development,330_162,162_330,330,162,1,FaceSwap,FaceSwap/330_162.mp4,
FaceForensics++,train,development,162_330,162_330,162,330,1,NeuralTextures,NeuralTextures/162_330.mp4,
FaceForensics++,train,development,330_162,162_330,330,162,1,NeuralTextures,NeuralTextures/330_162.mp4,
FaceForensics++,train,development,166,166_167,166,,0,,original/166.mp4,
FaceForensics++,train,development,167,166_167,167,,0,,original/167.mp4,
FaceForensics++,train,development,166_167,166_167,166,167,1,DeepFakes,Deepfakes/166_167.mp4,
FaceForensics++,train,development,167_166,166_167,167,166,1,DeepFakes,Deepfakes/167_166.mp4,
FaceForensics++,train,development,166_167,166_167,166,167,1,Face2Face,Face2Face/166_167.mp4,
FaceForensics++,train,development,167_166,166_167,167,166,1,Face2Face,Face2Face/167_166.mp4,
FaceForensics++,train,development,166_167,166_167,166,167,1,FaceSwap,FaceSwap/166_167.mp4,
FaceForensics++,train,development,167_166,166_167,167,166,1,FaceSwap,FaceSwap/167_166.mp4,
FaceForensics++,train,development,166_167,166_167,166,167,1,NeuralTextures,NeuralTextures/166_167.mp4,
FaceForensics++,train,development,167_166,166_167,167,166,1,NeuralTextures,NeuralTextures/167_166.mp4,
FaceForensics++,train,development,168,168_222,168,,0,,original/168.mp4,
FaceForensics++,train,development,222,168_222,222,,0,,original/222.mp4,
FaceForensics++,train,development,168_222,168_222,168,222,1,DeepFakes,Deepfakes/168_222.mp4,
FaceForensics++,train,development,222_168,168_222,222,168,1,DeepFakes,Deepfakes/222_168.mp4,
FaceForensics++,train,development,168_222,168_222,168,222,1,Face2Face,Face2Face/168_222.mp4,
FaceForensics++,train,development,222_168,168_222,222,168,1,Face2Face,Face2Face/222_168.mp4,
FaceForensics++,train,development,168_222,168_222,168,222,1,FaceSwap,FaceSwap/168_222.mp4,
FaceForensics++,train,development,222_168,168_222,222,168,1,FaceSwap,FaceSwap/222_168.mp4,
FaceForensics++,train,development,168_222,168_222,168,222,1,NeuralTextures,NeuralTextures/168_222.mp4,
FaceForensics++,train,development,222_168,168_222,222,168,1,NeuralTextures,NeuralTextures/222_168.mp4,
FaceForensics++,train,development,181,181_199,181,,0,,original/181.mp4,
FaceForensics++,train,development,199,181_199,199,,0,,original/199.mp4,
FaceForensics++,train,development,181_199,181_199,181,199,1,DeepFakes,Deepfakes/181_199.mp4,
FaceForensics++,train,development,199_181,181_199,199,181,1,DeepFakes,Deepfakes/199_181.mp4,
FaceForensics++,train,development,181_199,181_199,181,199,1,Face2Face,Face2Face/181_199.mp4,
FaceForensics++,train,development,199_181,181_199,199,181,1,Face2Face,Face2Face/199_181.mp4,
FaceForensics++,train,development,181_199,181_199,181,199,1,FaceSwap,FaceSwap/181_199.mp4,
FaceForensics++,train,development,199_181,181_199,199,181,1,FaceSwap,FaceSwap/199_181.mp4,
FaceForensics++,train,development,181_199,181_199,181,199,1,NeuralTextures,NeuralTextures/181_199.mp4,
FaceForensics++,train,development,199_181,181_199,199,181,1,NeuralTextures,NeuralTextures/199_181.mp4,
FaceForensics++,train,development,185,185_276,185,,0,,original/185.mp4,
FaceForensics++,train,development,276,185_276,276,,0,,original/276.mp4,
FaceForensics++,train,development,185_276,185_276,185,276,1,DeepFakes,Deepfakes/185_276.mp4,
FaceForensics++,train,development,276_185,185_276,276,185,1,DeepFakes,Deepfakes/276_185.mp4,
FaceForensics++,train,development,185_276,185_276,185,276,1,Face2Face,Face2Face/185_276.mp4,
FaceForensics++,train,development,276_185,185_276,276,185,1,Face2Face,Face2Face/276_185.mp4,
FaceForensics++,train,development,185_276,185_276,185,276,1,FaceSwap,FaceSwap/185_276.mp4,
FaceForensics++,train,development,276_185,185_276,276,185,1,FaceSwap,FaceSwap/276_185.mp4,
FaceForensics++,train,development,185_276,185_276,185,276,1,NeuralTextures,NeuralTextures/185_276.mp4,
FaceForensics++,train,development,276_185,185_276,276,185,1,NeuralTextures,NeuralTextures/276_185.mp4,
FaceForensics++,train,development,188,188_191,188,,0,,original/188.mp4,
FaceForensics++,train,development,191,188_191,191,,0,,original/191.mp4,
FaceForensics++,train,development,188_191,188_191,188,191,1,DeepFakes,Deepfakes/188_191.mp4,
FaceForensics++,train,development,191_188,188_191,191,188,1,DeepFakes,Deepfakes/191_188.mp4,
FaceForensics++,train,development,188_191,188_191,188,191,1,Face2Face,Face2Face/188_191.mp4,
FaceForensics++,train,development,191_188,188_191,191,188,1,Face2Face,Face2Face/191_188.mp4,
FaceForensics++,train,development,188_191,188_191,188,191,1,FaceSwap,FaceSwap/188_191.mp4,
FaceForensics++,train,development,191_188,188_191,191,188,1,FaceSwap,FaceSwap/191_188.mp4,
FaceForensics++,train,development,188_191,188_191,188,191,1,NeuralTextures,NeuralTextures/188_191.mp4,
FaceForensics++,train,development,191_188,188_191,191,188,1,NeuralTextures,NeuralTextures/191_188.mp4,
FaceForensics++,train,development,226,226_491,226,,0,,original/226.mp4,
FaceForensics++,train,development,491,226_491,491,,0,,original/491.mp4,
FaceForensics++,train,development,226_491,226_491,226,491,1,DeepFakes,Deepfakes/226_491.mp4,
FaceForensics++,train,development,491_226,226_491,491,226,1,DeepFakes,Deepfakes/491_226.mp4,
FaceForensics++,train,development,226_491,226_491,226,491,1,Face2Face,Face2Face/226_491.mp4,
FaceForensics++,train,development,491_226,226_491,491,226,1,Face2Face,Face2Face/491_226.mp4,
FaceForensics++,train,development,226_491,226_491,226,491,1,FaceSwap,FaceSwap/226_491.mp4,
FaceForensics++,train,development,491_226,226_491,491,226,1,FaceSwap,FaceSwap/491_226.mp4,
FaceForensics++,train,development,226_491,226_491,226,491,1,NeuralTextures,NeuralTextures/226_491.mp4,
FaceForensics++,train,development,491_226,226_491,491,226,1,NeuralTextures,NeuralTextures/491_226.mp4,
FaceForensics++,train,development,244,244_822,244,,0,,original/244.mp4,
FaceForensics++,train,development,822,244_822,822,,0,,original/822.mp4,
FaceForensics++,train,development,244_822,244_822,244,822,1,DeepFakes,Deepfakes/244_822.mp4,
FaceForensics++,train,development,822_244,244_822,822,244,1,DeepFakes,Deepfakes/822_244.mp4,
FaceForensics++,train,development,244_822,244_822,244,822,1,Face2Face,Face2Face/244_822.mp4,
FaceForensics++,train,development,822_244,244_822,822,244,1,Face2Face,Face2Face/822_244.mp4,
FaceForensics++,train,development,244_822,244_822,244,822,1,FaceSwap,FaceSwap/244_822.mp4,
FaceForensics++,train,development,822_244,244_822,822,244,1,FaceSwap,FaceSwap/822_244.mp4,
FaceForensics++,train,development,244_822,244_822,244,822,1,NeuralTextures,NeuralTextures/244_822.mp4,
FaceForensics++,train,development,822_244,244_822,822,244,1,NeuralTextures,NeuralTextures/822_244.mp4,
FaceForensics++,train,development,265,265_475,265,,0,,original/265.mp4,
FaceForensics++,train,development,475,265_475,475,,0,,original/475.mp4,
FaceForensics++,train,development,265_475,265_475,265,475,1,DeepFakes,Deepfakes/265_475.mp4,
FaceForensics++,train,development,475_265,265_475,475,265,1,DeepFakes,Deepfakes/475_265.mp4,
FaceForensics++,train,development,265_475,265_475,265,475,1,Face2Face,Face2Face/265_475.mp4,
FaceForensics++,train,development,475_265,265_475,475,265,1,Face2Face,Face2Face/475_265.mp4,
FaceForensics++,train,development,265_475,265_475,265,475,1,FaceSwap,FaceSwap/265_475.mp4,
FaceForensics++,train,development,475_265,265_475,475,265,1,FaceSwap,FaceSwap/475_265.mp4,
FaceForensics++,train,development,265_475,265_475,265,475,1,NeuralTextures,NeuralTextures/265_475.mp4,
FaceForensics++,train,development,475_265,265_475,475,265,1,NeuralTextures,NeuralTextures/475_265.mp4,
FaceForensics++,train,development,311,311_387,311,,0,,original/311.mp4,
FaceForensics++,train,development,387,311_387,387,,0,,original/387.mp4,
FaceForensics++,train,development,311_387,311_387,311,387,1,DeepFakes,Deepfakes/311_387.mp4,
FaceForensics++,train,development,387_311,311_387,387,311,1,DeepFakes,Deepfakes/387_311.mp4,
FaceForensics++,train,development,311_387,311_387,311,387,1,Face2Face,Face2Face/311_387.mp4,
FaceForensics++,train,development,387_311,311_387,387,311,1,Face2Face,Face2Face/387_311.mp4,
FaceForensics++,train,development,311_387,311_387,311,387,1,FaceSwap,FaceSwap/311_387.mp4,
FaceForensics++,train,development,387_311,311_387,387,311,1,FaceSwap,FaceSwap/387_311.mp4,
FaceForensics++,train,development,311_387,311_387,311,387,1,NeuralTextures,NeuralTextures/311_387.mp4,
FaceForensics++,train,development,387_311,311_387,387,311,1,NeuralTextures,NeuralTextures/387_311.mp4,
FaceForensics++,train,development,333,333_377,333,,0,,original/333.mp4,
FaceForensics++,train,development,377,333_377,377,,0,,original/377.mp4,
FaceForensics++,train,development,333_377,333_377,333,377,1,DeepFakes,Deepfakes/333_377.mp4,
FaceForensics++,train,development,377_333,333_377,377,333,1,DeepFakes,Deepfakes/377_333.mp4,
FaceForensics++,train,development,333_377,333_377,333,377,1,Face2Face,Face2Face/333_377.mp4,
FaceForensics++,train,development,377_333,333_377,377,333,1,Face2Face,Face2Face/377_333.mp4,
FaceForensics++,train,development,333_377,333_377,333,377,1,FaceSwap,FaceSwap/333_377.mp4,
FaceForensics++,train,development,377_333,333_377,377,333,1,FaceSwap,FaceSwap/377_333.mp4,
FaceForensics++,train,development,333_377,333_377,333,377,1,NeuralTextures,NeuralTextures/333_377.mp4,
FaceForensics++,train,development,377_333,333_377,377,333,1,NeuralTextures,NeuralTextures/377_333.mp4,
FaceForensics++,train,development,361,361_448,361,,0,,original/361.mp4,
FaceForensics++,train,development,448,361_448,448,,0,,original/448.mp4,
FaceForensics++,train,development,361_448,361_448,361,448,1,DeepFakes,Deepfakes/361_448.mp4,
FaceForensics++,train,development,448_361,361_448,448,361,1,DeepFakes,Deepfakes/448_361.mp4,
FaceForensics++,train,development,361_448,361_448,361,448,1,Face2Face,Face2Face/361_448.mp4,
FaceForensics++,train,development,448_361,361_448,448,361,1,Face2Face,Face2Face/448_361.mp4,
FaceForensics++,train,development,361_448,361_448,361,448,1,FaceSwap,FaceSwap/361_448.mp4,
FaceForensics++,train,development,448_361,361_448,448,361,1,FaceSwap,FaceSwap/448_361.mp4,
FaceForensics++,train,development,361_448,361_448,361,448,1,NeuralTextures,NeuralTextures/361_448.mp4,
FaceForensics++,train,development,448_361,361_448,448,361,1,NeuralTextures,NeuralTextures/448_361.mp4,
FaceForensics++,train,development,373,373_394,373,,0,,original/373.mp4,
FaceForensics++,train,development,394,373_394,394,,0,,original/394.mp4,
FaceForensics++,train,development,373_394,373_394,373,394,1,DeepFakes,Deepfakes/373_394.mp4,
FaceForensics++,train,development,394_373,373_394,394,373,1,DeepFakes,Deepfakes/394_373.mp4,
FaceForensics++,train,development,373_394,373_394,373,394,1,Face2Face,Face2Face/373_394.mp4,
FaceForensics++,train,development,394_373,373_394,394,373,1,Face2Face,Face2Face/394_373.mp4,
FaceForensics++,train,development,373_394,373_394,373,394,1,FaceSwap,FaceSwap/373_394.mp4,
FaceForensics++,train,development,394_373,373_394,394,373,1,FaceSwap,FaceSwap/394_373.mp4,
FaceForensics++,train,development,373_394,373_394,373,394,1,NeuralTextures,NeuralTextures/373_394.mp4,
FaceForensics++,train,development,394_373,373_394,394,373,1,NeuralTextures,NeuralTextures/394_373.mp4,
FaceForensics++,train,development,374,374_407,374,,0,,original/374.mp4,
FaceForensics++,train,development,407,374_407,407,,0,,original/407.mp4,
FaceForensics++,train,development,374_407,374_407,374,407,1,DeepFakes,Deepfakes/374_407.mp4,
FaceForensics++,train,development,407_374,374_407,407,374,1,DeepFakes,Deepfakes/407_374.mp4,
FaceForensics++,train,development,374_407,374_407,374,407,1,Face2Face,Face2Face/374_407.mp4,
FaceForensics++,train,development,407_374,374_407,407,374,1,Face2Face,Face2Face/407_374.mp4,
FaceForensics++,train,development,374_407,374_407,374,407,1,FaceSwap,FaceSwap/374_407.mp4,
FaceForensics++,train,development,407_374,374_407,407,374,1,FaceSwap,FaceSwap/407_374.mp4,
FaceForensics++,train,development,374_407,374_407,374,407,1,NeuralTextures,NeuralTextures/374_407.mp4,
FaceForensics++,train,development,407_374,374_407,407,374,1,NeuralTextures,NeuralTextures/407_374.mp4,
FaceForensics++,train,development,382,382_409,382,,0,,original/382.mp4,
FaceForensics++,train,development,409,382_409,409,,0,,original/409.mp4,
FaceForensics++,train,development,382_409,382_409,382,409,1,DeepFakes,Deepfakes/382_409.mp4,
FaceForensics++,train,development,409_382,382_409,409,382,1,DeepFakes,Deepfakes/409_382.mp4,
FaceForensics++,train,development,382_409,382_409,382,409,1,Face2Face,Face2Face/382_409.mp4,
FaceForensics++,train,development,409_382,382_409,409,382,1,Face2Face,Face2Face/409_382.mp4,
FaceForensics++,train,development,382_409,382_409,382,409,1,FaceSwap,FaceSwap/382_409.mp4,
FaceForensics++,train,development,409_382,382_409,409,382,1,FaceSwap,FaceSwap/409_382.mp4,
FaceForensics++,train,development,382_409,382_409,382,409,1,NeuralTextures,NeuralTextures/382_409.mp4,
FaceForensics++,train,development,409_382,382_409,409,382,1,NeuralTextures,NeuralTextures/409_382.mp4,
FaceForensics++,train,development,395,395_401,395,,0,,original/395.mp4,
FaceForensics++,train,development,401,395_401,401,,0,,original/401.mp4,
FaceForensics++,train,development,395_401,395_401,395,401,1,DeepFakes,Deepfakes/395_401.mp4,
FaceForensics++,train,development,401_395,395_401,401,395,1,DeepFakes,Deepfakes/401_395.mp4,
FaceForensics++,train,development,395_401,395_401,395,401,1,Face2Face,Face2Face/395_401.mp4,
FaceForensics++,train,development,401_395,395_401,401,395,1,Face2Face,Face2Face/401_395.mp4,
FaceForensics++,train,development,395_401,395_401,395,401,1,FaceSwap,FaceSwap/395_401.mp4,
FaceForensics++,train,development,401_395,395_401,401,395,1,FaceSwap,FaceSwap/401_395.mp4,
FaceForensics++,train,development,395_401,395_401,395,401,1,NeuralTextures,NeuralTextures/395_401.mp4,
FaceForensics++,train,development,401_395,395_401,401,395,1,NeuralTextures,NeuralTextures/401_395.mp4,
FaceForensics++,train,development,397,397_602,397,,0,,original/397.mp4,
FaceForensics++,train,development,602,397_602,602,,0,,original/602.mp4,
FaceForensics++,train,development,397_602,397_602,397,602,1,DeepFakes,Deepfakes/397_602.mp4,
FaceForensics++,train,development,602_397,397_602,602,397,1,DeepFakes,Deepfakes/602_397.mp4,
FaceForensics++,train,development,397_602,397_602,397,602,1,Face2Face,Face2Face/397_602.mp4,
FaceForensics++,train,development,602_397,397_602,602,397,1,Face2Face,Face2Face/602_397.mp4,
FaceForensics++,train,development,397_602,397_602,397,602,1,FaceSwap,FaceSwap/397_602.mp4,
FaceForensics++,train,development,602_397,397_602,602,397,1,FaceSwap,FaceSwap/602_397.mp4,
FaceForensics++,train,development,397_602,397_602,397,602,1,NeuralTextures,NeuralTextures/397_602.mp4,
FaceForensics++,train,development,602_397,397_602,602,397,1,NeuralTextures,NeuralTextures/602_397.mp4,
FaceForensics++,train,development,427,427_637,427,,0,,original/427.mp4,
FaceForensics++,train,development,637,427_637,637,,0,,original/637.mp4,
FaceForensics++,train,development,427_637,427_637,427,637,1,DeepFakes,Deepfakes/427_637.mp4,
FaceForensics++,train,development,637_427,427_637,637,427,1,DeepFakes,Deepfakes/637_427.mp4,
FaceForensics++,train,development,427_637,427_637,427,637,1,Face2Face,Face2Face/427_637.mp4,
FaceForensics++,train,development,637_427,427_637,637,427,1,Face2Face,Face2Face/637_427.mp4,
FaceForensics++,train,development,427_637,427_637,427,637,1,FaceSwap,FaceSwap/427_637.mp4,
FaceForensics++,train,development,637_427,427_637,637,427,1,FaceSwap,FaceSwap/637_427.mp4,
FaceForensics++,train,development,427_637,427_637,427,637,1,NeuralTextures,NeuralTextures/427_637.mp4,
FaceForensics++,train,development,637_427,427_637,637,427,1,NeuralTextures,NeuralTextures/637_427.mp4,
FaceForensics++,train,development,430,430_459,430,,0,,original/430.mp4,
FaceForensics++,train,development,459,430_459,459,,0,,original/459.mp4,
FaceForensics++,train,development,430_459,430_459,430,459,1,DeepFakes,Deepfakes/430_459.mp4,
FaceForensics++,train,development,459_430,430_459,459,430,1,DeepFakes,Deepfakes/459_430.mp4,
FaceForensics++,train,development,430_459,430_459,430,459,1,Face2Face,Face2Face/430_459.mp4,
FaceForensics++,train,development,459_430,430_459,459,430,1,Face2Face,Face2Face/459_430.mp4,
FaceForensics++,train,development,430_459,430_459,430,459,1,FaceSwap,FaceSwap/430_459.mp4,
FaceForensics++,train,development,459_430,430_459,459,430,1,FaceSwap,FaceSwap/459_430.mp4,
FaceForensics++,train,development,430_459,430_459,430,459,1,NeuralTextures,NeuralTextures/430_459.mp4,
FaceForensics++,train,development,459_430,430_459,459,430,1,NeuralTextures,NeuralTextures/459_430.mp4,
FaceForensics++,train,development,431,431_447,431,,0,,original/431.mp4,
FaceForensics++,train,development,447,431_447,447,,0,,original/447.mp4,
FaceForensics++,train,development,431_447,431_447,431,447,1,DeepFakes,Deepfakes/431_447.mp4,
FaceForensics++,train,development,447_431,431_447,447,431,1,DeepFakes,Deepfakes/447_431.mp4,
FaceForensics++,train,development,431_447,431_447,431,447,1,Face2Face,Face2Face/431_447.mp4,
FaceForensics++,train,development,447_431,431_447,447,431,1,Face2Face,Face2Face/447_431.mp4,
FaceForensics++,train,development,431_447,431_447,431,447,1,FaceSwap,FaceSwap/431_447.mp4,
FaceForensics++,train,development,447_431,431_447,447,431,1,FaceSwap,FaceSwap/447_431.mp4,
FaceForensics++,train,development,431_447,431_447,431,447,1,NeuralTextures,NeuralTextures/431_447.mp4,
FaceForensics++,train,development,447_431,431_447,447,431,1,NeuralTextures,NeuralTextures/447_431.mp4,
FaceForensics++,train,development,433,433_498,433,,0,,original/433.mp4,
FaceForensics++,train,development,498,433_498,498,,0,,original/498.mp4,
FaceForensics++,train,development,433_498,433_498,433,498,1,DeepFakes,Deepfakes/433_498.mp4,
FaceForensics++,train,development,498_433,433_498,498,433,1,DeepFakes,Deepfakes/498_433.mp4,
FaceForensics++,train,development,433_498,433_498,433,498,1,Face2Face,Face2Face/433_498.mp4,
FaceForensics++,train,development,498_433,433_498,498,433,1,Face2Face,Face2Face/498_433.mp4,
FaceForensics++,train,development,433_498,433_498,433,498,1,FaceSwap,FaceSwap/433_498.mp4,
FaceForensics++,train,development,498_433,433_498,498,433,1,FaceSwap,FaceSwap/498_433.mp4,
FaceForensics++,train,development,433_498,433_498,433,498,1,NeuralTextures,NeuralTextures/433_498.mp4,
FaceForensics++,train,development,498_433,433_498,498,433,1,NeuralTextures,NeuralTextures/498_433.mp4,
FaceForensics++,train,development,449,449_451,449,,0,,original/449.mp4,
FaceForensics++,train,development,451,449_451,451,,0,,original/451.mp4,
FaceForensics++,train,development,449_451,449_451,449,451,1,DeepFakes,Deepfakes/449_451.mp4,
FaceForensics++,train,development,451_449,449_451,451,449,1,DeepFakes,Deepfakes/451_449.mp4,
FaceForensics++,train,development,449_451,449_451,449,451,1,Face2Face,Face2Face/449_451.mp4,
FaceForensics++,train,development,451_449,449_451,451,449,1,Face2Face,Face2Face/451_449.mp4,
FaceForensics++,train,development,449_451,449_451,449,451,1,FaceSwap,FaceSwap/449_451.mp4,
FaceForensics++,train,development,451_449,449_451,451,449,1,FaceSwap,FaceSwap/451_449.mp4,
FaceForensics++,train,development,449_451,449_451,449,451,1,NeuralTextures,NeuralTextures/449_451.mp4,
FaceForensics++,train,development,451_449,449_451,451,449,1,NeuralTextures,NeuralTextures/451_449.mp4,
FaceForensics++,train,development,458,458_722,458,,0,,original/458.mp4,
FaceForensics++,train,development,722,458_722,722,,0,,original/722.mp4,
FaceForensics++,train,development,458_722,458_722,458,722,1,DeepFakes,Deepfakes/458_722.mp4,
FaceForensics++,train,development,722_458,458_722,722,458,1,DeepFakes,Deepfakes/722_458.mp4,
FaceForensics++,train,development,458_722,458_722,458,722,1,Face2Face,Face2Face/458_722.mp4,
FaceForensics++,train,development,722_458,458_722,722,458,1,Face2Face,Face2Face/722_458.mp4,
FaceForensics++,train,development,458_722,458_722,458,722,1,FaceSwap,FaceSwap/458_722.mp4,
FaceForensics++,train,development,722_458,458_722,722,458,1,FaceSwap,FaceSwap/722_458.mp4,
FaceForensics++,train,development,458_722,458_722,458,722,1,NeuralTextures,NeuralTextures/458_722.mp4,
FaceForensics++,train,development,722_458,458_722,722,458,1,NeuralTextures,NeuralTextures/722_458.mp4,
FaceForensics++,train,development,460,460_678,460,,0,,original/460.mp4,
FaceForensics++,train,development,678,460_678,678,,0,,original/678.mp4,
FaceForensics++,train,development,460_678,460_678,460,678,1,DeepFakes,Deepfakes/460_678.mp4,
FaceForensics++,train,development,678_460,460_678,678,460,1,DeepFakes,Deepfakes/678_460.mp4,
FaceForensics++,train,development,460_678,460_678,460,678,1,Face2Face,Face2Face/460_678.mp4,
FaceForensics++,train,development,678_460,460_678,678,460,1,Face2Face,Face2Face/678_460.mp4,
FaceForensics++,train,development,460_678,460_678,460,678,1,FaceSwap,FaceSwap/460_678.mp4,
FaceForensics++,train,development,678_460,460_678,678,460,1,FaceSwap,FaceSwap/678_460.mp4,
FaceForensics++,train,development,460_678,460_678,460,678,1,NeuralTextures,NeuralTextures/460_678.mp4,
FaceForensics++,train,development,678_460,460_678,678,460,1,NeuralTextures,NeuralTextures/678_460.mp4,
FaceForensics++,train,development,502,502_504,502,,0,,original/502.mp4,
FaceForensics++,train,development,504,502_504,504,,0,,original/504.mp4,
FaceForensics++,train,development,502_504,502_504,502,504,1,DeepFakes,Deepfakes/502_504.mp4,
FaceForensics++,train,development,504_502,502_504,504,502,1,DeepFakes,Deepfakes/504_502.mp4,
FaceForensics++,train,development,502_504,502_504,502,504,1,Face2Face,Face2Face/502_504.mp4,
FaceForensics++,train,development,504_502,502_504,504,502,1,Face2Face,Face2Face/504_502.mp4,
FaceForensics++,train,development,502_504,502_504,502,504,1,FaceSwap,FaceSwap/502_504.mp4,
FaceForensics++,train,development,504_502,502_504,504,502,1,FaceSwap,FaceSwap/504_502.mp4,
FaceForensics++,train,development,502_504,502_504,502,504,1,NeuralTextures,NeuralTextures/502_504.mp4,
FaceForensics++,train,development,504_502,502_504,504,502,1,NeuralTextures,NeuralTextures/504_502.mp4,
FaceForensics++,train,development,503,503_756,503,,0,,original/503.mp4,
FaceForensics++,train,development,756,503_756,756,,0,,original/756.mp4,
FaceForensics++,train,development,503_756,503_756,503,756,1,DeepFakes,Deepfakes/503_756.mp4,
FaceForensics++,train,development,756_503,503_756,756,503,1,DeepFakes,Deepfakes/756_503.mp4,
FaceForensics++,train,development,503_756,503_756,503,756,1,Face2Face,Face2Face/503_756.mp4,
FaceForensics++,train,development,756_503,503_756,756,503,1,Face2Face,Face2Face/756_503.mp4,
FaceForensics++,train,development,503_756,503_756,503,756,1,FaceSwap,FaceSwap/503_756.mp4,
FaceForensics++,train,development,756_503,503_756,756,503,1,FaceSwap,FaceSwap/756_503.mp4,
FaceForensics++,train,development,503_756,503_756,503,756,1,NeuralTextures,NeuralTextures/503_756.mp4,
FaceForensics++,train,development,756_503,503_756,756,503,1,NeuralTextures,NeuralTextures/756_503.mp4,
FaceForensics++,train,development,523,523_541,523,,0,,original/523.mp4,
FaceForensics++,train,development,541,523_541,541,,0,,original/541.mp4,
FaceForensics++,train,development,523_541,523_541,523,541,1,DeepFakes,Deepfakes/523_541.mp4,
FaceForensics++,train,development,541_523,523_541,541,523,1,DeepFakes,Deepfakes/541_523.mp4,
FaceForensics++,train,development,523_541,523_541,523,541,1,Face2Face,Face2Face/523_541.mp4,
FaceForensics++,train,development,541_523,523_541,541,523,1,Face2Face,Face2Face/541_523.mp4,
FaceForensics++,train,development,523_541,523_541,523,541,1,FaceSwap,FaceSwap/523_541.mp4,
FaceForensics++,train,development,541_523,523_541,541,523,1,FaceSwap,FaceSwap/541_523.mp4,
FaceForensics++,train,development,523_541,523_541,523,541,1,NeuralTextures,NeuralTextures/523_541.mp4,
FaceForensics++,train,development,541_523,523_541,541,523,1,NeuralTextures,NeuralTextures/541_523.mp4,
FaceForensics++,train,development,535,535_587,535,,0,,original/535.mp4,
FaceForensics++,train,development,587,535_587,587,,0,,original/587.mp4,
FaceForensics++,train,development,535_587,535_587,535,587,1,DeepFakes,Deepfakes/535_587.mp4,
FaceForensics++,train,development,587_535,535_587,587,535,1,DeepFakes,Deepfakes/587_535.mp4,
FaceForensics++,train,development,535_587,535_587,535,587,1,Face2Face,Face2Face/535_587.mp4,
FaceForensics++,train,development,587_535,535_587,587,535,1,Face2Face,Face2Face/587_535.mp4,
FaceForensics++,train,development,535_587,535_587,535,587,1,FaceSwap,FaceSwap/535_587.mp4,
FaceForensics++,train,development,587_535,535_587,587,535,1,FaceSwap,FaceSwap/587_535.mp4,
FaceForensics++,train,development,535_587,535_587,535,587,1,NeuralTextures,NeuralTextures/535_587.mp4,
FaceForensics++,train,development,587_535,535_587,587,535,1,NeuralTextures,NeuralTextures/587_535.mp4,
FaceForensics++,train,development,545,545_553,545,,0,,original/545.mp4,
FaceForensics++,train,development,553,545_553,553,,0,,original/553.mp4,
FaceForensics++,train,development,545_553,545_553,545,553,1,DeepFakes,Deepfakes/545_553.mp4,
FaceForensics++,train,development,553_545,545_553,553,545,1,DeepFakes,Deepfakes/553_545.mp4,
FaceForensics++,train,development,545_553,545_553,545,553,1,Face2Face,Face2Face/545_553.mp4,
FaceForensics++,train,development,553_545,545_553,553,545,1,Face2Face,Face2Face/553_545.mp4,
FaceForensics++,train,development,545_553,545_553,545,553,1,FaceSwap,FaceSwap/545_553.mp4,
FaceForensics++,train,development,553_545,545_553,553,545,1,FaceSwap,FaceSwap/553_545.mp4,
FaceForensics++,train,development,545_553,545_553,545,553,1,NeuralTextures,NeuralTextures/545_553.mp4,
FaceForensics++,train,development,553_545,545_553,553,545,1,NeuralTextures,NeuralTextures/553_545.mp4,
FaceForensics++,train,development,546,546_621,546,,0,,original/546.mp4,
FaceForensics++,train,development,621,546_621,621,,0,,original/621.mp4,
FaceForensics++,train,development,546_621,546_621,546,621,1,DeepFakes,Deepfakes/546_621.mp4,
FaceForensics++,train,development,621_546,546_621,621,546,1,DeepFakes,Deepfakes/621_546.mp4,
FaceForensics++,train,development,546_621,546_621,546,621,1,Face2Face,Face2Face/546_621.mp4,
FaceForensics++,train,development,621_546,546_621,621,546,1,Face2Face,Face2Face/621_546.mp4,
FaceForensics++,train,development,546_621,546_621,546,621,1,FaceSwap,FaceSwap/546_621.mp4,
FaceForensics++,train,development,621_546,546_621,621,546,1,FaceSwap,FaceSwap/621_546.mp4,
FaceForensics++,train,development,546_621,546_621,546,621,1,NeuralTextures,NeuralTextures/546_621.mp4,
FaceForensics++,train,development,621_546,546_621,621,546,1,NeuralTextures,NeuralTextures/621_546.mp4,
FaceForensics++,train,development,568,568_628,568,,0,,original/568.mp4,
FaceForensics++,train,development,628,568_628,628,,0,,original/628.mp4,
FaceForensics++,train,development,568_628,568_628,568,628,1,DeepFakes,Deepfakes/568_628.mp4,
FaceForensics++,train,development,628_568,568_628,628,568,1,DeepFakes,Deepfakes/628_568.mp4,
FaceForensics++,train,development,568_628,568_628,568,628,1,Face2Face,Face2Face/568_628.mp4,
FaceForensics++,train,development,628_568,568_628,628,568,1,Face2Face,Face2Face/628_568.mp4,
FaceForensics++,train,development,568_628,568_628,568,628,1,FaceSwap,FaceSwap/568_628.mp4,
FaceForensics++,train,development,628_568,568_628,628,568,1,FaceSwap,FaceSwap/628_568.mp4,
FaceForensics++,train,development,568_628,568_628,568,628,1,NeuralTextures,NeuralTextures/568_628.mp4,
FaceForensics++,train,development,628_568,568_628,628,568,1,NeuralTextures,NeuralTextures/628_568.mp4,
FaceForensics++,train,development,569,569_921,569,,0,,original/569.mp4,
FaceForensics++,train,development,921,569_921,921,,0,,original/921.mp4,
FaceForensics++,train,development,569_921,569_921,569,921,1,DeepFakes,Deepfakes/569_921.mp4,
FaceForensics++,train,development,921_569,569_921,921,569,1,DeepFakes,Deepfakes/921_569.mp4,
FaceForensics++,train,development,569_921,569_921,569,921,1,Face2Face,Face2Face/569_921.mp4,
FaceForensics++,train,development,921_569,569_921,921,569,1,Face2Face,Face2Face/921_569.mp4,
FaceForensics++,train,development,569_921,569_921,569,921,1,FaceSwap,FaceSwap/569_921.mp4,
FaceForensics++,train,development,921_569,569_921,921,569,1,FaceSwap,FaceSwap/921_569.mp4,
FaceForensics++,train,development,569_921,569_921,569,921,1,NeuralTextures,NeuralTextures/569_921.mp4,
FaceForensics++,train,development,921_569,569_921,921,569,1,NeuralTextures,NeuralTextures/921_569.mp4,
FaceForensics++,train,development,570,570_624,570,,0,,original/570.mp4,
FaceForensics++,train,development,624,570_624,624,,0,,original/624.mp4,
FaceForensics++,train,development,570_624,570_624,570,624,1,DeepFakes,Deepfakes/570_624.mp4,
FaceForensics++,train,development,624_570,570_624,624,570,1,DeepFakes,Deepfakes/624_570.mp4,
FaceForensics++,train,development,570_624,570_624,570,624,1,Face2Face,Face2Face/570_624.mp4,
FaceForensics++,train,development,624_570,570_624,624,570,1,Face2Face,Face2Face/624_570.mp4,
FaceForensics++,train,development,570_624,570_624,570,624,1,FaceSwap,FaceSwap/570_624.mp4,
FaceForensics++,train,development,624_570,570_624,624,570,1,FaceSwap,FaceSwap/624_570.mp4,
FaceForensics++,train,development,570_624,570_624,570,624,1,NeuralTextures,NeuralTextures/570_624.mp4,
FaceForensics++,train,development,624_570,570_624,624,570,1,NeuralTextures,NeuralTextures/624_570.mp4,
FaceForensics++,train,development,581,581_697,581,,0,,original/581.mp4,
FaceForensics++,train,development,697,581_697,697,,0,,original/697.mp4,
FaceForensics++,train,development,581_697,581_697,581,697,1,DeepFakes,Deepfakes/581_697.mp4,
FaceForensics++,train,development,697_581,581_697,697,581,1,DeepFakes,Deepfakes/697_581.mp4,
FaceForensics++,train,development,581_697,581_697,581,697,1,Face2Face,Face2Face/581_697.mp4,
FaceForensics++,train,development,697_581,581_697,697,581,1,Face2Face,Face2Face/697_581.mp4,
FaceForensics++,train,development,581_697,581_697,581,697,1,FaceSwap,FaceSwap/581_697.mp4,
FaceForensics++,train,development,697_581,581_697,697,581,1,FaceSwap,FaceSwap/697_581.mp4,
FaceForensics++,train,development,581_697,581_697,581,697,1,NeuralTextures,NeuralTextures/581_697.mp4,
FaceForensics++,train,development,697_581,581_697,697,581,1,NeuralTextures,NeuralTextures/697_581.mp4,
FaceForensics++,train,development,610,610_692,610,,0,,original/610.mp4,
FaceForensics++,train,development,692,610_692,692,,0,,original/692.mp4,
FaceForensics++,train,development,610_692,610_692,610,692,1,DeepFakes,Deepfakes/610_692.mp4,
FaceForensics++,train,development,692_610,610_692,692,610,1,DeepFakes,Deepfakes/692_610.mp4,
FaceForensics++,train,development,610_692,610_692,610,692,1,Face2Face,Face2Face/610_692.mp4,
FaceForensics++,train,development,692_610,610_692,692,610,1,Face2Face,Face2Face/692_610.mp4,
FaceForensics++,train,development,610_692,610_692,610,692,1,FaceSwap,FaceSwap/610_692.mp4,
FaceForensics++,train,development,692_610,610_692,692,610,1,FaceSwap,FaceSwap/692_610.mp4,
FaceForensics++,train,development,610_692,610_692,610,692,1,NeuralTextures,NeuralTextures/610_692.mp4,
FaceForensics++,train,development,692_610,610_692,692,610,1,NeuralTextures,NeuralTextures/692_610.mp4,
FaceForensics++,train,development,651,651_835,651,,0,,original/651.mp4,
FaceForensics++,train,development,835,651_835,835,,0,,original/835.mp4,
FaceForensics++,train,development,651_835,651_835,651,835,1,DeepFakes,Deepfakes/651_835.mp4,
FaceForensics++,train,development,835_651,651_835,835,651,1,DeepFakes,Deepfakes/835_651.mp4,
FaceForensics++,train,development,651_835,651_835,651,835,1,Face2Face,Face2Face/651_835.mp4,
FaceForensics++,train,development,835_651,651_835,835,651,1,Face2Face,Face2Face/835_651.mp4,
FaceForensics++,train,development,651_835,651_835,651,835,1,FaceSwap,FaceSwap/651_835.mp4,
FaceForensics++,train,development,835_651,651_835,835,651,1,FaceSwap,FaceSwap/835_651.mp4,
FaceForensics++,train,development,651_835,651_835,651,835,1,NeuralTextures,NeuralTextures/651_835.mp4,
FaceForensics++,train,development,835_651,651_835,835,651,1,NeuralTextures,NeuralTextures/835_651.mp4,
FaceForensics++,train,development,671,671_677,671,,0,,original/671.mp4,
FaceForensics++,train,development,677,671_677,677,,0,,original/677.mp4,
FaceForensics++,train,development,671_677,671_677,671,677,1,DeepFakes,Deepfakes/671_677.mp4,
FaceForensics++,train,development,677_671,671_677,677,671,1,DeepFakes,Deepfakes/677_671.mp4,
FaceForensics++,train,development,671_677,671_677,671,677,1,Face2Face,Face2Face/671_677.mp4,
FaceForensics++,train,development,677_671,671_677,677,671,1,Face2Face,Face2Face/677_671.mp4,
FaceForensics++,train,development,671_677,671_677,671,677,1,FaceSwap,FaceSwap/671_677.mp4,
FaceForensics++,train,development,677_671,671_677,677,671,1,FaceSwap,FaceSwap/677_671.mp4,
FaceForensics++,train,development,671_677,671_677,671,677,1,NeuralTextures,NeuralTextures/671_677.mp4,
FaceForensics++,train,development,677_671,671_677,677,671,1,NeuralTextures,NeuralTextures/677_671.mp4,
FaceForensics++,train,development,674,674_744,674,,0,,original/674.mp4,
FaceForensics++,train,development,744,674_744,744,,0,,original/744.mp4,
FaceForensics++,train,development,674_744,674_744,674,744,1,DeepFakes,Deepfakes/674_744.mp4,
FaceForensics++,train,development,744_674,674_744,744,674,1,DeepFakes,Deepfakes/744_674.mp4,
FaceForensics++,train,development,674_744,674_744,674,744,1,Face2Face,Face2Face/674_744.mp4,
FaceForensics++,train,development,744_674,674_744,744,674,1,Face2Face,Face2Face/744_674.mp4,
FaceForensics++,train,development,674_744,674_744,674,744,1,FaceSwap,FaceSwap/674_744.mp4,
FaceForensics++,train,development,744_674,674_744,744,674,1,FaceSwap,FaceSwap/744_674.mp4,
FaceForensics++,train,development,674_744,674_744,674,744,1,NeuralTextures,NeuralTextures/674_744.mp4,
FaceForensics++,train,development,744_674,674_744,744,674,1,NeuralTextures,NeuralTextures/744_674.mp4,
FaceForensics++,train,development,712,712_716,712,,0,,original/712.mp4,
FaceForensics++,train,development,716,712_716,716,,0,,original/716.mp4,
FaceForensics++,train,development,712_716,712_716,712,716,1,DeepFakes,Deepfakes/712_716.mp4,
FaceForensics++,train,development,716_712,712_716,716,712,1,DeepFakes,Deepfakes/716_712.mp4,
FaceForensics++,train,development,712_716,712_716,712,716,1,Face2Face,Face2Face/712_716.mp4,
FaceForensics++,train,development,716_712,712_716,716,712,1,Face2Face,Face2Face/716_712.mp4,
FaceForensics++,train,development,712_716,712_716,712,716,1,FaceSwap,FaceSwap/712_716.mp4,
FaceForensics++,train,development,716_712,712_716,716,712,1,FaceSwap,FaceSwap/716_712.mp4,
FaceForensics++,train,development,712_716,712_716,712,716,1,NeuralTextures,NeuralTextures/712_716.mp4,
FaceForensics++,train,development,716_712,712_716,716,712,1,NeuralTextures,NeuralTextures/716_712.mp4,
FaceForensics++,train,development,733,733_935,733,,0,,original/733.mp4,
FaceForensics++,train,development,935,733_935,935,,0,,original/935.mp4,
FaceForensics++,train,development,733_935,733_935,733,935,1,DeepFakes,Deepfakes/733_935.mp4,
FaceForensics++,train,development,935_733,733_935,935,733,1,DeepFakes,Deepfakes/935_733.mp4,
FaceForensics++,train,development,733_935,733_935,733,935,1,Face2Face,Face2Face/733_935.mp4,
FaceForensics++,train,development,935_733,733_935,935,733,1,Face2Face,Face2Face/935_733.mp4,
FaceForensics++,train,development,733_935,733_935,733,935,1,FaceSwap,FaceSwap/733_935.mp4,
FaceForensics++,train,development,935_733,733_935,935,733,1,FaceSwap,FaceSwap/935_733.mp4,
FaceForensics++,train,development,733_935,733_935,733,935,1,NeuralTextures,NeuralTextures/733_935.mp4,
FaceForensics++,train,development,935_733,733_935,935,733,1,NeuralTextures,NeuralTextures/935_733.mp4,
FaceForensics++,train,development,753,753_789,753,,0,,original/753.mp4,
FaceForensics++,train,development,789,753_789,789,,0,,original/789.mp4,
FaceForensics++,train,development,753_789,753_789,753,789,1,DeepFakes,Deepfakes/753_789.mp4,
FaceForensics++,train,development,789_753,753_789,789,753,1,DeepFakes,Deepfakes/789_753.mp4,
FaceForensics++,train,development,753_789,753_789,753,789,1,Face2Face,Face2Face/753_789.mp4,
FaceForensics++,train,development,789_753,753_789,789,753,1,Face2Face,Face2Face/789_753.mp4,
FaceForensics++,train,development,753_789,753_789,753,789,1,FaceSwap,FaceSwap/753_789.mp4,
FaceForensics++,train,development,789_753,753_789,789,753,1,FaceSwap,FaceSwap/789_753.mp4,
FaceForensics++,train,development,753_789,753_789,753,789,1,NeuralTextures,NeuralTextures/753_789.mp4,
FaceForensics++,train,development,789_753,753_789,789,753,1,NeuralTextures,NeuralTextures/789_753.mp4,
FaceForensics++,train,development,763,763_930,763,,0,,original/763.mp4,
FaceForensics++,train,development,930,763_930,930,,0,,original/930.mp4,
FaceForensics++,train,development,763_930,763_930,763,930,1,DeepFakes,Deepfakes/763_930.mp4,
FaceForensics++,train,development,930_763,763_930,930,763,1,DeepFakes,Deepfakes/930_763.mp4,
FaceForensics++,train,development,763_930,763_930,763,930,1,Face2Face,Face2Face/763_930.mp4,
FaceForensics++,train,development,930_763,763_930,930,763,1,Face2Face,Face2Face/930_763.mp4,
FaceForensics++,train,development,763_930,763_930,763,930,1,FaceSwap,FaceSwap/763_930.mp4,
FaceForensics++,train,development,930_763,763_930,930,763,1,FaceSwap,FaceSwap/930_763.mp4,
FaceForensics++,train,development,763_930,763_930,763,930,1,NeuralTextures,NeuralTextures/763_930.mp4,
FaceForensics++,train,development,930_763,763_930,930,763,1,NeuralTextures,NeuralTextures/930_763.mp4,
FaceForensics++,train,development,795,795_907,795,,0,,original/795.mp4,
FaceForensics++,train,development,907,795_907,907,,0,,original/907.mp4,
FaceForensics++,train,development,795_907,795_907,795,907,1,DeepFakes,Deepfakes/795_907.mp4,
FaceForensics++,train,development,907_795,795_907,907,795,1,DeepFakes,Deepfakes/907_795.mp4,
FaceForensics++,train,development,795_907,795_907,795,907,1,Face2Face,Face2Face/795_907.mp4,
FaceForensics++,train,development,907_795,795_907,907,795,1,Face2Face,Face2Face/907_795.mp4,
FaceForensics++,train,development,795_907,795_907,795,907,1,FaceSwap,FaceSwap/795_907.mp4,
FaceForensics++,train,development,907_795,795_907,907,795,1,FaceSwap,FaceSwap/907_795.mp4,
FaceForensics++,train,development,795_907,795_907,795,907,1,NeuralTextures,NeuralTextures/795_907.mp4,
FaceForensics++,train,development,907_795,795_907,907,795,1,NeuralTextures,NeuralTextures/907_795.mp4,
FaceForensics++,train,development,802,802_885,802,,0,,original/802.mp4,
FaceForensics++,train,development,885,802_885,885,,0,,original/885.mp4,
FaceForensics++,train,development,802_885,802_885,802,885,1,DeepFakes,Deepfakes/802_885.mp4,
FaceForensics++,train,development,885_802,802_885,885,802,1,DeepFakes,Deepfakes/885_802.mp4,
FaceForensics++,train,development,802_885,802_885,802,885,1,Face2Face,Face2Face/802_885.mp4,
FaceForensics++,train,development,885_802,802_885,885,802,1,Face2Face,Face2Face/885_802.mp4,
FaceForensics++,train,development,802_885,802_885,802,885,1,FaceSwap,FaceSwap/802_885.mp4,
FaceForensics++,train,development,885_802,802_885,885,802,1,FaceSwap,FaceSwap/885_802.mp4,
FaceForensics++,train,development,802_885,802_885,802,885,1,NeuralTextures,NeuralTextures/802_885.mp4,
FaceForensics++,train,development,885_802,802_885,885,802,1,NeuralTextures,NeuralTextures/885_802.mp4,
FaceForensics++,train,development,828,828_830,828,,0,,original/828.mp4,
FaceForensics++,train,development,830,828_830,830,,0,,original/830.mp4,
FaceForensics++,train,development,828_830,828_830,828,830,1,DeepFakes,Deepfakes/828_830.mp4,
FaceForensics++,train,development,830_828,828_830,830,828,1,DeepFakes,Deepfakes/830_828.mp4,
FaceForensics++,train,development,828_830,828_830,828,830,1,Face2Face,Face2Face/828_830.mp4,
FaceForensics++,train,development,830_828,828_830,830,828,1,Face2Face,Face2Face/830_828.mp4,
FaceForensics++,train,development,828_830,828_830,828,830,1,FaceSwap,FaceSwap/828_830.mp4,
FaceForensics++,train,development,830_828,828_830,830,828,1,FaceSwap,FaceSwap/830_828.mp4,
FaceForensics++,train,development,828_830,828_830,828,830,1,NeuralTextures,NeuralTextures/828_830.mp4,
FaceForensics++,train,development,830_828,828_830,830,828,1,NeuralTextures,NeuralTextures/830_828.mp4,
FaceForensics++,train,development,845,845_846,845,,0,,original/845.mp4,
FaceForensics++,train,development,846,845_846,846,,0,,original/846.mp4,
FaceForensics++,train,development,845_846,845_846,845,846,1,DeepFakes,Deepfakes/845_846.mp4,
FaceForensics++,train,development,846_845,845_846,846,845,1,DeepFakes,Deepfakes/846_845.mp4,
FaceForensics++,train,development,845_846,845_846,845,846,1,Face2Face,Face2Face/845_846.mp4,
FaceForensics++,train,development,846_845,845_846,846,845,1,Face2Face,Face2Face/846_845.mp4,
FaceForensics++,train,development,845_846,845_846,845,846,1,FaceSwap,FaceSwap/845_846.mp4,
FaceForensics++,train,development,846_845,845_846,846,845,1,FaceSwap,FaceSwap/846_845.mp4,
FaceForensics++,train,development,845_846,845_846,845,846,1,NeuralTextures,NeuralTextures/845_846.mp4,
FaceForensics++,train,development,846_845,845_846,846,845,1,NeuralTextures,NeuralTextures/846_845.mp4,
FaceForensics++,train,development,872,872_873,872,,0,,original/872.mp4,
FaceForensics++,train,development,873,872_873,873,,0,,original/873.mp4,
FaceForensics++,train,development,872_873,872_873,872,873,1,DeepFakes,Deepfakes/872_873.mp4,
FaceForensics++,train,development,873_872,872_873,873,872,1,DeepFakes,Deepfakes/873_872.mp4,
FaceForensics++,train,development,872_873,872_873,872,873,1,Face2Face,Face2Face/872_873.mp4,
FaceForensics++,train,development,873_872,872_873,873,872,1,Face2Face,Face2Face/873_872.mp4,
FaceForensics++,train,development,872_873,872_873,872,873,1,FaceSwap,FaceSwap/872_873.mp4,
FaceForensics++,train,development,873_872,872_873,873,872,1,FaceSwap,FaceSwap/873_872.mp4,
FaceForensics++,train,development,872_873,872_873,872,873,1,NeuralTextures,NeuralTextures/872_873.mp4,
FaceForensics++,train,development,873_872,872_873,873,872,1,NeuralTextures,NeuralTextures/873_872.mp4,
FaceForensics++,train,development,876,876_891,876,,0,,original/876.mp4,
FaceForensics++,train,development,891,876_891,891,,0,,original/891.mp4,
FaceForensics++,train,development,876_891,876_891,876,891,1,DeepFakes,Deepfakes/876_891.mp4,
FaceForensics++,train,development,891_876,876_891,891,876,1,DeepFakes,Deepfakes/891_876.mp4,
FaceForensics++,train,development,876_891,876_891,876,891,1,Face2Face,Face2Face/876_891.mp4,
FaceForensics++,train,development,891_876,876_891,891,876,1,Face2Face,Face2Face/891_876.mp4,
FaceForensics++,train,development,876_891,876_891,876,891,1,FaceSwap,FaceSwap/876_891.mp4,
FaceForensics++,train,development,891_876,876_891,891,876,1,FaceSwap,FaceSwap/891_876.mp4,
FaceForensics++,train,development,876_891,876_891,876,891,1,NeuralTextures,NeuralTextures/876_891.mp4,
FaceForensics++,train,development,891_876,876_891,891,876,1,NeuralTextures,NeuralTextures/891_876.mp4,
FaceForensics++,train,development,882,882_952,882,,0,,original/882.mp4,
FaceForensics++,train,development,952,882_952,952,,0,,original/952.mp4,
FaceForensics++,train,development,882_952,882_952,882,952,1,DeepFakes,Deepfakes/882_952.mp4,
FaceForensics++,train,development,952_882,882_952,952,882,1,DeepFakes,Deepfakes/952_882.mp4,
FaceForensics++,train,development,882_952,882_952,882,952,1,Face2Face,Face2Face/882_952.mp4,
FaceForensics++,train,development,952_882,882_952,952,882,1,Face2Face,Face2Face/952_882.mp4,
FaceForensics++,train,development,882_952,882_952,882,952,1,FaceSwap,FaceSwap/882_952.mp4,
FaceForensics++,train,development,952_882,882_952,952,882,1,FaceSwap,FaceSwap/952_882.mp4,
FaceForensics++,train,development,882_952,882_952,882,952,1,NeuralTextures,NeuralTextures/882_952.mp4,
FaceForensics++,train,development,952_882,882_952,952,882,1,NeuralTextures,NeuralTextures/952_882.mp4,
FaceForensics++,train,development,910,910_911,910,,0,,original/910.mp4,
FaceForensics++,train,development,911,910_911,911,,0,,original/911.mp4,
FaceForensics++,train,development,910_911,910_911,910,911,1,DeepFakes,Deepfakes/910_911.mp4,
FaceForensics++,train,development,911_910,910_911,911,910,1,DeepFakes,Deepfakes/911_910.mp4,
FaceForensics++,train,development,910_911,910_911,910,911,1,Face2Face,Face2Face/910_911.mp4,
FaceForensics++,train,development,911_910,910_911,911,910,1,Face2Face,Face2Face/911_910.mp4,
FaceForensics++,train,development,910_911,910_911,910,911,1,FaceSwap,FaceSwap/910_911.mp4,
FaceForensics++,train,development,911_910,910_911,911,910,1,FaceSwap,FaceSwap/911_910.mp4,
FaceForensics++,train,development,910_911,910_911,910,911,1,NeuralTextures,NeuralTextures/910_911.mp4,
FaceForensics++,train,development,911_910,910_911,911,910,1,NeuralTextures,NeuralTextures/911_910.mp4,
FaceForensics++,train,development,929,929_962,929,,0,,original/929.mp4,
FaceForensics++,train,development,962,929_962,962,,0,,original/962.mp4,
FaceForensics++,train,development,929_962,929_962,929,962,1,DeepFakes,Deepfakes/929_962.mp4,
FaceForensics++,train,development,962_929,929_962,962,929,1,DeepFakes,Deepfakes/962_929.mp4,
FaceForensics++,train,development,929_962,929_962,929,962,1,Face2Face,Face2Face/929_962.mp4,
FaceForensics++,train,development,962_929,929_962,962,929,1,Face2Face,Face2Face/962_929.mp4,
FaceForensics++,train,development,929_962,929_962,929,962,1,FaceSwap,FaceSwap/929_962.mp4,
FaceForensics++,train,development,962_929,929_962,962,929,1,FaceSwap,FaceSwap/962_929.mp4,
FaceForensics++,train,development,929_962,929_962,929,962,1,NeuralTextures,NeuralTextures/929_962.mp4,
FaceForensics++,train,development,962_929,929_962,962,929,1,NeuralTextures,NeuralTextures/962_929.mp4,
FaceForensics++,train,development,931,931_936,931,,0,,original/931.mp4,
FaceForensics++,train,development,936,931_936,936,,0,,original/936.mp4,
FaceForensics++,train,development,931_936,931_936,931,936,1,DeepFakes,Deepfakes/931_936.mp4,
FaceForensics++,train,development,936_931,931_936,936,931,1,DeepFakes,Deepfakes/936_931.mp4,
FaceForensics++,train,development,931_936,931_936,931,936,1,Face2Face,Face2Face/931_936.mp4,
FaceForensics++,train,development,936_931,931_936,936,931,1,Face2Face,Face2Face/936_931.mp4,
FaceForensics++,train,development,931_936,931_936,931,936,1,FaceSwap,FaceSwap/931_936.mp4,
FaceForensics++,train,development,936_931,931_936,936,931,1,FaceSwap,FaceSwap/936_931.mp4,
FaceForensics++,train,development,931_936,931_936,931,936,1,NeuralTextures,NeuralTextures/931_936.mp4,
FaceForensics++,train,development,936_931,931_936,936,931,1,NeuralTextures,NeuralTextures/936_931.mp4,
FaceForensics++,train,development,981,981_985,981,,0,,original/981.mp4,
FaceForensics++,train,development,985,981_985,985,,0,,original/985.mp4,
FaceForensics++,train,development,981_985,981_985,981,985,1,DeepFakes,Deepfakes/981_985.mp4,
FaceForensics++,train,development,985_981,981_985,985,981,1,DeepFakes,Deepfakes/985_981.mp4,
FaceForensics++,train,development,981_985,981_985,981,985,1,Face2Face,Face2Face/981_985.mp4,
FaceForensics++,train,development,985_981,981_985,985,981,1,Face2Face,Face2Face/985_981.mp4,
FaceForensics++,train,development,981_985,981_985,981,985,1,FaceSwap,FaceSwap/981_985.mp4,
FaceForensics++,train,development,985_981,981_985,985,981,1,FaceSwap,FaceSwap/985_981.mp4,
FaceForensics++,train,development,981_985,981_985,981,985,1,NeuralTextures,NeuralTextures/981_985.mp4,
FaceForensics++,train,development,985_981,981_985,985,981,1,NeuralTextures,NeuralTextures/985_981.mp4,
FaceForensics++,train,fit,001,001_870,001,,0,,original/001.mp4,
FaceForensics++,train,fit,870,001_870,870,,0,,original/870.mp4,
FaceForensics++,train,fit,001_870,001_870,001,870,1,DeepFakes,Deepfakes/001_870.mp4,
FaceForensics++,train,fit,870_001,001_870,870,001,1,DeepFakes,Deepfakes/870_001.mp4,
FaceForensics++,train,fit,001_870,001_870,001,870,1,Face2Face,Face2Face/001_870.mp4,
FaceForensics++,train,fit,870_001,001_870,870,001,1,Face2Face,Face2Face/870_001.mp4,
FaceForensics++,train,fit,001_870,001_870,001,870,1,FaceSwap,FaceSwap/001_870.mp4,
FaceForensics++,train,fit,870_001,001_870,870,001,1,FaceSwap,FaceSwap/870_001.mp4,
FaceForensics++,train,fit,001_870,001_870,001,870,1,NeuralTextures,NeuralTextures/001_870.mp4,
FaceForensics++,train,fit,870_001,001_870,870,001,1,NeuralTextures,NeuralTextures/870_001.mp4,
FaceForensics++,train,fit,005,005_010,005,,0,,original/005.mp4,
FaceForensics++,train,fit,010,005_010,010,,0,,original/010.mp4,
FaceForensics++,train,fit,005_010,005_010,005,010,1,DeepFakes,Deepfakes/005_010.mp4,
FaceForensics++,train,fit,010_005,005_010,010,005,1,DeepFakes,Deepfakes/010_005.mp4,
FaceForensics++,train,fit,005_010,005_010,005,010,1,Face2Face,Face2Face/005_010.mp4,
FaceForensics++,train,fit,010_005,005_010,010,005,1,Face2Face,Face2Face/010_005.mp4,
FaceForensics++,train,fit,005_010,005_010,005,010,1,FaceSwap,FaceSwap/005_010.mp4,
FaceForensics++,train,fit,010_005,005_010,010,005,1,FaceSwap,FaceSwap/010_005.mp4,
FaceForensics++,train,fit,005_010,005_010,005,010,1,NeuralTextures,NeuralTextures/005_010.mp4,
FaceForensics++,train,fit,010_005,005_010,010,005,1,NeuralTextures,NeuralTextures/010_005.mp4,
FaceForensics++,train,fit,007,007_132,007,,0,,original/007.mp4,
FaceForensics++,train,fit,132,007_132,132,,0,,original/132.mp4,
FaceForensics++,train,fit,007_132,007_132,007,132,1,DeepFakes,Deepfakes/007_132.mp4,
FaceForensics++,train,fit,132_007,007_132,132,007,1,DeepFakes,Deepfakes/132_007.mp4,
FaceForensics++,train,fit,007_132,007_132,007,132,1,Face2Face,Face2Face/007_132.mp4,
FaceForensics++,train,fit,132_007,007_132,132,007,1,Face2Face,Face2Face/132_007.mp4,
FaceForensics++,train,fit,007_132,007_132,007,132,1,FaceSwap,FaceSwap/007_132.mp4,
FaceForensics++,train,fit,132_007,007_132,132,007,1,FaceSwap,FaceSwap/132_007.mp4,
FaceForensics++,train,fit,007_132,007_132,007,132,1,NeuralTextures,NeuralTextures/007_132.mp4,
FaceForensics++,train,fit,132_007,007_132,132,007,1,NeuralTextures,NeuralTextures/132_007.mp4,
FaceForensics++,train,fit,008,008_990,008,,0,,original/008.mp4,
FaceForensics++,train,fit,990,008_990,990,,0,,original/990.mp4,
FaceForensics++,train,fit,008_990,008_990,008,990,1,DeepFakes,Deepfakes/008_990.mp4,
FaceForensics++,train,fit,990_008,008_990,990,008,1,DeepFakes,Deepfakes/990_008.mp4,
FaceForensics++,train,fit,008_990,008_990,008,990,1,Face2Face,Face2Face/008_990.mp4,
FaceForensics++,train,fit,990_008,008_990,990,008,1,Face2Face,Face2Face/990_008.mp4,
FaceForensics++,train,fit,008_990,008_990,008,990,1,FaceSwap,FaceSwap/008_990.mp4,
FaceForensics++,train,fit,990_008,008_990,990,008,1,FaceSwap,FaceSwap/990_008.mp4,
FaceForensics++,train,fit,008_990,008_990,008,990,1,NeuralTextures,NeuralTextures/008_990.mp4,
FaceForensics++,train,fit,990_008,008_990,990,008,1,NeuralTextures,NeuralTextures/990_008.mp4,
FaceForensics++,train,fit,009,009_027,009,,0,,original/009.mp4,
FaceForensics++,train,fit,027,009_027,027,,0,,original/027.mp4,
FaceForensics++,train,fit,009_027,009_027,009,027,1,DeepFakes,Deepfakes/009_027.mp4,
FaceForensics++,train,fit,027_009,009_027,027,009,1,DeepFakes,Deepfakes/027_009.mp4,
FaceForensics++,train,fit,009_027,009_027,009,027,1,Face2Face,Face2Face/009_027.mp4,
FaceForensics++,train,fit,027_009,009_027,027,009,1,Face2Face,Face2Face/027_009.mp4,
FaceForensics++,train,fit,009_027,009_027,009,027,1,FaceSwap,FaceSwap/009_027.mp4,
FaceForensics++,train,fit,027_009,009_027,027,009,1,FaceSwap,FaceSwap/027_009.mp4,
FaceForensics++,train,fit,009_027,009_027,009,027,1,NeuralTextures,NeuralTextures/009_027.mp4,
FaceForensics++,train,fit,027_009,009_027,027,009,1,NeuralTextures,NeuralTextures/027_009.mp4,
FaceForensics++,train,fit,011,011_805,011,,0,,original/011.mp4,
FaceForensics++,train,fit,805,011_805,805,,0,,original/805.mp4,
FaceForensics++,train,fit,011_805,011_805,011,805,1,DeepFakes,Deepfakes/011_805.mp4,
FaceForensics++,train,fit,805_011,011_805,805,011,1,DeepFakes,Deepfakes/805_011.mp4,
FaceForensics++,train,fit,011_805,011_805,011,805,1,Face2Face,Face2Face/011_805.mp4,
FaceForensics++,train,fit,805_011,011_805,805,011,1,Face2Face,Face2Face/805_011.mp4,
FaceForensics++,train,fit,011_805,011_805,011,805,1,FaceSwap,FaceSwap/011_805.mp4,
FaceForensics++,train,fit,805_011,011_805,805,011,1,FaceSwap,FaceSwap/805_011.mp4,
FaceForensics++,train,fit,011_805,011_805,011,805,1,NeuralTextures,NeuralTextures/011_805.mp4,
FaceForensics++,train,fit,805_011,011_805,805,011,1,NeuralTextures,NeuralTextures/805_011.mp4,
FaceForensics++,train,fit,013,013_883,013,,0,,original/013.mp4,
FaceForensics++,train,fit,883,013_883,883,,0,,original/883.mp4,
FaceForensics++,train,fit,013_883,013_883,013,883,1,DeepFakes,Deepfakes/013_883.mp4,
FaceForensics++,train,fit,883_013,013_883,883,013,1,DeepFakes,Deepfakes/883_013.mp4,
FaceForensics++,train,fit,013_883,013_883,013,883,1,Face2Face,Face2Face/013_883.mp4,
FaceForensics++,train,fit,883_013,013_883,883,013,1,Face2Face,Face2Face/883_013.mp4,
FaceForensics++,train,fit,013_883,013_883,013,883,1,FaceSwap,FaceSwap/013_883.mp4,
FaceForensics++,train,fit,883_013,013_883,883,013,1,FaceSwap,FaceSwap/883_013.mp4,
FaceForensics++,train,fit,013_883,013_883,013,883,1,NeuralTextures,NeuralTextures/013_883.mp4,
FaceForensics++,train,fit,883_013,013_883,883,013,1,NeuralTextures,NeuralTextures/883_013.mp4,
FaceForensics++,train,fit,014,014_790,014,,0,,original/014.mp4,
FaceForensics++,train,fit,790,014_790,790,,0,,original/790.mp4,
FaceForensics++,train,fit,014_790,014_790,014,790,1,DeepFakes,Deepfakes/014_790.mp4,
FaceForensics++,train,fit,790_014,014_790,790,014,1,DeepFakes,Deepfakes/790_014.mp4,
FaceForensics++,train,fit,014_790,014_790,014,790,1,Face2Face,Face2Face/014_790.mp4,
FaceForensics++,train,fit,790_014,014_790,790,014,1,Face2Face,Face2Face/790_014.mp4,
FaceForensics++,train,fit,014_790,014_790,014,790,1,FaceSwap,FaceSwap/014_790.mp4,
FaceForensics++,train,fit,790_014,014_790,790,014,1,FaceSwap,FaceSwap/790_014.mp4,
FaceForensics++,train,fit,014_790,014_790,014,790,1,NeuralTextures,NeuralTextures/014_790.mp4,
FaceForensics++,train,fit,790_014,014_790,790,014,1,NeuralTextures,NeuralTextures/790_014.mp4,
FaceForensics++,train,fit,021,021_312,021,,0,,original/021.mp4,
FaceForensics++,train,fit,312,021_312,312,,0,,original/312.mp4,
FaceForensics++,train,fit,021_312,021_312,021,312,1,DeepFakes,Deepfakes/021_312.mp4,
FaceForensics++,train,fit,312_021,021_312,312,021,1,DeepFakes,Deepfakes/312_021.mp4,
FaceForensics++,train,fit,021_312,021_312,021,312,1,Face2Face,Face2Face/021_312.mp4,
FaceForensics++,train,fit,312_021,021_312,312,021,1,Face2Face,Face2Face/312_021.mp4,
FaceForensics++,train,fit,021_312,021_312,021,312,1,FaceSwap,FaceSwap/021_312.mp4,
FaceForensics++,train,fit,312_021,021_312,312,021,1,FaceSwap,FaceSwap/312_021.mp4,
FaceForensics++,train,fit,021_312,021_312,021,312,1,NeuralTextures,NeuralTextures/021_312.mp4,
FaceForensics++,train,fit,312_021,021_312,312,021,1,NeuralTextures,NeuralTextures/312_021.mp4,
FaceForensics++,train,fit,022,022_489,022,,0,,original/022.mp4,
FaceForensics++,train,fit,489,022_489,489,,0,,original/489.mp4,
FaceForensics++,train,fit,022_489,022_489,022,489,1,DeepFakes,Deepfakes/022_489.mp4,
FaceForensics++,train,fit,489_022,022_489,489,022,1,DeepFakes,Deepfakes/489_022.mp4,
FaceForensics++,train,fit,022_489,022_489,022,489,1,Face2Face,Face2Face/022_489.mp4,
FaceForensics++,train,fit,489_022,022_489,489,022,1,Face2Face,Face2Face/489_022.mp4,
FaceForensics++,train,fit,022_489,022_489,022,489,1,FaceSwap,FaceSwap/022_489.mp4,
FaceForensics++,train,fit,489_022,022_489,489,022,1,FaceSwap,FaceSwap/489_022.mp4,
FaceForensics++,train,fit,022_489,022_489,022,489,1,NeuralTextures,NeuralTextures/022_489.mp4,
FaceForensics++,train,fit,489_022,022_489,489,022,1,NeuralTextures,NeuralTextures/489_022.mp4,
FaceForensics++,train,fit,025,025_067,025,,0,,original/025.mp4,
FaceForensics++,train,fit,067,025_067,067,,0,,original/067.mp4,
FaceForensics++,train,fit,025_067,025_067,025,067,1,DeepFakes,Deepfakes/025_067.mp4,
FaceForensics++,train,fit,067_025,025_067,067,025,1,DeepFakes,Deepfakes/067_025.mp4,
FaceForensics++,train,fit,025_067,025_067,025,067,1,Face2Face,Face2Face/025_067.mp4,
FaceForensics++,train,fit,067_025,025_067,067,025,1,Face2Face,Face2Face/067_025.mp4,
FaceForensics++,train,fit,025_067,025_067,025,067,1,FaceSwap,FaceSwap/025_067.mp4,
FaceForensics++,train,fit,067_025,025_067,067,025,1,FaceSwap,FaceSwap/067_025.mp4,
FaceForensics++,train,fit,025_067,025_067,025,067,1,NeuralTextures,NeuralTextures/025_067.mp4,
FaceForensics++,train,fit,067_025,025_067,067,025,1,NeuralTextures,NeuralTextures/067_025.mp4,
FaceForensics++,train,fit,028,028_068,028,,0,,original/028.mp4,
FaceForensics++,train,fit,068,028_068,068,,0,,original/068.mp4,
FaceForensics++,train,fit,028_068,028_068,028,068,1,DeepFakes,Deepfakes/028_068.mp4,
FaceForensics++,train,fit,068_028,028_068,068,028,1,DeepFakes,Deepfakes/068_028.mp4,
FaceForensics++,train,fit,028_068,028_068,028,068,1,Face2Face,Face2Face/028_068.mp4,
FaceForensics++,train,fit,068_028,028_068,068,028,1,Face2Face,Face2Face/068_028.mp4,
FaceForensics++,train,fit,028_068,028_068,028,068,1,FaceSwap,FaceSwap/028_068.mp4,
FaceForensics++,train,fit,068_028,028_068,068,028,1,FaceSwap,FaceSwap/068_028.mp4,
FaceForensics++,train,fit,028_068,028_068,028,068,1,NeuralTextures,NeuralTextures/028_068.mp4,
FaceForensics++,train,fit,068_028,028_068,068,028,1,NeuralTextures,NeuralTextures/068_028.mp4,
FaceForensics++,train,fit,032,032_944,032,,0,,original/032.mp4,
FaceForensics++,train,fit,944,032_944,944,,0,,original/944.mp4,
FaceForensics++,train,fit,032_944,032_944,032,944,1,DeepFakes,Deepfakes/032_944.mp4,
FaceForensics++,train,fit,944_032,032_944,944,032,1,DeepFakes,Deepfakes/944_032.mp4,
FaceForensics++,train,fit,032_944,032_944,032,944,1,Face2Face,Face2Face/032_944.mp4,
FaceForensics++,train,fit,944_032,032_944,944,032,1,Face2Face,Face2Face/944_032.mp4,
FaceForensics++,train,fit,032_944,032_944,032,944,1,FaceSwap,FaceSwap/032_944.mp4,
FaceForensics++,train,fit,944_032,032_944,944,032,1,FaceSwap,FaceSwap/944_032.mp4,
FaceForensics++,train,fit,032_944,032_944,032,944,1,NeuralTextures,NeuralTextures/032_944.mp4,
FaceForensics++,train,fit,944_032,032_944,944,032,1,NeuralTextures,NeuralTextures/944_032.mp4,
FaceForensics++,train,fit,033,033_097,033,,0,,original/033.mp4,
FaceForensics++,train,fit,097,033_097,097,,0,,original/097.mp4,
FaceForensics++,train,fit,033_097,033_097,033,097,1,DeepFakes,Deepfakes/033_097.mp4,
FaceForensics++,train,fit,097_033,033_097,097,033,1,DeepFakes,Deepfakes/097_033.mp4,
FaceForensics++,train,fit,033_097,033_097,033,097,1,Face2Face,Face2Face/033_097.mp4,
FaceForensics++,train,fit,097_033,033_097,097,033,1,Face2Face,Face2Face/097_033.mp4,
FaceForensics++,train,fit,033_097,033_097,033,097,1,FaceSwap,FaceSwap/033_097.mp4,
FaceForensics++,train,fit,097_033,033_097,097,033,1,FaceSwap,FaceSwap/097_033.mp4,
FaceForensics++,train,fit,033_097,033_097,033,097,1,NeuralTextures,NeuralTextures/033_097.mp4,
FaceForensics++,train,fit,097_033,033_097,097,033,1,NeuralTextures,NeuralTextures/097_033.mp4,
FaceForensics++,train,fit,034,034_590,034,,0,,original/034.mp4,
FaceForensics++,train,fit,590,034_590,590,,0,,original/590.mp4,
FaceForensics++,train,fit,034_590,034_590,034,590,1,DeepFakes,Deepfakes/034_590.mp4,
FaceForensics++,train,fit,590_034,034_590,590,034,1,DeepFakes,Deepfakes/590_034.mp4,
FaceForensics++,train,fit,034_590,034_590,034,590,1,Face2Face,Face2Face/034_590.mp4,
FaceForensics++,train,fit,590_034,034_590,590,034,1,Face2Face,Face2Face/590_034.mp4,
FaceForensics++,train,fit,034_590,034_590,034,590,1,FaceSwap,FaceSwap/034_590.mp4,
FaceForensics++,train,fit,590_034,034_590,590,034,1,FaceSwap,FaceSwap/590_034.mp4,
FaceForensics++,train,fit,034_590,034_590,034,590,1,NeuralTextures,NeuralTextures/034_590.mp4,
FaceForensics++,train,fit,590_034,034_590,590,034,1,NeuralTextures,NeuralTextures/590_034.mp4,
FaceForensics++,train,fit,037,037_072,037,,0,,original/037.mp4,
FaceForensics++,train,fit,072,037_072,072,,0,,original/072.mp4,
FaceForensics++,train,fit,037_072,037_072,037,072,1,DeepFakes,Deepfakes/037_072.mp4,
FaceForensics++,train,fit,072_037,037_072,072,037,1,DeepFakes,Deepfakes/072_037.mp4,
FaceForensics++,train,fit,037_072,037_072,037,072,1,Face2Face,Face2Face/037_072.mp4,
FaceForensics++,train,fit,072_037,037_072,072,037,1,Face2Face,Face2Face/072_037.mp4,
FaceForensics++,train,fit,037_072,037_072,037,072,1,FaceSwap,FaceSwap/037_072.mp4,
FaceForensics++,train,fit,072_037,037_072,072,037,1,FaceSwap,FaceSwap/072_037.mp4,
FaceForensics++,train,fit,037_072,037_072,037,072,1,NeuralTextures,NeuralTextures/037_072.mp4,
FaceForensics++,train,fit,072_037,037_072,072,037,1,NeuralTextures,NeuralTextures/072_037.mp4,
FaceForensics++,train,fit,038,038_125,038,,0,,original/038.mp4,
FaceForensics++,train,fit,125,038_125,125,,0,,original/125.mp4,
FaceForensics++,train,fit,038_125,038_125,038,125,1,DeepFakes,Deepfakes/038_125.mp4,
FaceForensics++,train,fit,125_038,038_125,125,038,1,DeepFakes,Deepfakes/125_038.mp4,
FaceForensics++,train,fit,038_125,038_125,038,125,1,Face2Face,Face2Face/038_125.mp4,
FaceForensics++,train,fit,125_038,038_125,125,038,1,Face2Face,Face2Face/125_038.mp4,
FaceForensics++,train,fit,038_125,038_125,038,125,1,FaceSwap,FaceSwap/038_125.mp4,
FaceForensics++,train,fit,125_038,038_125,125,038,1,FaceSwap,FaceSwap/125_038.mp4,
FaceForensics++,train,fit,038_125,038_125,038,125,1,NeuralTextures,NeuralTextures/038_125.mp4,
FaceForensics++,train,fit,125_038,038_125,125,038,1,NeuralTextures,NeuralTextures/125_038.mp4,
FaceForensics++,train,fit,039,039_058,039,,0,,original/039.mp4,
FaceForensics++,train,fit,058,039_058,058,,0,,original/058.mp4,
FaceForensics++,train,fit,039_058,039_058,039,058,1,DeepFakes,Deepfakes/039_058.mp4,
FaceForensics++,train,fit,058_039,039_058,058,039,1,DeepFakes,Deepfakes/058_039.mp4,
FaceForensics++,train,fit,039_058,039_058,039,058,1,Face2Face,Face2Face/039_058.mp4,
FaceForensics++,train,fit,058_039,039_058,058,039,1,Face2Face,Face2Face/058_039.mp4,
FaceForensics++,train,fit,039_058,039_058,039,058,1,FaceSwap,FaceSwap/039_058.mp4,
FaceForensics++,train,fit,058_039,039_058,058,039,1,FaceSwap,FaceSwap/058_039.mp4,
FaceForensics++,train,fit,039_058,039_058,039,058,1,NeuralTextures,NeuralTextures/039_058.mp4,
FaceForensics++,train,fit,058_039,039_058,058,039,1,NeuralTextures,NeuralTextures/058_039.mp4,
FaceForensics++,train,fit,040,040_997,040,,0,,original/040.mp4,
FaceForensics++,train,fit,997,040_997,997,,0,,original/997.mp4,
FaceForensics++,train,fit,040_997,040_997,040,997,1,DeepFakes,Deepfakes/040_997.mp4,
FaceForensics++,train,fit,997_040,040_997,997,040,1,DeepFakes,Deepfakes/997_040.mp4,
FaceForensics++,train,fit,040_997,040_997,040,997,1,Face2Face,Face2Face/040_997.mp4,
FaceForensics++,train,fit,997_040,040_997,997,040,1,Face2Face,Face2Face/997_040.mp4,
FaceForensics++,train,fit,040_997,040_997,040,997,1,FaceSwap,FaceSwap/040_997.mp4,
FaceForensics++,train,fit,997_040,040_997,997,040,1,FaceSwap,FaceSwap/997_040.mp4,
FaceForensics++,train,fit,040_997,040_997,040,997,1,NeuralTextures,NeuralTextures/040_997.mp4,
FaceForensics++,train,fit,997_040,040_997,997,040,1,NeuralTextures,NeuralTextures/997_040.mp4,
FaceForensics++,train,fit,041,041_063,041,,0,,original/041.mp4,
FaceForensics++,train,fit,063,041_063,063,,0,,original/063.mp4,
FaceForensics++,train,fit,041_063,041_063,041,063,1,DeepFakes,Deepfakes/041_063.mp4,
FaceForensics++,train,fit,063_041,041_063,063,041,1,DeepFakes,Deepfakes/063_041.mp4,
FaceForensics++,train,fit,041_063,041_063,041,063,1,Face2Face,Face2Face/041_063.mp4,
FaceForensics++,train,fit,063_041,041_063,063,041,1,Face2Face,Face2Face/063_041.mp4,
FaceForensics++,train,fit,041_063,041_063,041,063,1,FaceSwap,FaceSwap/041_063.mp4,
FaceForensics++,train,fit,063_041,041_063,063,041,1,FaceSwap,FaceSwap/063_041.mp4,
FaceForensics++,train,fit,041_063,041_063,041,063,1,NeuralTextures,NeuralTextures/041_063.mp4,
FaceForensics++,train,fit,063_041,041_063,063,041,1,NeuralTextures,NeuralTextures/063_041.mp4,
FaceForensics++,train,fit,043,043_110,043,,0,,original/043.mp4,
FaceForensics++,train,fit,110,043_110,110,,0,,original/110.mp4,
FaceForensics++,train,fit,043_110,043_110,043,110,1,DeepFakes,Deepfakes/043_110.mp4,
FaceForensics++,train,fit,110_043,043_110,110,043,1,DeepFakes,Deepfakes/110_043.mp4,
FaceForensics++,train,fit,043_110,043_110,043,110,1,Face2Face,Face2Face/043_110.mp4,
FaceForensics++,train,fit,110_043,043_110,110,043,1,Face2Face,Face2Face/110_043.mp4,
FaceForensics++,train,fit,043_110,043_110,043,110,1,FaceSwap,FaceSwap/043_110.mp4,
FaceForensics++,train,fit,110_043,043_110,110,043,1,FaceSwap,FaceSwap/110_043.mp4,
FaceForensics++,train,fit,043_110,043_110,043,110,1,NeuralTextures,NeuralTextures/043_110.mp4,
FaceForensics++,train,fit,110_043,043_110,110,043,1,NeuralTextures,NeuralTextures/110_043.mp4,
FaceForensics++,train,fit,045,045_889,045,,0,,original/045.mp4,
FaceForensics++,train,fit,889,045_889,889,,0,,original/889.mp4,
FaceForensics++,train,fit,045_889,045_889,045,889,1,DeepFakes,Deepfakes/045_889.mp4,
FaceForensics++,train,fit,889_045,045_889,889,045,1,DeepFakes,Deepfakes/889_045.mp4,
FaceForensics++,train,fit,045_889,045_889,045,889,1,Face2Face,Face2Face/045_889.mp4,
FaceForensics++,train,fit,889_045,045_889,889,045,1,Face2Face,Face2Face/889_045.mp4,
FaceForensics++,train,fit,045_889,045_889,045,889,1,FaceSwap,FaceSwap/045_889.mp4,
FaceForensics++,train,fit,889_045,045_889,889,045,1,FaceSwap,FaceSwap/889_045.mp4,
FaceForensics++,train,fit,045_889,045_889,045,889,1,NeuralTextures,NeuralTextures/045_889.mp4,
FaceForensics++,train,fit,889_045,045_889,889,045,1,NeuralTextures,NeuralTextures/889_045.mp4,
FaceForensics++,train,fit,049,049_946,049,,0,,original/049.mp4,
FaceForensics++,train,fit,946,049_946,946,,0,,original/946.mp4,
FaceForensics++,train,fit,049_946,049_946,049,946,1,DeepFakes,Deepfakes/049_946.mp4,
FaceForensics++,train,fit,946_049,049_946,946,049,1,DeepFakes,Deepfakes/946_049.mp4,
FaceForensics++,train,fit,049_946,049_946,049,946,1,Face2Face,Face2Face/049_946.mp4,
FaceForensics++,train,fit,946_049,049_946,946,049,1,Face2Face,Face2Face/946_049.mp4,
FaceForensics++,train,fit,049_946,049_946,049,946,1,FaceSwap,FaceSwap/049_946.mp4,
FaceForensics++,train,fit,946_049,049_946,946,049,1,FaceSwap,FaceSwap/946_049.mp4,
FaceForensics++,train,fit,049_946,049_946,049,946,1,NeuralTextures,NeuralTextures/049_946.mp4,
FaceForensics++,train,fit,946_049,049_946,946,049,1,NeuralTextures,NeuralTextures/946_049.mp4,
FaceForensics++,train,fit,050,050_059,050,,0,,original/050.mp4,
FaceForensics++,train,fit,059,050_059,059,,0,,original/059.mp4,
FaceForensics++,train,fit,050_059,050_059,050,059,1,DeepFakes,Deepfakes/050_059.mp4,
FaceForensics++,train,fit,059_050,050_059,059,050,1,DeepFakes,Deepfakes/059_050.mp4,
FaceForensics++,train,fit,050_059,050_059,050,059,1,Face2Face,Face2Face/050_059.mp4,
FaceForensics++,train,fit,059_050,050_059,059,050,1,Face2Face,Face2Face/059_050.mp4,
FaceForensics++,train,fit,050_059,050_059,050,059,1,FaceSwap,FaceSwap/050_059.mp4,
FaceForensics++,train,fit,059_050,050_059,059,050,1,FaceSwap,FaceSwap/059_050.mp4,
FaceForensics++,train,fit,050_059,050_059,050,059,1,NeuralTextures,NeuralTextures/050_059.mp4,
FaceForensics++,train,fit,059_050,050_059,059,050,1,NeuralTextures,NeuralTextures/059_050.mp4,
FaceForensics++,train,fit,052,052_108,052,,0,,original/052.mp4,
FaceForensics++,train,fit,108,052_108,108,,0,,original/108.mp4,
FaceForensics++,train,fit,052_108,052_108,052,108,1,DeepFakes,Deepfakes/052_108.mp4,
FaceForensics++,train,fit,108_052,052_108,108,052,1,DeepFakes,Deepfakes/108_052.mp4,
FaceForensics++,train,fit,052_108,052_108,052,108,1,Face2Face,Face2Face/052_108.mp4,
FaceForensics++,train,fit,108_052,052_108,108,052,1,Face2Face,Face2Face/108_052.mp4,
FaceForensics++,train,fit,052_108,052_108,052,108,1,FaceSwap,FaceSwap/052_108.mp4,
FaceForensics++,train,fit,108_052,052_108,108,052,1,FaceSwap,FaceSwap/108_052.mp4,
FaceForensics++,train,fit,052_108,052_108,052,108,1,NeuralTextures,NeuralTextures/052_108.mp4,
FaceForensics++,train,fit,108_052,052_108,108,052,1,NeuralTextures,NeuralTextures/108_052.mp4,
FaceForensics++,train,fit,053,053_095,053,,0,,original/053.mp4,
FaceForensics++,train,fit,095,053_095,095,,0,,original/095.mp4,
FaceForensics++,train,fit,053_095,053_095,053,095,1,DeepFakes,Deepfakes/053_095.mp4,
FaceForensics++,train,fit,095_053,053_095,095,053,1,DeepFakes,Deepfakes/095_053.mp4,
FaceForensics++,train,fit,053_095,053_095,053,095,1,Face2Face,Face2Face/053_095.mp4,
FaceForensics++,train,fit,095_053,053_095,095,053,1,Face2Face,Face2Face/095_053.mp4,
FaceForensics++,train,fit,053_095,053_095,053,095,1,FaceSwap,FaceSwap/053_095.mp4,
FaceForensics++,train,fit,095_053,053_095,095,053,1,FaceSwap,FaceSwap/095_053.mp4,
FaceForensics++,train,fit,053_095,053_095,053,095,1,NeuralTextures,NeuralTextures/053_095.mp4,
FaceForensics++,train,fit,095_053,053_095,095,053,1,NeuralTextures,NeuralTextures/095_053.mp4,
FaceForensics++,train,fit,055,055_147,055,,0,,original/055.mp4,
FaceForensics++,train,fit,147,055_147,147,,0,,original/147.mp4,
FaceForensics++,train,fit,055_147,055_147,055,147,1,DeepFakes,Deepfakes/055_147.mp4,
FaceForensics++,train,fit,147_055,055_147,147,055,1,DeepFakes,Deepfakes/147_055.mp4,
FaceForensics++,train,fit,055_147,055_147,055,147,1,Face2Face,Face2Face/055_147.mp4,
FaceForensics++,train,fit,147_055,055_147,147,055,1,Face2Face,Face2Face/147_055.mp4,
FaceForensics++,train,fit,055_147,055_147,055,147,1,FaceSwap,FaceSwap/055_147.mp4,
FaceForensics++,train,fit,147_055,055_147,147,055,1,FaceSwap,FaceSwap/147_055.mp4,
FaceForensics++,train,fit,055_147,055_147,055,147,1,NeuralTextures,NeuralTextures/055_147.mp4,
FaceForensics++,train,fit,147_055,055_147,147,055,1,NeuralTextures,NeuralTextures/147_055.mp4,
FaceForensics++,train,fit,056,056_996,056,,0,,original/056.mp4,
FaceForensics++,train,fit,996,056_996,996,,0,,original/996.mp4,
FaceForensics++,train,fit,056_996,056_996,056,996,1,DeepFakes,Deepfakes/056_996.mp4,
FaceForensics++,train,fit,996_056,056_996,996,056,1,DeepFakes,Deepfakes/996_056.mp4,
FaceForensics++,train,fit,056_996,056_996,056,996,1,Face2Face,Face2Face/056_996.mp4,
FaceForensics++,train,fit,996_056,056_996,996,056,1,Face2Face,Face2Face/996_056.mp4,
FaceForensics++,train,fit,056_996,056_996,056,996,1,FaceSwap,FaceSwap/056_996.mp4,
FaceForensics++,train,fit,996_056,056_996,996,056,1,FaceSwap,FaceSwap/996_056.mp4,
FaceForensics++,train,fit,056_996,056_996,056,996,1,NeuralTextures,NeuralTextures/056_996.mp4,
FaceForensics++,train,fit,996_056,056_996,996,056,1,NeuralTextures,NeuralTextures/996_056.mp4,
FaceForensics++,train,fit,057,057_070,057,,0,,original/057.mp4,
FaceForensics++,train,fit,070,057_070,070,,0,,original/070.mp4,
FaceForensics++,train,fit,057_070,057_070,057,070,1,DeepFakes,Deepfakes/057_070.mp4,
FaceForensics++,train,fit,070_057,057_070,070,057,1,DeepFakes,Deepfakes/070_057.mp4,
FaceForensics++,train,fit,057_070,057_070,057,070,1,Face2Face,Face2Face/057_070.mp4,
FaceForensics++,train,fit,070_057,057_070,070,057,1,Face2Face,Face2Face/070_057.mp4,
FaceForensics++,train,fit,057_070,057_070,057,070,1,FaceSwap,FaceSwap/057_070.mp4,
FaceForensics++,train,fit,070_057,057_070,070,057,1,FaceSwap,FaceSwap/070_057.mp4,
FaceForensics++,train,fit,057_070,057_070,057,070,1,NeuralTextures,NeuralTextures/057_070.mp4,
FaceForensics++,train,fit,070_057,057_070,070,057,1,NeuralTextures,NeuralTextures/070_057.mp4,
FaceForensics++,train,fit,060,060_088,060,,0,,original/060.mp4,
FaceForensics++,train,fit,088,060_088,088,,0,,original/088.mp4,
FaceForensics++,train,fit,060_088,060_088,060,088,1,DeepFakes,Deepfakes/060_088.mp4,
FaceForensics++,train,fit,088_060,060_088,088,060,1,DeepFakes,Deepfakes/088_060.mp4,
FaceForensics++,train,fit,060_088,060_088,060,088,1,Face2Face,Face2Face/060_088.mp4,
FaceForensics++,train,fit,088_060,060_088,088,060,1,Face2Face,Face2Face/088_060.mp4,
FaceForensics++,train,fit,060_088,060_088,060,088,1,FaceSwap,FaceSwap/060_088.mp4,
FaceForensics++,train,fit,088_060,060_088,088,060,1,FaceSwap,FaceSwap/088_060.mp4,
FaceForensics++,train,fit,060_088,060_088,060,088,1,NeuralTextures,NeuralTextures/060_088.mp4,
FaceForensics++,train,fit,088_060,060_088,088,060,1,NeuralTextures,NeuralTextures/088_060.mp4,
FaceForensics++,train,fit,061,061_080,061,,0,,original/061.mp4,
FaceForensics++,train,fit,080,061_080,080,,0,,original/080.mp4,
FaceForensics++,train,fit,061_080,061_080,061,080,1,DeepFakes,Deepfakes/061_080.mp4,
FaceForensics++,train,fit,080_061,061_080,080,061,1,DeepFakes,Deepfakes/080_061.mp4,
FaceForensics++,train,fit,061_080,061_080,061,080,1,Face2Face,Face2Face/061_080.mp4,
FaceForensics++,train,fit,080_061,061_080,080,061,1,Face2Face,Face2Face/080_061.mp4,
FaceForensics++,train,fit,061_080,061_080,061,080,1,FaceSwap,FaceSwap/061_080.mp4,
FaceForensics++,train,fit,080_061,061_080,080,061,1,FaceSwap,FaceSwap/080_061.mp4,
FaceForensics++,train,fit,061_080,061_080,061,080,1,NeuralTextures,NeuralTextures/061_080.mp4,
FaceForensics++,train,fit,080_061,061_080,080,061,1,NeuralTextures,NeuralTextures/080_061.mp4,
FaceForensics++,train,fit,062,062_066,062,,0,,original/062.mp4,
FaceForensics++,train,fit,066,062_066,066,,0,,original/066.mp4,
FaceForensics++,train,fit,062_066,062_066,062,066,1,DeepFakes,Deepfakes/062_066.mp4,
FaceForensics++,train,fit,066_062,062_066,066,062,1,DeepFakes,Deepfakes/066_062.mp4,
FaceForensics++,train,fit,062_066,062_066,062,066,1,Face2Face,Face2Face/062_066.mp4,
FaceForensics++,train,fit,066_062,062_066,066,062,1,Face2Face,Face2Face/066_062.mp4,
FaceForensics++,train,fit,062_066,062_066,062,066,1,FaceSwap,FaceSwap/062_066.mp4,
FaceForensics++,train,fit,066_062,062_066,066,062,1,FaceSwap,FaceSwap/066_062.mp4,
FaceForensics++,train,fit,062_066,062_066,062,066,1,NeuralTextures,NeuralTextures/062_066.mp4,
FaceForensics++,train,fit,066_062,062_066,066,062,1,NeuralTextures,NeuralTextures/066_062.mp4,
FaceForensics++,train,fit,065,065_089,065,,0,,original/065.mp4,
FaceForensics++,train,fit,089,065_089,089,,0,,original/089.mp4,
FaceForensics++,train,fit,065_089,065_089,065,089,1,DeepFakes,Deepfakes/065_089.mp4,
FaceForensics++,train,fit,089_065,065_089,089,065,1,DeepFakes,Deepfakes/089_065.mp4,
FaceForensics++,train,fit,065_089,065_089,065,089,1,Face2Face,Face2Face/065_089.mp4,
FaceForensics++,train,fit,089_065,065_089,089,065,1,Face2Face,Face2Face/089_065.mp4,
FaceForensics++,train,fit,065_089,065_089,065,089,1,FaceSwap,FaceSwap/065_089.mp4,
FaceForensics++,train,fit,089_065,065_089,089,065,1,FaceSwap,FaceSwap/089_065.mp4,
FaceForensics++,train,fit,065_089,065_089,065,089,1,NeuralTextures,NeuralTextures/065_089.mp4,
FaceForensics++,train,fit,089_065,065_089,089,065,1,NeuralTextures,NeuralTextures/089_065.mp4,
FaceForensics++,train,fit,074,074_825,074,,0,,original/074.mp4,
FaceForensics++,train,fit,825,074_825,825,,0,,original/825.mp4,
FaceForensics++,train,fit,074_825,074_825,074,825,1,DeepFakes,Deepfakes/074_825.mp4,
FaceForensics++,train,fit,825_074,074_825,825,074,1,DeepFakes,Deepfakes/825_074.mp4,
FaceForensics++,train,fit,074_825,074_825,074,825,1,Face2Face,Face2Face/074_825.mp4,
FaceForensics++,train,fit,825_074,074_825,825,074,1,Face2Face,Face2Face/825_074.mp4,
FaceForensics++,train,fit,074_825,074_825,074,825,1,FaceSwap,FaceSwap/074_825.mp4,
FaceForensics++,train,fit,825_074,074_825,825,074,1,FaceSwap,FaceSwap/825_074.mp4,
FaceForensics++,train,fit,074_825,074_825,074,825,1,NeuralTextures,NeuralTextures/074_825.mp4,
FaceForensics++,train,fit,825_074,074_825,825,074,1,NeuralTextures,NeuralTextures/825_074.mp4,
FaceForensics++,train,fit,075,075_977,075,,0,,original/075.mp4,
FaceForensics++,train,fit,977,075_977,977,,0,,original/977.mp4,
FaceForensics++,train,fit,075_977,075_977,075,977,1,DeepFakes,Deepfakes/075_977.mp4,
FaceForensics++,train,fit,977_075,075_977,977,075,1,DeepFakes,Deepfakes/977_075.mp4,
FaceForensics++,train,fit,075_977,075_977,075,977,1,Face2Face,Face2Face/075_977.mp4,
FaceForensics++,train,fit,977_075,075_977,977,075,1,Face2Face,Face2Face/977_075.mp4,
FaceForensics++,train,fit,075_977,075_977,075,977,1,FaceSwap,FaceSwap/075_977.mp4,
FaceForensics++,train,fit,977_075,075_977,977,075,1,FaceSwap,FaceSwap/977_075.mp4,
FaceForensics++,train,fit,075_977,075_977,075,977,1,NeuralTextures,NeuralTextures/075_977.mp4,
FaceForensics++,train,fit,977_075,075_977,977,075,1,NeuralTextures,NeuralTextures/977_075.mp4,
FaceForensics++,train,fit,081,081_087,081,,0,,original/081.mp4,
FaceForensics++,train,fit,087,081_087,087,,0,,original/087.mp4,
FaceForensics++,train,fit,081_087,081_087,081,087,1,DeepFakes,Deepfakes/081_087.mp4,
FaceForensics++,train,fit,087_081,081_087,087,081,1,DeepFakes,Deepfakes/087_081.mp4,
FaceForensics++,train,fit,081_087,081_087,081,087,1,Face2Face,Face2Face/081_087.mp4,
FaceForensics++,train,fit,087_081,081_087,087,081,1,Face2Face,Face2Face/087_081.mp4,
FaceForensics++,train,fit,081_087,081_087,081,087,1,FaceSwap,FaceSwap/081_087.mp4,
FaceForensics++,train,fit,087_081,081_087,087,081,1,FaceSwap,FaceSwap/087_081.mp4,
FaceForensics++,train,fit,081_087,081_087,081,087,1,NeuralTextures,NeuralTextures/081_087.mp4,
FaceForensics++,train,fit,087_081,081_087,087,081,1,NeuralTextures,NeuralTextures/087_081.mp4,
FaceForensics++,train,fit,082,082_103,082,,0,,original/082.mp4,
FaceForensics++,train,fit,103,082_103,103,,0,,original/103.mp4,
FaceForensics++,train,fit,082_103,082_103,082,103,1,DeepFakes,Deepfakes/082_103.mp4,
FaceForensics++,train,fit,103_082,082_103,103,082,1,DeepFakes,Deepfakes/103_082.mp4,
FaceForensics++,train,fit,082_103,082_103,082,103,1,Face2Face,Face2Face/082_103.mp4,
FaceForensics++,train,fit,103_082,082_103,103,082,1,Face2Face,Face2Face/103_082.mp4,
FaceForensics++,train,fit,082_103,082_103,082,103,1,FaceSwap,FaceSwap/082_103.mp4,
FaceForensics++,train,fit,103_082,082_103,103,082,1,FaceSwap,FaceSwap/103_082.mp4,
FaceForensics++,train,fit,082_103,082_103,082,103,1,NeuralTextures,NeuralTextures/082_103.mp4,
FaceForensics++,train,fit,103_082,082_103,103,082,1,NeuralTextures,NeuralTextures/103_082.mp4,
FaceForensics++,train,fit,093,093_121,093,,0,,original/093.mp4,
FaceForensics++,train,fit,121,093_121,121,,0,,original/121.mp4,
FaceForensics++,train,fit,093_121,093_121,093,121,1,DeepFakes,Deepfakes/093_121.mp4,
FaceForensics++,train,fit,121_093,093_121,121,093,1,DeepFakes,Deepfakes/121_093.mp4,
FaceForensics++,train,fit,093_121,093_121,093,121,1,Face2Face,Face2Face/093_121.mp4,
FaceForensics++,train,fit,121_093,093_121,121,093,1,Face2Face,Face2Face/121_093.mp4,
FaceForensics++,train,fit,093_121,093_121,093,121,1,FaceSwap,FaceSwap/093_121.mp4,
FaceForensics++,train,fit,121_093,093_121,121,093,1,FaceSwap,FaceSwap/121_093.mp4,
FaceForensics++,train,fit,093_121,093_121,093,121,1,NeuralTextures,NeuralTextures/093_121.mp4,
FaceForensics++,train,fit,121_093,093_121,121,093,1,NeuralTextures,NeuralTextures/121_093.mp4,
FaceForensics++,train,fit,094,094_111,094,,0,,original/094.mp4,
FaceForensics++,train,fit,111,094_111,111,,0,,original/111.mp4,
FaceForensics++,train,fit,094_111,094_111,094,111,1,DeepFakes,Deepfakes/094_111.mp4,
FaceForensics++,train,fit,111_094,094_111,111,094,1,DeepFakes,Deepfakes/111_094.mp4,
FaceForensics++,train,fit,094_111,094_111,094,111,1,Face2Face,Face2Face/094_111.mp4,
FaceForensics++,train,fit,111_094,094_111,111,094,1,Face2Face,Face2Face/111_094.mp4,
FaceForensics++,train,fit,094_111,094_111,094,111,1,FaceSwap,FaceSwap/094_111.mp4,
FaceForensics++,train,fit,111_094,094_111,111,094,1,FaceSwap,FaceSwap/111_094.mp4,
FaceForensics++,train,fit,094_111,094_111,094,111,1,NeuralTextures,NeuralTextures/094_111.mp4,
FaceForensics++,train,fit,111_094,094_111,111,094,1,NeuralTextures,NeuralTextures/111_094.mp4,
FaceForensics++,train,fit,096,096_101,096,,0,,original/096.mp4,
FaceForensics++,train,fit,101,096_101,101,,0,,original/101.mp4,
FaceForensics++,train,fit,096_101,096_101,096,101,1,DeepFakes,Deepfakes/096_101.mp4,
FaceForensics++,train,fit,101_096,096_101,101,096,1,DeepFakes,Deepfakes/101_096.mp4,
FaceForensics++,train,fit,096_101,096_101,096,101,1,Face2Face,Face2Face/096_101.mp4,
FaceForensics++,train,fit,101_096,096_101,101,096,1,Face2Face,Face2Face/101_096.mp4,
FaceForensics++,train,fit,096_101,096_101,096,101,1,FaceSwap,FaceSwap/096_101.mp4,
FaceForensics++,train,fit,101_096,096_101,101,096,1,FaceSwap,FaceSwap/101_096.mp4,
FaceForensics++,train,fit,096_101,096_101,096,101,1,NeuralTextures,NeuralTextures/096_101.mp4,
FaceForensics++,train,fit,101_096,096_101,101,096,1,NeuralTextures,NeuralTextures/101_096.mp4,
FaceForensics++,train,fit,099,099_295,099,,0,,original/099.mp4,
FaceForensics++,train,fit,295,099_295,295,,0,,original/295.mp4,
FaceForensics++,train,fit,099_295,099_295,099,295,1,DeepFakes,Deepfakes/099_295.mp4,
FaceForensics++,train,fit,295_099,099_295,295,099,1,DeepFakes,Deepfakes/295_099.mp4,
FaceForensics++,train,fit,099_295,099_295,099,295,1,Face2Face,Face2Face/099_295.mp4,
FaceForensics++,train,fit,295_099,099_295,295,099,1,Face2Face,Face2Face/295_099.mp4,
FaceForensics++,train,fit,099_295,099_295,099,295,1,FaceSwap,FaceSwap/099_295.mp4,
FaceForensics++,train,fit,295_099,099_295,295,099,1,FaceSwap,FaceSwap/295_099.mp4,
FaceForensics++,train,fit,099_295,099_295,099,295,1,NeuralTextures,NeuralTextures/099_295.mp4,
FaceForensics++,train,fit,295_099,099_295,295,099,1,NeuralTextures,NeuralTextures/295_099.mp4,
FaceForensics++,train,fit,105,105_180,105,,0,,original/105.mp4,
FaceForensics++,train,fit,180,105_180,180,,0,,original/180.mp4,
FaceForensics++,train,fit,105_180,105_180,105,180,1,DeepFakes,Deepfakes/105_180.mp4,
FaceForensics++,train,fit,180_105,105_180,180,105,1,DeepFakes,Deepfakes/180_105.mp4,
FaceForensics++,train,fit,105_180,105_180,105,180,1,Face2Face,Face2Face/105_180.mp4,
FaceForensics++,train,fit,180_105,105_180,180,105,1,Face2Face,Face2Face/180_105.mp4,
FaceForensics++,train,fit,105_180,105_180,105,180,1,FaceSwap,FaceSwap/105_180.mp4,
FaceForensics++,train,fit,180_105,105_180,180,105,1,FaceSwap,FaceSwap/180_105.mp4,
FaceForensics++,train,fit,105_180,105_180,105,180,1,NeuralTextures,NeuralTextures/105_180.mp4,
FaceForensics++,train,fit,180_105,105_180,180,105,1,NeuralTextures,NeuralTextures/180_105.mp4,
FaceForensics++,train,fit,107,107_109,107,,0,,original/107.mp4,
FaceForensics++,train,fit,109,107_109,109,,0,,original/109.mp4,
FaceForensics++,train,fit,107_109,107_109,107,109,1,DeepFakes,Deepfakes/107_109.mp4,
FaceForensics++,train,fit,109_107,107_109,109,107,1,DeepFakes,Deepfakes/109_107.mp4,
FaceForensics++,train,fit,107_109,107_109,107,109,1,Face2Face,Face2Face/107_109.mp4,
FaceForensics++,train,fit,109_107,107_109,109,107,1,Face2Face,Face2Face/109_107.mp4,
FaceForensics++,train,fit,107_109,107_109,107,109,1,FaceSwap,FaceSwap/107_109.mp4,
FaceForensics++,train,fit,109_107,107_109,109,107,1,FaceSwap,FaceSwap/109_107.mp4,
FaceForensics++,train,fit,107_109,107_109,107,109,1,NeuralTextures,NeuralTextures/107_109.mp4,
FaceForensics++,train,fit,109_107,107_109,109,107,1,NeuralTextures,NeuralTextures/109_107.mp4,
FaceForensics++,train,fit,112,112_892,112,,0,,original/112.mp4,
FaceForensics++,train,fit,892,112_892,892,,0,,original/892.mp4,
FaceForensics++,train,fit,112_892,112_892,112,892,1,DeepFakes,Deepfakes/112_892.mp4,
FaceForensics++,train,fit,892_112,112_892,892,112,1,DeepFakes,Deepfakes/892_112.mp4,
FaceForensics++,train,fit,112_892,112_892,112,892,1,Face2Face,Face2Face/112_892.mp4,
FaceForensics++,train,fit,892_112,112_892,892,112,1,Face2Face,Face2Face/892_112.mp4,
FaceForensics++,train,fit,112_892,112_892,112,892,1,FaceSwap,FaceSwap/112_892.mp4,
FaceForensics++,train,fit,892_112,112_892,892,112,1,FaceSwap,FaceSwap/892_112.mp4,
FaceForensics++,train,fit,112_892,112_892,112,892,1,NeuralTextures,NeuralTextures/112_892.mp4,
FaceForensics++,train,fit,892_112,112_892,892,112,1,NeuralTextures,NeuralTextures/892_112.mp4,
FaceForensics++,train,fit,113,113_983,113,,0,,original/113.mp4,
FaceForensics++,train,fit,983,113_983,983,,0,,original/983.mp4,
FaceForensics++,train,fit,113_983,113_983,113,983,1,DeepFakes,Deepfakes/113_983.mp4,
FaceForensics++,train,fit,983_113,113_983,983,113,1,DeepFakes,Deepfakes/983_113.mp4,
FaceForensics++,train,fit,113_983,113_983,113,983,1,Face2Face,Face2Face/113_983.mp4,
FaceForensics++,train,fit,983_113,113_983,983,113,1,Face2Face,Face2Face/983_113.mp4,
FaceForensics++,train,fit,113_983,113_983,113,983,1,FaceSwap,FaceSwap/113_983.mp4,
FaceForensics++,train,fit,983_113,113_983,983,113,1,FaceSwap,FaceSwap/983_113.mp4,
FaceForensics++,train,fit,113_983,113_983,113,983,1,NeuralTextures,NeuralTextures/113_983.mp4,
FaceForensics++,train,fit,983_113,113_983,983,113,1,NeuralTextures,NeuralTextures/983_113.mp4,
FaceForensics++,train,fit,118,118_120,118,,0,,original/118.mp4,
FaceForensics++,train,fit,120,118_120,120,,0,,original/120.mp4,
FaceForensics++,train,fit,118_120,118_120,118,120,1,DeepFakes,Deepfakes/118_120.mp4,
FaceForensics++,train,fit,120_118,118_120,120,118,1,DeepFakes,Deepfakes/120_118.mp4,
FaceForensics++,train,fit,118_120,118_120,118,120,1,Face2Face,Face2Face/118_120.mp4,
FaceForensics++,train,fit,120_118,118_120,120,118,1,Face2Face,Face2Face/120_118.mp4,
FaceForensics++,train,fit,118_120,118_120,118,120,1,FaceSwap,FaceSwap/118_120.mp4,
FaceForensics++,train,fit,120_118,118_120,120,118,1,FaceSwap,FaceSwap/120_118.mp4,
FaceForensics++,train,fit,118_120,118_120,118,120,1,NeuralTextures,NeuralTextures/118_120.mp4,
FaceForensics++,train,fit,120_118,118_120,120,118,1,NeuralTextures,NeuralTextures/120_118.mp4,
FaceForensics++,train,fit,119,119_123,119,,0,,original/119.mp4,
FaceForensics++,train,fit,123,119_123,123,,0,,original/123.mp4,
FaceForensics++,train,fit,119_123,119_123,119,123,1,DeepFakes,Deepfakes/119_123.mp4,
FaceForensics++,train,fit,123_119,119_123,123,119,1,DeepFakes,Deepfakes/123_119.mp4,
FaceForensics++,train,fit,119_123,119_123,119,123,1,Face2Face,Face2Face/119_123.mp4,
FaceForensics++,train,fit,123_119,119_123,123,119,1,Face2Face,Face2Face/123_119.mp4,
FaceForensics++,train,fit,119_123,119_123,119,123,1,FaceSwap,FaceSwap/119_123.mp4,
FaceForensics++,train,fit,123_119,119_123,123,119,1,FaceSwap,FaceSwap/123_119.mp4,
FaceForensics++,train,fit,119_123,119_123,119,123,1,NeuralTextures,NeuralTextures/119_123.mp4,
FaceForensics++,train,fit,123_119,119_123,123,119,1,NeuralTextures,NeuralTextures/123_119.mp4,
FaceForensics++,train,fit,122,122_144,122,,0,,original/122.mp4,
FaceForensics++,train,fit,144,122_144,144,,0,,original/144.mp4,
FaceForensics++,train,fit,122_144,122_144,122,144,1,DeepFakes,Deepfakes/122_144.mp4,
FaceForensics++,train,fit,144_122,122_144,144,122,1,DeepFakes,Deepfakes/144_122.mp4,
FaceForensics++,train,fit,122_144,122_144,122,144,1,Face2Face,Face2Face/122_144.mp4,
FaceForensics++,train,fit,144_122,122_144,144,122,1,Face2Face,Face2Face/144_122.mp4,
FaceForensics++,train,fit,122_144,122_144,122,144,1,FaceSwap,FaceSwap/122_144.mp4,
FaceForensics++,train,fit,144_122,122_144,144,122,1,FaceSwap,FaceSwap/144_122.mp4,
FaceForensics++,train,fit,122_144,122_144,122,144,1,NeuralTextures,NeuralTextures/122_144.mp4,
FaceForensics++,train,fit,144_122,122_144,144,122,1,NeuralTextures,NeuralTextures/144_122.mp4,
FaceForensics++,train,fit,127,127_129,127,,0,,original/127.mp4,
FaceForensics++,train,fit,129,127_129,129,,0,,original/129.mp4,
FaceForensics++,train,fit,127_129,127_129,127,129,1,DeepFakes,Deepfakes/127_129.mp4,
FaceForensics++,train,fit,129_127,127_129,129,127,1,DeepFakes,Deepfakes/129_127.mp4,
FaceForensics++,train,fit,127_129,127_129,127,129,1,Face2Face,Face2Face/127_129.mp4,
FaceForensics++,train,fit,129_127,127_129,129,127,1,Face2Face,Face2Face/129_127.mp4,
FaceForensics++,train,fit,127_129,127_129,127,129,1,FaceSwap,FaceSwap/127_129.mp4,
FaceForensics++,train,fit,129_127,127_129,129,127,1,FaceSwap,FaceSwap/129_127.mp4,
FaceForensics++,train,fit,127_129,127_129,127,129,1,NeuralTextures,NeuralTextures/127_129.mp4,
FaceForensics++,train,fit,129_127,127_129,129,127,1,NeuralTextures,NeuralTextures/129_127.mp4,
FaceForensics++,train,fit,130,130_139,130,,0,,original/130.mp4,
FaceForensics++,train,fit,139,130_139,139,,0,,original/139.mp4,
FaceForensics++,train,fit,130_139,130_139,130,139,1,DeepFakes,Deepfakes/130_139.mp4,
FaceForensics++,train,fit,139_130,130_139,139,130,1,DeepFakes,Deepfakes/139_130.mp4,
FaceForensics++,train,fit,130_139,130_139,130,139,1,Face2Face,Face2Face/130_139.mp4,
FaceForensics++,train,fit,139_130,130_139,139,130,1,Face2Face,Face2Face/139_130.mp4,
FaceForensics++,train,fit,130_139,130_139,130,139,1,FaceSwap,FaceSwap/130_139.mp4,
FaceForensics++,train,fit,139_130,130_139,139,130,1,FaceSwap,FaceSwap/139_130.mp4,
FaceForensics++,train,fit,130_139,130_139,130,139,1,NeuralTextures,NeuralTextures/130_139.mp4,
FaceForensics++,train,fit,139_130,130_139,139,130,1,NeuralTextures,NeuralTextures/139_130.mp4,
FaceForensics++,train,fit,131,131_518,131,,0,,original/131.mp4,
FaceForensics++,train,fit,518,131_518,518,,0,,original/518.mp4,
FaceForensics++,train,fit,131_518,131_518,131,518,1,DeepFakes,Deepfakes/131_518.mp4,
FaceForensics++,train,fit,518_131,131_518,518,131,1,DeepFakes,Deepfakes/518_131.mp4,
FaceForensics++,train,fit,131_518,131_518,131,518,1,Face2Face,Face2Face/131_518.mp4,
FaceForensics++,train,fit,518_131,131_518,518,131,1,Face2Face,Face2Face/518_131.mp4,
FaceForensics++,train,fit,131_518,131_518,131,518,1,FaceSwap,FaceSwap/131_518.mp4,
FaceForensics++,train,fit,518_131,131_518,518,131,1,FaceSwap,FaceSwap/518_131.mp4,
FaceForensics++,train,fit,131_518,131_518,131,518,1,NeuralTextures,NeuralTextures/131_518.mp4,
FaceForensics++,train,fit,518_131,131_518,518,131,1,NeuralTextures,NeuralTextures/518_131.mp4,
FaceForensics++,train,fit,133,133_148,133,,0,,original/133.mp4,
FaceForensics++,train,fit,148,133_148,148,,0,,original/148.mp4,
FaceForensics++,train,fit,133_148,133_148,133,148,1,DeepFakes,Deepfakes/133_148.mp4,
FaceForensics++,train,fit,148_133,133_148,148,133,1,DeepFakes,Deepfakes/148_133.mp4,
FaceForensics++,train,fit,133_148,133_148,133,148,1,Face2Face,Face2Face/133_148.mp4,
FaceForensics++,train,fit,148_133,133_148,148,133,1,Face2Face,Face2Face/148_133.mp4,
FaceForensics++,train,fit,133_148,133_148,133,148,1,FaceSwap,FaceSwap/133_148.mp4,
FaceForensics++,train,fit,148_133,133_148,148,133,1,FaceSwap,FaceSwap/148_133.mp4,
FaceForensics++,train,fit,133_148,133_148,133,148,1,NeuralTextures,NeuralTextures/133_148.mp4,
FaceForensics++,train,fit,148_133,133_148,148,133,1,NeuralTextures,NeuralTextures/148_133.mp4,
FaceForensics++,train,fit,137,137_165,137,,0,,original/137.mp4,
FaceForensics++,train,fit,165,137_165,165,,0,,original/165.mp4,
FaceForensics++,train,fit,137_165,137_165,137,165,1,DeepFakes,Deepfakes/137_165.mp4,
FaceForensics++,train,fit,165_137,137_165,165,137,1,DeepFakes,Deepfakes/165_137.mp4,
FaceForensics++,train,fit,137_165,137_165,137,165,1,Face2Face,Face2Face/137_165.mp4,
FaceForensics++,train,fit,165_137,137_165,165,137,1,Face2Face,Face2Face/165_137.mp4,
FaceForensics++,train,fit,137_165,137_165,137,165,1,FaceSwap,FaceSwap/137_165.mp4,
FaceForensics++,train,fit,165_137,137_165,165,137,1,FaceSwap,FaceSwap/165_137.mp4,
FaceForensics++,train,fit,137_165,137_165,137,165,1,NeuralTextures,NeuralTextures/137_165.mp4,
FaceForensics++,train,fit,165_137,137_165,165,137,1,NeuralTextures,NeuralTextures/165_137.mp4,
FaceForensics++,train,fit,146,146_256,146,,0,,original/146.mp4,
FaceForensics++,train,fit,256,146_256,256,,0,,original/256.mp4,
FaceForensics++,train,fit,146_256,146_256,146,256,1,DeepFakes,Deepfakes/146_256.mp4,
FaceForensics++,train,fit,256_146,146_256,256,146,1,DeepFakes,Deepfakes/256_146.mp4,
FaceForensics++,train,fit,146_256,146_256,146,256,1,Face2Face,Face2Face/146_256.mp4,
FaceForensics++,train,fit,256_146,146_256,256,146,1,Face2Face,Face2Face/256_146.mp4,
FaceForensics++,train,fit,146_256,146_256,146,256,1,FaceSwap,FaceSwap/146_256.mp4,
FaceForensics++,train,fit,256_146,146_256,256,146,1,FaceSwap,FaceSwap/256_146.mp4,
FaceForensics++,train,fit,146_256,146_256,146,256,1,NeuralTextures,NeuralTextures/146_256.mp4,
FaceForensics++,train,fit,256_146,146_256,256,146,1,NeuralTextures,NeuralTextures/256_146.mp4,
FaceForensics++,train,fit,149,149_152,149,,0,,original/149.mp4,
FaceForensics++,train,fit,152,149_152,152,,0,,original/152.mp4,
FaceForensics++,train,fit,149_152,149_152,149,152,1,DeepFakes,Deepfakes/149_152.mp4,
FaceForensics++,train,fit,152_149,149_152,152,149,1,DeepFakes,Deepfakes/152_149.mp4,
FaceForensics++,train,fit,149_152,149_152,149,152,1,Face2Face,Face2Face/149_152.mp4,
FaceForensics++,train,fit,152_149,149_152,152,149,1,Face2Face,Face2Face/152_149.mp4,
FaceForensics++,train,fit,149_152,149_152,149,152,1,FaceSwap,FaceSwap/149_152.mp4,
FaceForensics++,train,fit,152_149,149_152,152,149,1,FaceSwap,FaceSwap/152_149.mp4,
FaceForensics++,train,fit,149_152,149_152,149,152,1,NeuralTextures,NeuralTextures/149_152.mp4,
FaceForensics++,train,fit,152_149,149_152,152,149,1,NeuralTextures,NeuralTextures/152_149.mp4,
FaceForensics++,train,fit,150,150_153,150,,0,,original/150.mp4,
FaceForensics++,train,fit,153,150_153,153,,0,,original/153.mp4,
FaceForensics++,train,fit,150_153,150_153,150,153,1,DeepFakes,Deepfakes/150_153.mp4,
FaceForensics++,train,fit,153_150,150_153,153,150,1,DeepFakes,Deepfakes/153_150.mp4,
FaceForensics++,train,fit,150_153,150_153,150,153,1,Face2Face,Face2Face/150_153.mp4,
FaceForensics++,train,fit,153_150,150_153,153,150,1,Face2Face,Face2Face/153_150.mp4,
FaceForensics++,train,fit,150_153,150_153,150,153,1,FaceSwap,FaceSwap/150_153.mp4,
FaceForensics++,train,fit,153_150,150_153,153,150,1,FaceSwap,FaceSwap/153_150.mp4,
FaceForensics++,train,fit,150_153,150_153,150,153,1,NeuralTextures,NeuralTextures/150_153.mp4,
FaceForensics++,train,fit,153_150,150_153,153,150,1,NeuralTextures,NeuralTextures/153_150.mp4,
FaceForensics++,train,fit,151,151_225,151,,0,,original/151.mp4,
FaceForensics++,train,fit,225,151_225,225,,0,,original/225.mp4,
FaceForensics++,train,fit,151_225,151_225,151,225,1,DeepFakes,Deepfakes/151_225.mp4,
FaceForensics++,train,fit,225_151,151_225,225,151,1,DeepFakes,Deepfakes/225_151.mp4,
FaceForensics++,train,fit,151_225,151_225,151,225,1,Face2Face,Face2Face/151_225.mp4,
FaceForensics++,train,fit,225_151,151_225,225,151,1,Face2Face,Face2Face/225_151.mp4,
FaceForensics++,train,fit,151_225,151_225,151,225,1,FaceSwap,FaceSwap/151_225.mp4,
FaceForensics++,train,fit,225_151,151_225,225,151,1,FaceSwap,FaceSwap/225_151.mp4,
FaceForensics++,train,fit,151_225,151_225,151,225,1,NeuralTextures,NeuralTextures/151_225.mp4,
FaceForensics++,train,fit,225_151,151_225,225,151,1,NeuralTextures,NeuralTextures/225_151.mp4,
FaceForensics++,train,fit,155,155_576,155,,0,,original/155.mp4,
FaceForensics++,train,fit,576,155_576,576,,0,,original/576.mp4,
FaceForensics++,train,fit,155_576,155_576,155,576,1,DeepFakes,Deepfakes/155_576.mp4,
FaceForensics++,train,fit,576_155,155_576,576,155,1,DeepFakes,Deepfakes/576_155.mp4,
FaceForensics++,train,fit,155_576,155_576,155,576,1,Face2Face,Face2Face/155_576.mp4,
FaceForensics++,train,fit,576_155,155_576,576,155,1,Face2Face,Face2Face/576_155.mp4,
FaceForensics++,train,fit,155_576,155_576,155,576,1,FaceSwap,FaceSwap/155_576.mp4,
FaceForensics++,train,fit,576_155,155_576,576,155,1,FaceSwap,FaceSwap/576_155.mp4,
FaceForensics++,train,fit,155_576,155_576,155,576,1,NeuralTextures,NeuralTextures/155_576.mp4,
FaceForensics++,train,fit,576_155,155_576,576,155,1,NeuralTextures,NeuralTextures/576_155.mp4,
FaceForensics++,train,fit,156,156_243,156,,0,,original/156.mp4,
FaceForensics++,train,fit,243,156_243,243,,0,,original/243.mp4,
FaceForensics++,train,fit,156_243,156_243,156,243,1,DeepFakes,Deepfakes/156_243.mp4,
FaceForensics++,train,fit,243_156,156_243,243,156,1,DeepFakes,Deepfakes/243_156.mp4,
FaceForensics++,train,fit,156_243,156_243,156,243,1,Face2Face,Face2Face/156_243.mp4,
FaceForensics++,train,fit,243_156,156_243,243,156,1,Face2Face,Face2Face/243_156.mp4,
FaceForensics++,train,fit,156_243,156_243,156,243,1,FaceSwap,FaceSwap/156_243.mp4,
FaceForensics++,train,fit,243_156,156_243,243,156,1,FaceSwap,FaceSwap/243_156.mp4,
FaceForensics++,train,fit,156_243,156_243,156,243,1,NeuralTextures,NeuralTextures/156_243.mp4,
FaceForensics++,train,fit,243_156,156_243,243,156,1,NeuralTextures,NeuralTextures/243_156.mp4,
FaceForensics++,train,fit,160,160_928,160,,0,,original/160.mp4,
FaceForensics++,train,fit,928,160_928,928,,0,,original/928.mp4,
FaceForensics++,train,fit,160_928,160_928,160,928,1,DeepFakes,Deepfakes/160_928.mp4,
FaceForensics++,train,fit,928_160,160_928,928,160,1,DeepFakes,Deepfakes/928_160.mp4,
FaceForensics++,train,fit,160_928,160_928,160,928,1,Face2Face,Face2Face/160_928.mp4,
FaceForensics++,train,fit,928_160,160_928,928,160,1,Face2Face,Face2Face/928_160.mp4,
FaceForensics++,train,fit,160_928,160_928,160,928,1,FaceSwap,FaceSwap/160_928.mp4,
FaceForensics++,train,fit,928_160,160_928,928,160,1,FaceSwap,FaceSwap/928_160.mp4,
FaceForensics++,train,fit,160_928,160_928,160,928,1,NeuralTextures,NeuralTextures/160_928.mp4,
FaceForensics++,train,fit,928_160,160_928,928,160,1,NeuralTextures,NeuralTextures/928_160.mp4,
FaceForensics++,train,fit,164,164_216,164,,0,,original/164.mp4,
FaceForensics++,train,fit,216,164_216,216,,0,,original/216.mp4,
FaceForensics++,train,fit,164_216,164_216,164,216,1,DeepFakes,Deepfakes/164_216.mp4,
FaceForensics++,train,fit,216_164,164_216,216,164,1,DeepFakes,Deepfakes/216_164.mp4,
FaceForensics++,train,fit,164_216,164_216,164,216,1,Face2Face,Face2Face/164_216.mp4,
FaceForensics++,train,fit,216_164,164_216,216,164,1,Face2Face,Face2Face/216_164.mp4,
FaceForensics++,train,fit,164_216,164_216,164,216,1,FaceSwap,FaceSwap/164_216.mp4,
FaceForensics++,train,fit,216_164,164_216,216,164,1,FaceSwap,FaceSwap/216_164.mp4,
FaceForensics++,train,fit,164_216,164_216,164,216,1,NeuralTextures,NeuralTextures/164_216.mp4,
FaceForensics++,train,fit,216_164,164_216,216,164,1,NeuralTextures,NeuralTextures/216_164.mp4,
FaceForensics++,train,fit,171,171_173,171,,0,,original/171.mp4,
FaceForensics++,train,fit,173,171_173,173,,0,,original/173.mp4,
FaceForensics++,train,fit,171_173,171_173,171,173,1,DeepFakes,Deepfakes/171_173.mp4,
FaceForensics++,train,fit,173_171,171_173,173,171,1,DeepFakes,Deepfakes/173_171.mp4,
FaceForensics++,train,fit,171_173,171_173,171,173,1,Face2Face,Face2Face/171_173.mp4,
FaceForensics++,train,fit,173_171,171_173,173,171,1,Face2Face,Face2Face/173_171.mp4,
FaceForensics++,train,fit,171_173,171_173,171,173,1,FaceSwap,FaceSwap/171_173.mp4,
FaceForensics++,train,fit,173_171,171_173,173,171,1,FaceSwap,FaceSwap/173_171.mp4,
FaceForensics++,train,fit,171_173,171_173,171,173,1,NeuralTextures,NeuralTextures/171_173.mp4,
FaceForensics++,train,fit,173_171,171_173,173,171,1,NeuralTextures,NeuralTextures/173_171.mp4,
FaceForensics++,train,fit,172,172_582,172,,0,,original/172.mp4,
FaceForensics++,train,fit,582,172_582,582,,0,,original/582.mp4,
FaceForensics++,train,fit,172_582,172_582,172,582,1,DeepFakes,Deepfakes/172_582.mp4,
FaceForensics++,train,fit,582_172,172_582,582,172,1,DeepFakes,Deepfakes/582_172.mp4,
FaceForensics++,train,fit,172_582,172_582,172,582,1,Face2Face,Face2Face/172_582.mp4,
FaceForensics++,train,fit,582_172,172_582,582,172,1,Face2Face,Face2Face/582_172.mp4,
FaceForensics++,train,fit,172_582,172_582,172,582,1,FaceSwap,FaceSwap/172_582.mp4,
FaceForensics++,train,fit,582_172,172_582,582,172,1,FaceSwap,FaceSwap/582_172.mp4,
FaceForensics++,train,fit,172_582,172_582,172,582,1,NeuralTextures,NeuralTextures/172_582.mp4,
FaceForensics++,train,fit,582_172,172_582,582,172,1,NeuralTextures,NeuralTextures/582_172.mp4,
FaceForensics++,train,fit,174,174_964,174,,0,,original/174.mp4,
FaceForensics++,train,fit,964,174_964,964,,0,,original/964.mp4,
FaceForensics++,train,fit,174_964,174_964,174,964,1,DeepFakes,Deepfakes/174_964.mp4,
FaceForensics++,train,fit,964_174,174_964,964,174,1,DeepFakes,Deepfakes/964_174.mp4,
FaceForensics++,train,fit,174_964,174_964,174,964,1,Face2Face,Face2Face/174_964.mp4,
FaceForensics++,train,fit,964_174,174_964,964,174,1,Face2Face,Face2Face/964_174.mp4,
FaceForensics++,train,fit,174_964,174_964,174,964,1,FaceSwap,FaceSwap/174_964.mp4,
FaceForensics++,train,fit,964_174,174_964,964,174,1,FaceSwap,FaceSwap/964_174.mp4,
FaceForensics++,train,fit,174_964,174_964,174,964,1,NeuralTextures,NeuralTextures/174_964.mp4,
FaceForensics++,train,fit,964_174,174_964,964,174,1,NeuralTextures,NeuralTextures/964_174.mp4,
FaceForensics++,train,fit,177,177_211,177,,0,,original/177.mp4,
FaceForensics++,train,fit,211,177_211,211,,0,,original/211.mp4,
FaceForensics++,train,fit,177_211,177_211,177,211,1,DeepFakes,Deepfakes/177_211.mp4,
FaceForensics++,train,fit,211_177,177_211,211,177,1,DeepFakes,Deepfakes/211_177.mp4,
FaceForensics++,train,fit,177_211,177_211,177,211,1,Face2Face,Face2Face/177_211.mp4,
FaceForensics++,train,fit,211_177,177_211,211,177,1,Face2Face,Face2Face/211_177.mp4,
FaceForensics++,train,fit,177_211,177_211,177,211,1,FaceSwap,FaceSwap/177_211.mp4,
FaceForensics++,train,fit,211_177,177_211,211,177,1,FaceSwap,FaceSwap/211_177.mp4,
FaceForensics++,train,fit,177_211,177_211,177,211,1,NeuralTextures,NeuralTextures/177_211.mp4,
FaceForensics++,train,fit,211_177,177_211,211,177,1,NeuralTextures,NeuralTextures/211_177.mp4,
FaceForensics++,train,fit,178,178_598,178,,0,,original/178.mp4,
FaceForensics++,train,fit,598,178_598,598,,0,,original/598.mp4,
FaceForensics++,train,fit,178_598,178_598,178,598,1,DeepFakes,Deepfakes/178_598.mp4,
FaceForensics++,train,fit,598_178,178_598,598,178,1,DeepFakes,Deepfakes/598_178.mp4,
FaceForensics++,train,fit,178_598,178_598,178,598,1,Face2Face,Face2Face/178_598.mp4,
FaceForensics++,train,fit,598_178,178_598,598,178,1,Face2Face,Face2Face/598_178.mp4,
FaceForensics++,train,fit,178_598,178_598,178,598,1,FaceSwap,FaceSwap/178_598.mp4,
FaceForensics++,train,fit,598_178,178_598,598,178,1,FaceSwap,FaceSwap/598_178.mp4,
FaceForensics++,train,fit,178_598,178_598,178,598,1,NeuralTextures,NeuralTextures/178_598.mp4,
FaceForensics++,train,fit,598_178,178_598,598,178,1,NeuralTextures,NeuralTextures/598_178.mp4,
FaceForensics++,train,fit,179,179_212,179,,0,,original/179.mp4,
FaceForensics++,train,fit,212,179_212,212,,0,,original/212.mp4,
FaceForensics++,train,fit,179_212,179_212,179,212,1,DeepFakes,Deepfakes/179_212.mp4,
FaceForensics++,train,fit,212_179,179_212,212,179,1,DeepFakes,Deepfakes/212_179.mp4,
FaceForensics++,train,fit,179_212,179_212,179,212,1,Face2Face,Face2Face/179_212.mp4,
FaceForensics++,train,fit,212_179,179_212,212,179,1,Face2Face,Face2Face/212_179.mp4,
FaceForensics++,train,fit,179_212,179_212,179,212,1,FaceSwap,FaceSwap/179_212.mp4,
FaceForensics++,train,fit,212_179,179_212,212,179,1,FaceSwap,FaceSwap/212_179.mp4,
FaceForensics++,train,fit,179_212,179_212,179,212,1,NeuralTextures,NeuralTextures/179_212.mp4,
FaceForensics++,train,fit,212_179,179_212,212,179,1,NeuralTextures,NeuralTextures/212_179.mp4,
FaceForensics++,train,fit,182,182_242,182,,0,,original/182.mp4,
FaceForensics++,train,fit,242,182_242,242,,0,,original/242.mp4,
FaceForensics++,train,fit,182_242,182_242,182,242,1,DeepFakes,Deepfakes/182_242.mp4,
FaceForensics++,train,fit,242_182,182_242,242,182,1,DeepFakes,Deepfakes/242_182.mp4,
FaceForensics++,train,fit,182_242,182_242,182,242,1,Face2Face,Face2Face/182_242.mp4,
FaceForensics++,train,fit,242_182,182_242,242,182,1,Face2Face,Face2Face/242_182.mp4,
FaceForensics++,train,fit,182_242,182_242,182,242,1,FaceSwap,FaceSwap/182_242.mp4,
FaceForensics++,train,fit,242_182,182_242,242,182,1,FaceSwap,FaceSwap/242_182.mp4,
FaceForensics++,train,fit,182_242,182_242,182,242,1,NeuralTextures,NeuralTextures/182_242.mp4,
FaceForensics++,train,fit,242_182,182_242,242,182,1,NeuralTextures,NeuralTextures/242_182.mp4,
FaceForensics++,train,fit,183,183_253,183,,0,,original/183.mp4,
FaceForensics++,train,fit,253,183_253,253,,0,,original/253.mp4,
FaceForensics++,train,fit,183_253,183_253,183,253,1,DeepFakes,Deepfakes/183_253.mp4,
FaceForensics++,train,fit,253_183,183_253,253,183,1,DeepFakes,Deepfakes/253_183.mp4,
FaceForensics++,train,fit,183_253,183_253,183,253,1,Face2Face,Face2Face/183_253.mp4,
FaceForensics++,train,fit,253_183,183_253,253,183,1,Face2Face,Face2Face/253_183.mp4,
FaceForensics++,train,fit,183_253,183_253,183,253,1,FaceSwap,FaceSwap/183_253.mp4,
FaceForensics++,train,fit,253_183,183_253,253,183,1,FaceSwap,FaceSwap/253_183.mp4,
FaceForensics++,train,fit,183_253,183_253,183,253,1,NeuralTextures,NeuralTextures/183_253.mp4,
FaceForensics++,train,fit,253_183,183_253,253,183,1,NeuralTextures,NeuralTextures/253_183.mp4,
FaceForensics++,train,fit,184,184_205,184,,0,,original/184.mp4,
FaceForensics++,train,fit,205,184_205,205,,0,,original/205.mp4,
FaceForensics++,train,fit,184_205,184_205,184,205,1,DeepFakes,Deepfakes/184_205.mp4,
FaceForensics++,train,fit,205_184,184_205,205,184,1,DeepFakes,Deepfakes/205_184.mp4,
FaceForensics++,train,fit,184_205,184_205,184,205,1,Face2Face,Face2Face/184_205.mp4,
FaceForensics++,train,fit,205_184,184_205,205,184,1,Face2Face,Face2Face/205_184.mp4,
FaceForensics++,train,fit,184_205,184_205,184,205,1,FaceSwap,FaceSwap/184_205.mp4,
FaceForensics++,train,fit,205_184,184_205,205,184,1,FaceSwap,FaceSwap/205_184.mp4,
FaceForensics++,train,fit,184_205,184_205,184,205,1,NeuralTextures,NeuralTextures/184_205.mp4,
FaceForensics++,train,fit,205_184,184_205,205,184,1,NeuralTextures,NeuralTextures/205_184.mp4,
FaceForensics++,train,fit,187,187_234,187,,0,,original/187.mp4,
FaceForensics++,train,fit,234,187_234,234,,0,,original/234.mp4,
FaceForensics++,train,fit,187_234,187_234,187,234,1,DeepFakes,Deepfakes/187_234.mp4,
FaceForensics++,train,fit,234_187,187_234,234,187,1,DeepFakes,Deepfakes/234_187.mp4,
FaceForensics++,train,fit,187_234,187_234,187,234,1,Face2Face,Face2Face/187_234.mp4,
FaceForensics++,train,fit,234_187,187_234,234,187,1,Face2Face,Face2Face/234_187.mp4,
FaceForensics++,train,fit,187_234,187_234,187,234,1,FaceSwap,FaceSwap/187_234.mp4,
FaceForensics++,train,fit,234_187,187_234,234,187,1,FaceSwap,FaceSwap/234_187.mp4,
FaceForensics++,train,fit,187_234,187_234,187,234,1,NeuralTextures,NeuralTextures/187_234.mp4,
FaceForensics++,train,fit,234_187,187_234,234,187,1,NeuralTextures,NeuralTextures/234_187.mp4,
FaceForensics++,train,fit,189,189_200,189,,0,,original/189.mp4,
FaceForensics++,train,fit,200,189_200,200,,0,,original/200.mp4,
FaceForensics++,train,fit,189_200,189_200,189,200,1,DeepFakes,Deepfakes/189_200.mp4,
FaceForensics++,train,fit,200_189,189_200,200,189,1,DeepFakes,Deepfakes/200_189.mp4,
FaceForensics++,train,fit,189_200,189_200,189,200,1,Face2Face,Face2Face/189_200.mp4,
FaceForensics++,train,fit,200_189,189_200,200,189,1,Face2Face,Face2Face/200_189.mp4,
FaceForensics++,train,fit,189_200,189_200,189,200,1,FaceSwap,FaceSwap/189_200.mp4,
FaceForensics++,train,fit,200_189,189_200,200,189,1,FaceSwap,FaceSwap/200_189.mp4,
FaceForensics++,train,fit,189_200,189_200,189,200,1,NeuralTextures,NeuralTextures/189_200.mp4,
FaceForensics++,train,fit,200_189,189_200,200,189,1,NeuralTextures,NeuralTextures/200_189.mp4,
FaceForensics++,train,fit,194,194_235,194,,0,,original/194.mp4,
FaceForensics++,train,fit,235,194_235,235,,0,,original/235.mp4,
FaceForensics++,train,fit,194_235,194_235,194,235,1,DeepFakes,Deepfakes/194_235.mp4,
FaceForensics++,train,fit,235_194,194_235,235,194,1,DeepFakes,Deepfakes/235_194.mp4,
FaceForensics++,train,fit,194_235,194_235,194,235,1,Face2Face,Face2Face/194_235.mp4,
FaceForensics++,train,fit,235_194,194_235,235,194,1,Face2Face,Face2Face/235_194.mp4,
FaceForensics++,train,fit,194_235,194_235,194,235,1,FaceSwap,FaceSwap/194_235.mp4,
FaceForensics++,train,fit,235_194,194_235,235,194,1,FaceSwap,FaceSwap/235_194.mp4,
FaceForensics++,train,fit,194_235,194_235,194,235,1,NeuralTextures,NeuralTextures/194_235.mp4,
FaceForensics++,train,fit,235_194,194_235,235,194,1,NeuralTextures,NeuralTextures/235_194.mp4,
FaceForensics++,train,fit,195,195_442,195,,0,,original/195.mp4,
FaceForensics++,train,fit,442,195_442,442,,0,,original/442.mp4,
FaceForensics++,train,fit,195_442,195_442,195,442,1,DeepFakes,Deepfakes/195_442.mp4,
FaceForensics++,train,fit,442_195,195_442,442,195,1,DeepFakes,Deepfakes/442_195.mp4,
FaceForensics++,train,fit,195_442,195_442,195,442,1,Face2Face,Face2Face/195_442.mp4,
FaceForensics++,train,fit,442_195,195_442,442,195,1,Face2Face,Face2Face/442_195.mp4,
FaceForensics++,train,fit,195_442,195_442,195,442,1,FaceSwap,FaceSwap/195_442.mp4,
FaceForensics++,train,fit,442_195,195_442,442,195,1,FaceSwap,FaceSwap/442_195.mp4,
FaceForensics++,train,fit,195_442,195_442,195,442,1,NeuralTextures,NeuralTextures/195_442.mp4,
FaceForensics++,train,fit,442_195,195_442,442,195,1,NeuralTextures,NeuralTextures/442_195.mp4,
FaceForensics++,train,fit,196,196_310,196,,0,,original/196.mp4,
FaceForensics++,train,fit,310,196_310,310,,0,,original/310.mp4,
FaceForensics++,train,fit,196_310,196_310,196,310,1,DeepFakes,Deepfakes/196_310.mp4,
FaceForensics++,train,fit,310_196,196_310,310,196,1,DeepFakes,Deepfakes/310_196.mp4,
FaceForensics++,train,fit,196_310,196_310,196,310,1,Face2Face,Face2Face/196_310.mp4,
FaceForensics++,train,fit,310_196,196_310,310,196,1,Face2Face,Face2Face/310_196.mp4,
FaceForensics++,train,fit,196_310,196_310,196,310,1,FaceSwap,FaceSwap/196_310.mp4,
FaceForensics++,train,fit,310_196,196_310,310,196,1,FaceSwap,FaceSwap/310_196.mp4,
FaceForensics++,train,fit,196_310,196_310,196,310,1,NeuralTextures,NeuralTextures/196_310.mp4,
FaceForensics++,train,fit,310_196,196_310,310,196,1,NeuralTextures,NeuralTextures/310_196.mp4,
FaceForensics++,train,fit,197,197_224,197,,0,,original/197.mp4,
FaceForensics++,train,fit,224,197_224,224,,0,,original/224.mp4,
FaceForensics++,train,fit,197_224,197_224,197,224,1,DeepFakes,Deepfakes/197_224.mp4,
FaceForensics++,train,fit,224_197,197_224,224,197,1,DeepFakes,Deepfakes/224_197.mp4,
FaceForensics++,train,fit,197_224,197_224,197,224,1,Face2Face,Face2Face/197_224.mp4,
FaceForensics++,train,fit,224_197,197_224,224,197,1,Face2Face,Face2Face/224_197.mp4,
FaceForensics++,train,fit,197_224,197_224,197,224,1,FaceSwap,FaceSwap/197_224.mp4,
FaceForensics++,train,fit,224_197,197_224,224,197,1,FaceSwap,FaceSwap/224_197.mp4,
FaceForensics++,train,fit,197_224,197_224,197,224,1,NeuralTextures,NeuralTextures/197_224.mp4,
FaceForensics++,train,fit,224_197,197_224,224,197,1,NeuralTextures,NeuralTextures/224_197.mp4,
FaceForensics++,train,fit,201,201_203,201,,0,,original/201.mp4,
FaceForensics++,train,fit,203,201_203,203,,0,,original/203.mp4,
FaceForensics++,train,fit,201_203,201_203,201,203,1,DeepFakes,Deepfakes/201_203.mp4,
FaceForensics++,train,fit,203_201,201_203,203,201,1,DeepFakes,Deepfakes/203_201.mp4,
FaceForensics++,train,fit,201_203,201_203,201,203,1,Face2Face,Face2Face/201_203.mp4,
FaceForensics++,train,fit,203_201,201_203,203,201,1,Face2Face,Face2Face/203_201.mp4,
FaceForensics++,train,fit,201_203,201_203,201,203,1,FaceSwap,FaceSwap/201_203.mp4,
FaceForensics++,train,fit,203_201,201_203,203,201,1,FaceSwap,FaceSwap/203_201.mp4,
FaceForensics++,train,fit,201_203,201_203,201,203,1,NeuralTextures,NeuralTextures/201_203.mp4,
FaceForensics++,train,fit,203_201,201_203,203,201,1,NeuralTextures,NeuralTextures/203_201.mp4,
FaceForensics++,train,fit,202,202_348,202,,0,,original/202.mp4,
FaceForensics++,train,fit,348,202_348,348,,0,,original/348.mp4,
FaceForensics++,train,fit,202_348,202_348,202,348,1,DeepFakes,Deepfakes/202_348.mp4,
FaceForensics++,train,fit,348_202,202_348,348,202,1,DeepFakes,Deepfakes/348_202.mp4,
FaceForensics++,train,fit,202_348,202_348,202,348,1,Face2Face,Face2Face/202_348.mp4,
FaceForensics++,train,fit,348_202,202_348,348,202,1,Face2Face,Face2Face/348_202.mp4,
FaceForensics++,train,fit,202_348,202_348,202,348,1,FaceSwap,FaceSwap/202_348.mp4,
FaceForensics++,train,fit,348_202,202_348,348,202,1,FaceSwap,FaceSwap/348_202.mp4,
FaceForensics++,train,fit,202_348,202_348,202,348,1,NeuralTextures,NeuralTextures/202_348.mp4,
FaceForensics++,train,fit,348_202,202_348,348,202,1,NeuralTextures,NeuralTextures/348_202.mp4,
FaceForensics++,train,fit,204,204_230,204,,0,,original/204.mp4,
FaceForensics++,train,fit,230,204_230,230,,0,,original/230.mp4,
FaceForensics++,train,fit,204_230,204_230,204,230,1,DeepFakes,Deepfakes/204_230.mp4,
FaceForensics++,train,fit,230_204,204_230,230,204,1,DeepFakes,Deepfakes/230_204.mp4,
FaceForensics++,train,fit,204_230,204_230,204,230,1,Face2Face,Face2Face/204_230.mp4,
FaceForensics++,train,fit,230_204,204_230,230,204,1,Face2Face,Face2Face/230_204.mp4,
FaceForensics++,train,fit,204_230,204_230,204,230,1,FaceSwap,FaceSwap/204_230.mp4,
FaceForensics++,train,fit,230_204,204_230,230,204,1,FaceSwap,FaceSwap/230_204.mp4,
FaceForensics++,train,fit,204_230,204_230,204,230,1,NeuralTextures,NeuralTextures/204_230.mp4,
FaceForensics++,train,fit,230_204,204_230,230,204,1,NeuralTextures,NeuralTextures/230_204.mp4,
FaceForensics++,train,fit,206,206_221,206,,0,,original/206.mp4,
FaceForensics++,train,fit,221,206_221,221,,0,,original/221.mp4,
FaceForensics++,train,fit,206_221,206_221,206,221,1,DeepFakes,Deepfakes/206_221.mp4,
FaceForensics++,train,fit,221_206,206_221,221,206,1,DeepFakes,Deepfakes/221_206.mp4,
FaceForensics++,train,fit,206_221,206_221,206,221,1,Face2Face,Face2Face/206_221.mp4,
FaceForensics++,train,fit,221_206,206_221,221,206,1,Face2Face,Face2Face/221_206.mp4,
FaceForensics++,train,fit,206_221,206_221,206,221,1,FaceSwap,FaceSwap/206_221.mp4,
FaceForensics++,train,fit,221_206,206_221,221,206,1,FaceSwap,FaceSwap/221_206.mp4,
FaceForensics++,train,fit,206_221,206_221,206,221,1,NeuralTextures,NeuralTextures/206_221.mp4,
FaceForensics++,train,fit,221_206,206_221,221,206,1,NeuralTextures,NeuralTextures/221_206.mp4,
FaceForensics++,train,fit,207,207_908,207,,0,,original/207.mp4,
FaceForensics++,train,fit,908,207_908,908,,0,,original/908.mp4,
FaceForensics++,train,fit,207_908,207_908,207,908,1,DeepFakes,Deepfakes/207_908.mp4,
FaceForensics++,train,fit,908_207,207_908,908,207,1,DeepFakes,Deepfakes/908_207.mp4,
FaceForensics++,train,fit,207_908,207_908,207,908,1,Face2Face,Face2Face/207_908.mp4,
FaceForensics++,train,fit,908_207,207_908,908,207,1,Face2Face,Face2Face/908_207.mp4,
FaceForensics++,train,fit,207_908,207_908,207,908,1,FaceSwap,FaceSwap/207_908.mp4,
FaceForensics++,train,fit,908_207,207_908,908,207,1,FaceSwap,FaceSwap/908_207.mp4,
FaceForensics++,train,fit,207_908,207_908,207,908,1,NeuralTextures,NeuralTextures/207_908.mp4,
FaceForensics++,train,fit,908_207,207_908,908,207,1,NeuralTextures,NeuralTextures/908_207.mp4,
FaceForensics++,train,fit,208,208_215,208,,0,,original/208.mp4,
FaceForensics++,train,fit,215,208_215,215,,0,,original/215.mp4,
FaceForensics++,train,fit,208_215,208_215,208,215,1,DeepFakes,Deepfakes/208_215.mp4,
FaceForensics++,train,fit,215_208,208_215,215,208,1,DeepFakes,Deepfakes/215_208.mp4,
FaceForensics++,train,fit,208_215,208_215,208,215,1,Face2Face,Face2Face/208_215.mp4,
FaceForensics++,train,fit,215_208,208_215,215,208,1,Face2Face,Face2Face/215_208.mp4,
FaceForensics++,train,fit,208_215,208_215,208,215,1,FaceSwap,FaceSwap/208_215.mp4,
FaceForensics++,train,fit,215_208,208_215,215,208,1,FaceSwap,FaceSwap/215_208.mp4,
FaceForensics++,train,fit,208_215,208_215,208,215,1,NeuralTextures,NeuralTextures/208_215.mp4,
FaceForensics++,train,fit,215_208,208_215,215,208,1,NeuralTextures,NeuralTextures/215_208.mp4,
FaceForensics++,train,fit,210,210_241,210,,0,,original/210.mp4,
FaceForensics++,train,fit,241,210_241,241,,0,,original/241.mp4,
FaceForensics++,train,fit,210_241,210_241,210,241,1,DeepFakes,Deepfakes/210_241.mp4,
FaceForensics++,train,fit,241_210,210_241,241,210,1,DeepFakes,Deepfakes/241_210.mp4,
FaceForensics++,train,fit,210_241,210_241,210,241,1,Face2Face,Face2Face/210_241.mp4,
FaceForensics++,train,fit,241_210,210_241,241,210,1,Face2Face,Face2Face/241_210.mp4,
FaceForensics++,train,fit,210_241,210_241,210,241,1,FaceSwap,FaceSwap/210_241.mp4,
FaceForensics++,train,fit,241_210,210_241,241,210,1,FaceSwap,FaceSwap/241_210.mp4,
FaceForensics++,train,fit,210_241,210_241,210,241,1,NeuralTextures,NeuralTextures/210_241.mp4,
FaceForensics++,train,fit,241_210,210_241,241,210,1,NeuralTextures,NeuralTextures/241_210.mp4,
FaceForensics++,train,fit,218,218_239,218,,0,,original/218.mp4,
FaceForensics++,train,fit,239,218_239,239,,0,,original/239.mp4,
FaceForensics++,train,fit,218_239,218_239,218,239,1,DeepFakes,Deepfakes/218_239.mp4,
FaceForensics++,train,fit,239_218,218_239,239,218,1,DeepFakes,Deepfakes/239_218.mp4,
FaceForensics++,train,fit,218_239,218_239,218,239,1,Face2Face,Face2Face/218_239.mp4,
FaceForensics++,train,fit,239_218,218_239,239,218,1,Face2Face,Face2Face/239_218.mp4,
FaceForensics++,train,fit,218_239,218_239,218,239,1,FaceSwap,FaceSwap/218_239.mp4,
FaceForensics++,train,fit,239_218,218_239,239,218,1,FaceSwap,FaceSwap/239_218.mp4,
FaceForensics++,train,fit,218_239,218_239,218,239,1,NeuralTextures,NeuralTextures/218_239.mp4,
FaceForensics++,train,fit,239_218,218_239,239,218,1,NeuralTextures,NeuralTextures/239_218.mp4,
FaceForensics++,train,fit,228,228_289,228,,0,,original/228.mp4,
FaceForensics++,train,fit,289,228_289,289,,0,,original/289.mp4,
FaceForensics++,train,fit,228_289,228_289,228,289,1,DeepFakes,Deepfakes/228_289.mp4,
FaceForensics++,train,fit,289_228,228_289,289,228,1,DeepFakes,Deepfakes/289_228.mp4,
FaceForensics++,train,fit,228_289,228_289,228,289,1,Face2Face,Face2Face/228_289.mp4,
FaceForensics++,train,fit,289_228,228_289,289,228,1,Face2Face,Face2Face/289_228.mp4,
FaceForensics++,train,fit,228_289,228_289,228,289,1,FaceSwap,FaceSwap/228_289.mp4,
FaceForensics++,train,fit,289_228,228_289,289,228,1,FaceSwap,FaceSwap/289_228.mp4,
FaceForensics++,train,fit,228_289,228_289,228,289,1,NeuralTextures,NeuralTextures/228_289.mp4,
FaceForensics++,train,fit,289_228,228_289,289,228,1,NeuralTextures,NeuralTextures/289_228.mp4,
FaceForensics++,train,fit,229,229_247,229,,0,,original/229.mp4,
FaceForensics++,train,fit,247,229_247,247,,0,,original/247.mp4,
FaceForensics++,train,fit,229_247,229_247,229,247,1,DeepFakes,Deepfakes/229_247.mp4,
FaceForensics++,train,fit,247_229,229_247,247,229,1,DeepFakes,Deepfakes/247_229.mp4,
FaceForensics++,train,fit,229_247,229_247,229,247,1,Face2Face,Face2Face/229_247.mp4,
FaceForensics++,train,fit,247_229,229_247,247,229,1,Face2Face,Face2Face/247_229.mp4,
FaceForensics++,train,fit,229_247,229_247,229,247,1,FaceSwap,FaceSwap/229_247.mp4,
FaceForensics++,train,fit,247_229,229_247,247,229,1,FaceSwap,FaceSwap/247_229.mp4,
FaceForensics++,train,fit,229_247,229_247,229,247,1,NeuralTextures,NeuralTextures/229_247.mp4,
FaceForensics++,train,fit,247_229,229_247,247,229,1,NeuralTextures,NeuralTextures/247_229.mp4,
FaceForensics++,train,fit,231,231_663,231,,0,,original/231.mp4,
FaceForensics++,train,fit,663,231_663,663,,0,,original/663.mp4,
FaceForensics++,train,fit,231_663,231_663,231,663,1,DeepFakes,Deepfakes/231_663.mp4,
FaceForensics++,train,fit,663_231,231_663,663,231,1,DeepFakes,Deepfakes/663_231.mp4,
FaceForensics++,train,fit,231_663,231_663,231,663,1,Face2Face,Face2Face/231_663.mp4,
FaceForensics++,train,fit,663_231,231_663,663,231,1,Face2Face,Face2Face/663_231.mp4,
FaceForensics++,train,fit,231_663,231_663,231,663,1,FaceSwap,FaceSwap/231_663.mp4,
FaceForensics++,train,fit,663_231,231_663,663,231,1,FaceSwap,FaceSwap/663_231.mp4,
FaceForensics++,train,fit,231_663,231_663,231,663,1,NeuralTextures,NeuralTextures/231_663.mp4,
FaceForensics++,train,fit,663_231,231_663,663,231,1,NeuralTextures,NeuralTextures/663_231.mp4,
FaceForensics++,train,fit,232,232_248,232,,0,,original/232.mp4,
FaceForensics++,train,fit,248,232_248,248,,0,,original/248.mp4,
FaceForensics++,train,fit,232_248,232_248,232,248,1,DeepFakes,Deepfakes/232_248.mp4,
FaceForensics++,train,fit,248_232,232_248,248,232,1,DeepFakes,Deepfakes/248_232.mp4,
FaceForensics++,train,fit,232_248,232_248,232,248,1,Face2Face,Face2Face/232_248.mp4,
FaceForensics++,train,fit,248_232,232_248,248,232,1,Face2Face,Face2Face/248_232.mp4,
FaceForensics++,train,fit,232_248,232_248,232,248,1,FaceSwap,FaceSwap/232_248.mp4,
FaceForensics++,train,fit,248_232,232_248,248,232,1,FaceSwap,FaceSwap/248_232.mp4,
FaceForensics++,train,fit,232_248,232_248,232,248,1,NeuralTextures,NeuralTextures/232_248.mp4,
FaceForensics++,train,fit,248_232,232_248,248,232,1,NeuralTextures,NeuralTextures/248_232.mp4,
FaceForensics++,train,fit,236,236_237,236,,0,,original/236.mp4,
FaceForensics++,train,fit,237,236_237,237,,0,,original/237.mp4,
FaceForensics++,train,fit,236_237,236_237,236,237,1,DeepFakes,Deepfakes/236_237.mp4,
FaceForensics++,train,fit,237_236,236_237,237,236,1,DeepFakes,Deepfakes/237_236.mp4,
FaceForensics++,train,fit,236_237,236_237,236,237,1,Face2Face,Face2Face/236_237.mp4,
FaceForensics++,train,fit,237_236,236_237,237,236,1,Face2Face,Face2Face/237_236.mp4,
FaceForensics++,train,fit,236_237,236_237,236,237,1,FaceSwap,FaceSwap/236_237.mp4,
FaceForensics++,train,fit,237_236,236_237,237,236,1,FaceSwap,FaceSwap/237_236.mp4,
FaceForensics++,train,fit,236_237,236_237,236,237,1,NeuralTextures,NeuralTextures/236_237.mp4,
FaceForensics++,train,fit,237_236,236_237,237,236,1,NeuralTextures,NeuralTextures/237_236.mp4,
FaceForensics++,train,fit,238,238_282,238,,0,,original/238.mp4,
FaceForensics++,train,fit,282,238_282,282,,0,,original/282.mp4,
FaceForensics++,train,fit,238_282,238_282,238,282,1,DeepFakes,Deepfakes/238_282.mp4,
FaceForensics++,train,fit,282_238,238_282,282,238,1,DeepFakes,Deepfakes/282_238.mp4,
FaceForensics++,train,fit,238_282,238_282,238,282,1,Face2Face,Face2Face/238_282.mp4,
FaceForensics++,train,fit,282_238,238_282,282,238,1,Face2Face,Face2Face/282_238.mp4,
FaceForensics++,train,fit,238_282,238_282,238,282,1,FaceSwap,FaceSwap/238_282.mp4,
FaceForensics++,train,fit,282_238,238_282,282,238,1,FaceSwap,FaceSwap/282_238.mp4,
FaceForensics++,train,fit,238_282,238_282,238,282,1,NeuralTextures,NeuralTextures/238_282.mp4,
FaceForensics++,train,fit,282_238,238_282,282,238,1,NeuralTextures,NeuralTextures/282_238.mp4,
FaceForensics++,train,fit,240,240_290,240,,0,,original/240.mp4,
FaceForensics++,train,fit,290,240_290,290,,0,,original/290.mp4,
FaceForensics++,train,fit,240_290,240_290,240,290,1,DeepFakes,Deepfakes/240_290.mp4,
FaceForensics++,train,fit,290_240,240_290,290,240,1,DeepFakes,Deepfakes/290_240.mp4,
FaceForensics++,train,fit,240_290,240_290,240,290,1,Face2Face,Face2Face/240_290.mp4,
FaceForensics++,train,fit,290_240,240_290,290,240,1,Face2Face,Face2Face/290_240.mp4,
FaceForensics++,train,fit,240_290,240_290,240,290,1,FaceSwap,FaceSwap/240_290.mp4,
FaceForensics++,train,fit,290_240,240_290,290,240,1,FaceSwap,FaceSwap/290_240.mp4,
FaceForensics++,train,fit,240_290,240_290,240,290,1,NeuralTextures,NeuralTextures/240_290.mp4,
FaceForensics++,train,fit,290_240,240_290,290,240,1,NeuralTextures,NeuralTextures/290_240.mp4,
FaceForensics++,train,fit,246,246_258,246,,0,,original/246.mp4,
FaceForensics++,train,fit,258,246_258,258,,0,,original/258.mp4,
FaceForensics++,train,fit,246_258,246_258,246,258,1,DeepFakes,Deepfakes/246_258.mp4,
FaceForensics++,train,fit,258_246,246_258,258,246,1,DeepFakes,Deepfakes/258_246.mp4,
FaceForensics++,train,fit,246_258,246_258,246,258,1,Face2Face,Face2Face/246_258.mp4,
FaceForensics++,train,fit,258_246,246_258,258,246,1,Face2Face,Face2Face/258_246.mp4,
FaceForensics++,train,fit,246_258,246_258,246,258,1,FaceSwap,FaceSwap/246_258.mp4,
FaceForensics++,train,fit,258_246,246_258,258,246,1,FaceSwap,FaceSwap/258_246.mp4,
FaceForensics++,train,fit,246_258,246_258,246,258,1,NeuralTextures,NeuralTextures/246_258.mp4,
FaceForensics++,train,fit,258_246,246_258,258,246,1,NeuralTextures,NeuralTextures/258_246.mp4,
FaceForensics++,train,fit,250,250_461,250,,0,,original/250.mp4,
FaceForensics++,train,fit,461,250_461,461,,0,,original/461.mp4,
FaceForensics++,train,fit,250_461,250_461,250,461,1,DeepFakes,Deepfakes/250_461.mp4,
FaceForensics++,train,fit,461_250,250_461,461,250,1,DeepFakes,Deepfakes/461_250.mp4,
FaceForensics++,train,fit,250_461,250_461,250,461,1,Face2Face,Face2Face/250_461.mp4,
FaceForensics++,train,fit,461_250,250_461,461,250,1,Face2Face,Face2Face/461_250.mp4,
FaceForensics++,train,fit,250_461,250_461,250,461,1,FaceSwap,FaceSwap/250_461.mp4,
FaceForensics++,train,fit,461_250,250_461,461,250,1,FaceSwap,FaceSwap/461_250.mp4,
FaceForensics++,train,fit,250_461,250_461,250,461,1,NeuralTextures,NeuralTextures/250_461.mp4,
FaceForensics++,train,fit,461_250,250_461,461,250,1,NeuralTextures,NeuralTextures/461_250.mp4,
FaceForensics++,train,fit,251,251_375,251,,0,,original/251.mp4,
FaceForensics++,train,fit,375,251_375,375,,0,,original/375.mp4,
FaceForensics++,train,fit,251_375,251_375,251,375,1,DeepFakes,Deepfakes/251_375.mp4,
FaceForensics++,train,fit,375_251,251_375,375,251,1,DeepFakes,Deepfakes/375_251.mp4,
FaceForensics++,train,fit,251_375,251_375,251,375,1,Face2Face,Face2Face/251_375.mp4,
FaceForensics++,train,fit,375_251,251_375,375,251,1,Face2Face,Face2Face/375_251.mp4,
FaceForensics++,train,fit,251_375,251_375,251,375,1,FaceSwap,FaceSwap/251_375.mp4,
FaceForensics++,train,fit,375_251,251_375,375,251,1,FaceSwap,FaceSwap/375_251.mp4,
FaceForensics++,train,fit,251_375,251_375,251,375,1,NeuralTextures,NeuralTextures/251_375.mp4,
FaceForensics++,train,fit,375_251,251_375,375,251,1,NeuralTextures,NeuralTextures/375_251.mp4,
FaceForensics++,train,fit,252,252_266,252,,0,,original/252.mp4,
FaceForensics++,train,fit,266,252_266,266,,0,,original/266.mp4,
FaceForensics++,train,fit,252_266,252_266,252,266,1,DeepFakes,Deepfakes/252_266.mp4,
FaceForensics++,train,fit,266_252,252_266,266,252,1,DeepFakes,Deepfakes/266_252.mp4,
FaceForensics++,train,fit,252_266,252_266,252,266,1,Face2Face,Face2Face/252_266.mp4,
FaceForensics++,train,fit,266_252,252_266,266,252,1,Face2Face,Face2Face/266_252.mp4,
FaceForensics++,train,fit,252_266,252_266,252,266,1,FaceSwap,FaceSwap/252_266.mp4,
FaceForensics++,train,fit,266_252,252_266,266,252,1,FaceSwap,FaceSwap/266_252.mp4,
FaceForensics++,train,fit,252_266,252_266,252,266,1,NeuralTextures,NeuralTextures/252_266.mp4,
FaceForensics++,train,fit,266_252,252_266,266,252,1,NeuralTextures,NeuralTextures/266_252.mp4,
FaceForensics++,train,fit,259,259_345,259,,0,,original/259.mp4,
FaceForensics++,train,fit,345,259_345,345,,0,,original/345.mp4,
FaceForensics++,train,fit,259_345,259_345,259,345,1,DeepFakes,Deepfakes/259_345.mp4,
FaceForensics++,train,fit,345_259,259_345,345,259,1,DeepFakes,Deepfakes/345_259.mp4,
FaceForensics++,train,fit,259_345,259_345,259,345,1,Face2Face,Face2Face/259_345.mp4,
FaceForensics++,train,fit,345_259,259_345,345,259,1,Face2Face,Face2Face/345_259.mp4,
FaceForensics++,train,fit,259_345,259_345,259,345,1,FaceSwap,FaceSwap/259_345.mp4,
FaceForensics++,train,fit,345_259,259_345,345,259,1,FaceSwap,FaceSwap/345_259.mp4,
FaceForensics++,train,fit,259_345,259_345,259,345,1,NeuralTextures,NeuralTextures/259_345.mp4,
FaceForensics++,train,fit,345_259,259_345,345,259,1,NeuralTextures,NeuralTextures/345_259.mp4,
FaceForensics++,train,fit,260,260_331,260,,0,,original/260.mp4,
FaceForensics++,train,fit,331,260_331,331,,0,,original/331.mp4,
FaceForensics++,train,fit,260_331,260_331,260,331,1,DeepFakes,Deepfakes/260_331.mp4,
FaceForensics++,train,fit,331_260,260_331,331,260,1,DeepFakes,Deepfakes/331_260.mp4,
FaceForensics++,train,fit,260_331,260_331,260,331,1,Face2Face,Face2Face/260_331.mp4,
FaceForensics++,train,fit,331_260,260_331,331,260,1,Face2Face,Face2Face/331_260.mp4,
FaceForensics++,train,fit,260_331,260_331,260,331,1,FaceSwap,FaceSwap/260_331.mp4,
FaceForensics++,train,fit,331_260,260_331,331,260,1,FaceSwap,FaceSwap/331_260.mp4,
FaceForensics++,train,fit,260_331,260_331,260,331,1,NeuralTextures,NeuralTextures/260_331.mp4,
FaceForensics++,train,fit,331_260,260_331,331,260,1,NeuralTextures,NeuralTextures/331_260.mp4,
FaceForensics++,train,fit,262,262_301,262,,0,,original/262.mp4,
FaceForensics++,train,fit,301,262_301,301,,0,,original/301.mp4,
FaceForensics++,train,fit,262_301,262_301,262,301,1,DeepFakes,Deepfakes/262_301.mp4,
FaceForensics++,train,fit,301_262,262_301,301,262,1,DeepFakes,Deepfakes/301_262.mp4,
FaceForensics++,train,fit,262_301,262_301,262,301,1,Face2Face,Face2Face/262_301.mp4,
FaceForensics++,train,fit,301_262,262_301,301,262,1,Face2Face,Face2Face/301_262.mp4,
FaceForensics++,train,fit,262_301,262_301,262,301,1,FaceSwap,FaceSwap/262_301.mp4,
FaceForensics++,train,fit,301_262,262_301,301,262,1,FaceSwap,FaceSwap/301_262.mp4,
FaceForensics++,train,fit,262_301,262_301,262,301,1,NeuralTextures,NeuralTextures/262_301.mp4,
FaceForensics++,train,fit,301_262,262_301,301,262,1,NeuralTextures,NeuralTextures/301_262.mp4,
FaceForensics++,train,fit,264,264_271,264,,0,,original/264.mp4,
FaceForensics++,train,fit,271,264_271,271,,0,,original/271.mp4,
FaceForensics++,train,fit,264_271,264_271,264,271,1,DeepFakes,Deepfakes/264_271.mp4,
FaceForensics++,train,fit,271_264,264_271,271,264,1,DeepFakes,Deepfakes/271_264.mp4,
FaceForensics++,train,fit,264_271,264_271,264,271,1,Face2Face,Face2Face/264_271.mp4,
FaceForensics++,train,fit,271_264,264_271,271,264,1,Face2Face,Face2Face/271_264.mp4,
FaceForensics++,train,fit,264_271,264_271,264,271,1,FaceSwap,FaceSwap/264_271.mp4,
FaceForensics++,train,fit,271_264,264_271,271,264,1,FaceSwap,FaceSwap/271_264.mp4,
FaceForensics++,train,fit,264_271,264_271,264,271,1,NeuralTextures,NeuralTextures/264_271.mp4,
FaceForensics++,train,fit,271_264,264_271,271,264,1,NeuralTextures,NeuralTextures/271_264.mp4,
FaceForensics++,train,fit,267,267_286,267,,0,,original/267.mp4,
FaceForensics++,train,fit,286,267_286,286,,0,,original/286.mp4,
FaceForensics++,train,fit,267_286,267_286,267,286,1,DeepFakes,Deepfakes/267_286.mp4,
FaceForensics++,train,fit,286_267,267_286,286,267,1,DeepFakes,Deepfakes/286_267.mp4,
FaceForensics++,train,fit,267_286,267_286,267,286,1,Face2Face,Face2Face/267_286.mp4,
FaceForensics++,train,fit,286_267,267_286,286,267,1,Face2Face,Face2Face/286_267.mp4,
FaceForensics++,train,fit,267_286,267_286,267,286,1,FaceSwap,FaceSwap/267_286.mp4,
FaceForensics++,train,fit,286_267,267_286,286,267,1,FaceSwap,FaceSwap/286_267.mp4,
FaceForensics++,train,fit,267_286,267_286,267,286,1,NeuralTextures,NeuralTextures/267_286.mp4,
FaceForensics++,train,fit,286_267,267_286,286,267,1,NeuralTextures,NeuralTextures/286_267.mp4,
FaceForensics++,train,fit,268,268_269,268,,0,,original/268.mp4,
FaceForensics++,train,fit,269,268_269,269,,0,,original/269.mp4,
FaceForensics++,train,fit,268_269,268_269,268,269,1,DeepFakes,Deepfakes/268_269.mp4,
FaceForensics++,train,fit,269_268,268_269,269,268,1,DeepFakes,Deepfakes/269_268.mp4,
FaceForensics++,train,fit,268_269,268_269,268,269,1,Face2Face,Face2Face/268_269.mp4,
FaceForensics++,train,fit,269_268,268_269,269,268,1,Face2Face,Face2Face/269_268.mp4,
FaceForensics++,train,fit,268_269,268_269,268,269,1,FaceSwap,FaceSwap/268_269.mp4,
FaceForensics++,train,fit,269_268,268_269,269,268,1,FaceSwap,FaceSwap/269_268.mp4,
FaceForensics++,train,fit,268_269,268_269,268,269,1,NeuralTextures,NeuralTextures/268_269.mp4,
FaceForensics++,train,fit,269_268,268_269,269,268,1,NeuralTextures,NeuralTextures/269_268.mp4,
FaceForensics++,train,fit,270,270_297,270,,0,,original/270.mp4,
FaceForensics++,train,fit,297,270_297,297,,0,,original/297.mp4,
FaceForensics++,train,fit,270_297,270_297,270,297,1,DeepFakes,Deepfakes/270_297.mp4,
FaceForensics++,train,fit,297_270,270_297,297,270,1,DeepFakes,Deepfakes/297_270.mp4,
FaceForensics++,train,fit,270_297,270_297,270,297,1,Face2Face,Face2Face/270_297.mp4,
FaceForensics++,train,fit,297_270,270_297,297,270,1,Face2Face,Face2Face/297_270.mp4,
FaceForensics++,train,fit,270_297,270_297,270,297,1,FaceSwap,FaceSwap/270_297.mp4,
FaceForensics++,train,fit,297_270,270_297,297,270,1,FaceSwap,FaceSwap/297_270.mp4,
FaceForensics++,train,fit,270_297,270_297,270,297,1,NeuralTextures,NeuralTextures/270_297.mp4,
FaceForensics++,train,fit,297_270,270_297,297,270,1,NeuralTextures,NeuralTextures/297_270.mp4,
FaceForensics++,train,fit,272,272_396,272,,0,,original/272.mp4,
FaceForensics++,train,fit,396,272_396,396,,0,,original/396.mp4,
FaceForensics++,train,fit,272_396,272_396,272,396,1,DeepFakes,Deepfakes/272_396.mp4,
FaceForensics++,train,fit,396_272,272_396,396,272,1,DeepFakes,Deepfakes/396_272.mp4,
FaceForensics++,train,fit,272_396,272_396,272,396,1,Face2Face,Face2Face/272_396.mp4,
FaceForensics++,train,fit,396_272,272_396,396,272,1,Face2Face,Face2Face/396_272.mp4,
FaceForensics++,train,fit,272_396,272_396,272,396,1,FaceSwap,FaceSwap/272_396.mp4,
FaceForensics++,train,fit,396_272,272_396,396,272,1,FaceSwap,FaceSwap/396_272.mp4,
FaceForensics++,train,fit,272_396,272_396,272,396,1,NeuralTextures,NeuralTextures/272_396.mp4,
FaceForensics++,train,fit,396_272,272_396,396,272,1,NeuralTextures,NeuralTextures/396_272.mp4,
FaceForensics++,train,fit,274,274_412,274,,0,,original/274.mp4,
FaceForensics++,train,fit,412,274_412,412,,0,,original/412.mp4,
FaceForensics++,train,fit,274_412,274_412,274,412,1,DeepFakes,Deepfakes/274_412.mp4,
FaceForensics++,train,fit,412_274,274_412,412,274,1,DeepFakes,Deepfakes/412_274.mp4,
FaceForensics++,train,fit,274_412,274_412,274,412,1,Face2Face,Face2Face/274_412.mp4,
FaceForensics++,train,fit,412_274,274_412,412,274,1,Face2Face,Face2Face/412_274.mp4,
FaceForensics++,train,fit,274_412,274_412,274,412,1,FaceSwap,FaceSwap/274_412.mp4,
FaceForensics++,train,fit,412_274,274_412,412,274,1,FaceSwap,FaceSwap/412_274.mp4,
FaceForensics++,train,fit,274_412,274_412,274,412,1,NeuralTextures,NeuralTextures/274_412.mp4,
FaceForensics++,train,fit,412_274,274_412,412,274,1,NeuralTextures,NeuralTextures/412_274.mp4,
FaceForensics++,train,fit,275,275_887,275,,0,,original/275.mp4,
FaceForensics++,train,fit,887,275_887,887,,0,,original/887.mp4,
FaceForensics++,train,fit,275_887,275_887,275,887,1,DeepFakes,Deepfakes/275_887.mp4,
FaceForensics++,train,fit,887_275,275_887,887,275,1,DeepFakes,Deepfakes/887_275.mp4,
FaceForensics++,train,fit,275_887,275_887,275,887,1,Face2Face,Face2Face/275_887.mp4,
FaceForensics++,train,fit,887_275,275_887,887,275,1,Face2Face,Face2Face/887_275.mp4,
FaceForensics++,train,fit,275_887,275_887,275,887,1,FaceSwap,FaceSwap/275_887.mp4,
FaceForensics++,train,fit,887_275,275_887,887,275,1,FaceSwap,FaceSwap/887_275.mp4,
FaceForensics++,train,fit,275_887,275_887,275,887,1,NeuralTextures,NeuralTextures/275_887.mp4,
FaceForensics++,train,fit,887_275,275_887,887,275,1,NeuralTextures,NeuralTextures/887_275.mp4,
FaceForensics++,train,fit,277,277_335,277,,0,,original/277.mp4,
FaceForensics++,train,fit,335,277_335,335,,0,,original/335.mp4,
FaceForensics++,train,fit,277_335,277_335,277,335,1,DeepFakes,Deepfakes/277_335.mp4,
FaceForensics++,train,fit,335_277,277_335,335,277,1,DeepFakes,Deepfakes/335_277.mp4,
FaceForensics++,train,fit,277_335,277_335,277,335,1,Face2Face,Face2Face/277_335.mp4,
FaceForensics++,train,fit,335_277,277_335,335,277,1,Face2Face,Face2Face/335_277.mp4,
FaceForensics++,train,fit,277_335,277_335,277,335,1,FaceSwap,FaceSwap/277_335.mp4,
FaceForensics++,train,fit,335_277,277_335,335,277,1,FaceSwap,FaceSwap/335_277.mp4,
FaceForensics++,train,fit,277_335,277_335,277,335,1,NeuralTextures,NeuralTextures/277_335.mp4,
FaceForensics++,train,fit,335_277,277_335,335,277,1,NeuralTextures,NeuralTextures/335_277.mp4,
FaceForensics++,train,fit,279,279_298,279,,0,,original/279.mp4,
FaceForensics++,train,fit,298,279_298,298,,0,,original/298.mp4,
FaceForensics++,train,fit,279_298,279_298,279,298,1,DeepFakes,Deepfakes/279_298.mp4,
FaceForensics++,train,fit,298_279,279_298,298,279,1,DeepFakes,Deepfakes/298_279.mp4,
FaceForensics++,train,fit,279_298,279_298,279,298,1,Face2Face,Face2Face/279_298.mp4,
FaceForensics++,train,fit,298_279,279_298,298,279,1,Face2Face,Face2Face/298_279.mp4,
FaceForensics++,train,fit,279_298,279_298,279,298,1,FaceSwap,FaceSwap/279_298.mp4,
FaceForensics++,train,fit,298_279,279_298,298,279,1,FaceSwap,FaceSwap/298_279.mp4,
FaceForensics++,train,fit,279_298,279_298,279,298,1,NeuralTextures,NeuralTextures/279_298.mp4,
FaceForensics++,train,fit,298_279,279_298,298,279,1,NeuralTextures,NeuralTextures/298_279.mp4,
FaceForensics++,train,fit,281,281_474,281,,0,,original/281.mp4,
FaceForensics++,train,fit,474,281_474,474,,0,,original/474.mp4,
FaceForensics++,train,fit,281_474,281_474,281,474,1,DeepFakes,Deepfakes/281_474.mp4,
FaceForensics++,train,fit,474_281,281_474,474,281,1,DeepFakes,Deepfakes/474_281.mp4,
FaceForensics++,train,fit,281_474,281_474,281,474,1,Face2Face,Face2Face/281_474.mp4,
FaceForensics++,train,fit,474_281,281_474,474,281,1,Face2Face,Face2Face/474_281.mp4,
FaceForensics++,train,fit,281_474,281_474,281,474,1,FaceSwap,FaceSwap/281_474.mp4,
FaceForensics++,train,fit,474_281,281_474,474,281,1,FaceSwap,FaceSwap/474_281.mp4,
FaceForensics++,train,fit,281_474,281_474,281,474,1,NeuralTextures,NeuralTextures/281_474.mp4,
FaceForensics++,train,fit,474_281,281_474,474,281,1,NeuralTextures,NeuralTextures/474_281.mp4,
FaceForensics++,train,fit,283,283_313,283,,0,,original/283.mp4,
FaceForensics++,train,fit,313,283_313,313,,0,,original/313.mp4,
FaceForensics++,train,fit,283_313,283_313,283,313,1,DeepFakes,Deepfakes/283_313.mp4,
FaceForensics++,train,fit,313_283,283_313,313,283,1,DeepFakes,Deepfakes/313_283.mp4,
FaceForensics++,train,fit,283_313,283_313,283,313,1,Face2Face,Face2Face/283_313.mp4,
FaceForensics++,train,fit,313_283,283_313,313,283,1,Face2Face,Face2Face/313_283.mp4,
FaceForensics++,train,fit,283_313,283_313,283,313,1,FaceSwap,FaceSwap/283_313.mp4,
FaceForensics++,train,fit,313_283,283_313,313,283,1,FaceSwap,FaceSwap/313_283.mp4,
FaceForensics++,train,fit,283_313,283_313,283,313,1,NeuralTextures,NeuralTextures/283_313.mp4,
FaceForensics++,train,fit,313_283,283_313,313,283,1,NeuralTextures,NeuralTextures/313_283.mp4,
FaceForensics++,train,fit,287,287_426,287,,0,,original/287.mp4,
FaceForensics++,train,fit,426,287_426,426,,0,,original/426.mp4,
FaceForensics++,train,fit,287_426,287_426,287,426,1,DeepFakes,Deepfakes/287_426.mp4,
FaceForensics++,train,fit,426_287,287_426,426,287,1,DeepFakes,Deepfakes/426_287.mp4,
FaceForensics++,train,fit,287_426,287_426,287,426,1,Face2Face,Face2Face/287_426.mp4,
FaceForensics++,train,fit,426_287,287_426,426,287,1,Face2Face,Face2Face/426_287.mp4,
FaceForensics++,train,fit,287_426,287_426,287,426,1,FaceSwap,FaceSwap/287_426.mp4,
FaceForensics++,train,fit,426_287,287_426,426,287,1,FaceSwap,FaceSwap/426_287.mp4,
FaceForensics++,train,fit,287_426,287_426,287,426,1,NeuralTextures,NeuralTextures/287_426.mp4,
FaceForensics++,train,fit,426_287,287_426,426,287,1,NeuralTextures,NeuralTextures/426_287.mp4,
FaceForensics++,train,fit,291,291_874,291,,0,,original/291.mp4,
FaceForensics++,train,fit,874,291_874,874,,0,,original/874.mp4,
FaceForensics++,train,fit,291_874,291_874,291,874,1,DeepFakes,Deepfakes/291_874.mp4,
FaceForensics++,train,fit,874_291,291_874,874,291,1,DeepFakes,Deepfakes/874_291.mp4,
FaceForensics++,train,fit,291_874,291_874,291,874,1,Face2Face,Face2Face/291_874.mp4,
FaceForensics++,train,fit,874_291,291_874,874,291,1,Face2Face,Face2Face/874_291.mp4,
FaceForensics++,train,fit,291_874,291_874,291,874,1,FaceSwap,FaceSwap/291_874.mp4,
FaceForensics++,train,fit,874_291,291_874,874,291,1,FaceSwap,FaceSwap/874_291.mp4,
FaceForensics++,train,fit,291_874,291_874,291,874,1,NeuralTextures,NeuralTextures/291_874.mp4,
FaceForensics++,train,fit,874_291,291_874,874,291,1,NeuralTextures,NeuralTextures/874_291.mp4,
FaceForensics++,train,fit,292,292_294,292,,0,,original/292.mp4,
FaceForensics++,train,fit,294,292_294,294,,0,,original/294.mp4,
FaceForensics++,train,fit,292_294,292_294,292,294,1,DeepFakes,Deepfakes/292_294.mp4,
FaceForensics++,train,fit,294_292,292_294,294,292,1,DeepFakes,Deepfakes/294_292.mp4,
FaceForensics++,train,fit,292_294,292_294,292,294,1,Face2Face,Face2Face/292_294.mp4,
FaceForensics++,train,fit,294_292,292_294,294,292,1,Face2Face,Face2Face/294_292.mp4,
FaceForensics++,train,fit,292_294,292_294,292,294,1,FaceSwap,FaceSwap/292_294.mp4,
FaceForensics++,train,fit,294_292,292_294,294,292,1,FaceSwap,FaceSwap/294_292.mp4,
FaceForensics++,train,fit,292_294,292_294,292,294,1,NeuralTextures,NeuralTextures/292_294.mp4,
FaceForensics++,train,fit,294_292,292_294,294,292,1,NeuralTextures,NeuralTextures/294_292.mp4,
FaceForensics++,train,fit,293,293_296,293,,0,,original/293.mp4,
FaceForensics++,train,fit,296,293_296,296,,0,,original/296.mp4,
FaceForensics++,train,fit,293_296,293_296,293,296,1,DeepFakes,Deepfakes/293_296.mp4,
FaceForensics++,train,fit,296_293,293_296,296,293,1,DeepFakes,Deepfakes/296_293.mp4,
FaceForensics++,train,fit,293_296,293_296,293,296,1,Face2Face,Face2Face/293_296.mp4,
FaceForensics++,train,fit,296_293,293_296,296,293,1,Face2Face,Face2Face/296_293.mp4,
FaceForensics++,train,fit,293_296,293_296,293,296,1,FaceSwap,FaceSwap/293_296.mp4,
FaceForensics++,train,fit,296_293,293_296,296,293,1,FaceSwap,FaceSwap/296_293.mp4,
FaceForensics++,train,fit,293_296,293_296,293,296,1,NeuralTextures,NeuralTextures/293_296.mp4,
FaceForensics++,train,fit,296_293,293_296,296,293,1,NeuralTextures,NeuralTextures/296_293.mp4,
FaceForensics++,train,fit,300,300_304,300,,0,,original/300.mp4,
FaceForensics++,train,fit,304,300_304,304,,0,,original/304.mp4,
FaceForensics++,train,fit,300_304,300_304,300,304,1,DeepFakes,Deepfakes/300_304.mp4,
FaceForensics++,train,fit,304_300,300_304,304,300,1,DeepFakes,Deepfakes/304_300.mp4,
FaceForensics++,train,fit,300_304,300_304,300,304,1,Face2Face,Face2Face/300_304.mp4,
FaceForensics++,train,fit,304_300,300_304,304,300,1,Face2Face,Face2Face/304_300.mp4,
FaceForensics++,train,fit,300_304,300_304,300,304,1,FaceSwap,FaceSwap/300_304.mp4,
FaceForensics++,train,fit,304_300,300_304,304,300,1,FaceSwap,FaceSwap/304_300.mp4,
FaceForensics++,train,fit,300_304,300_304,300,304,1,NeuralTextures,NeuralTextures/300_304.mp4,
FaceForensics++,train,fit,304_300,300_304,304,300,1,NeuralTextures,NeuralTextures/304_300.mp4,
FaceForensics++,train,fit,302,302_323,302,,0,,original/302.mp4,
FaceForensics++,train,fit,323,302_323,323,,0,,original/323.mp4,
FaceForensics++,train,fit,302_323,302_323,302,323,1,DeepFakes,Deepfakes/302_323.mp4,
FaceForensics++,train,fit,323_302,302_323,323,302,1,DeepFakes,Deepfakes/323_302.mp4,
FaceForensics++,train,fit,302_323,302_323,302,323,1,Face2Face,Face2Face/302_323.mp4,
FaceForensics++,train,fit,323_302,302_323,323,302,1,Face2Face,Face2Face/323_302.mp4,
FaceForensics++,train,fit,302_323,302_323,302,323,1,FaceSwap,FaceSwap/302_323.mp4,
FaceForensics++,train,fit,323_302,302_323,323,302,1,FaceSwap,FaceSwap/323_302.mp4,
FaceForensics++,train,fit,302_323,302_323,302,323,1,NeuralTextures,NeuralTextures/302_323.mp4,
FaceForensics++,train,fit,323_302,302_323,323,302,1,NeuralTextures,NeuralTextures/323_302.mp4,
FaceForensics++,train,fit,303,303_309,303,,0,,original/303.mp4,
FaceForensics++,train,fit,309,303_309,309,,0,,original/309.mp4,
FaceForensics++,train,fit,303_309,303_309,303,309,1,DeepFakes,Deepfakes/303_309.mp4,
FaceForensics++,train,fit,309_303,303_309,309,303,1,DeepFakes,Deepfakes/309_303.mp4,
FaceForensics++,train,fit,303_309,303_309,303,309,1,Face2Face,Face2Face/303_309.mp4,
FaceForensics++,train,fit,309_303,303_309,309,303,1,Face2Face,Face2Face/309_303.mp4,
FaceForensics++,train,fit,303_309,303_309,303,309,1,FaceSwap,FaceSwap/303_309.mp4,
FaceForensics++,train,fit,309_303,303_309,309,303,1,FaceSwap,FaceSwap/309_303.mp4,
FaceForensics++,train,fit,303_309,303_309,303,309,1,NeuralTextures,NeuralTextures/303_309.mp4,
FaceForensics++,train,fit,309_303,303_309,309,303,1,NeuralTextures,NeuralTextures/309_303.mp4,
FaceForensics++,train,fit,305,305_513,305,,0,,original/305.mp4,
FaceForensics++,train,fit,513,305_513,513,,0,,original/513.mp4,
FaceForensics++,train,fit,305_513,305_513,305,513,1,DeepFakes,Deepfakes/305_513.mp4,
FaceForensics++,train,fit,513_305,305_513,513,305,1,DeepFakes,Deepfakes/513_305.mp4,
FaceForensics++,train,fit,305_513,305_513,305,513,1,Face2Face,Face2Face/305_513.mp4,
FaceForensics++,train,fit,513_305,305_513,513,305,1,Face2Face,Face2Face/513_305.mp4,
FaceForensics++,train,fit,305_513,305_513,305,513,1,FaceSwap,FaceSwap/305_513.mp4,
FaceForensics++,train,fit,513_305,305_513,513,305,1,FaceSwap,FaceSwap/513_305.mp4,
FaceForensics++,train,fit,305_513,305_513,305,513,1,NeuralTextures,NeuralTextures/305_513.mp4,
FaceForensics++,train,fit,513_305,305_513,513,305,1,NeuralTextures,NeuralTextures/513_305.mp4,
FaceForensics++,train,fit,307,307_365,307,,0,,original/307.mp4,
FaceForensics++,train,fit,365,307_365,365,,0,,original/365.mp4,
FaceForensics++,train,fit,307_365,307_365,307,365,1,DeepFakes,Deepfakes/307_365.mp4,
FaceForensics++,train,fit,365_307,307_365,365,307,1,DeepFakes,Deepfakes/365_307.mp4,
FaceForensics++,train,fit,307_365,307_365,307,365,1,Face2Face,Face2Face/307_365.mp4,
FaceForensics++,train,fit,365_307,307_365,365,307,1,Face2Face,Face2Face/365_307.mp4,
FaceForensics++,train,fit,307_365,307_365,307,365,1,FaceSwap,FaceSwap/307_365.mp4,
FaceForensics++,train,fit,365_307,307_365,365,307,1,FaceSwap,FaceSwap/365_307.mp4,
FaceForensics++,train,fit,307_365,307_365,307,365,1,NeuralTextures,NeuralTextures/307_365.mp4,
FaceForensics++,train,fit,365_307,307_365,365,307,1,NeuralTextures,NeuralTextures/365_307.mp4,
FaceForensics++,train,fit,315,315_322,315,,0,,original/315.mp4,
FaceForensics++,train,fit,322,315_322,322,,0,,original/322.mp4,
FaceForensics++,train,fit,315_322,315_322,315,322,1,DeepFakes,Deepfakes/315_322.mp4,
FaceForensics++,train,fit,322_315,315_322,322,315,1,DeepFakes,Deepfakes/322_315.mp4,
FaceForensics++,train,fit,315_322,315_322,315,322,1,Face2Face,Face2Face/315_322.mp4,
FaceForensics++,train,fit,322_315,315_322,322,315,1,Face2Face,Face2Face/322_315.mp4,
FaceForensics++,train,fit,315_322,315_322,315,322,1,FaceSwap,FaceSwap/315_322.mp4,
FaceForensics++,train,fit,322_315,315_322,322,315,1,FaceSwap,FaceSwap/322_315.mp4,
FaceForensics++,train,fit,315_322,315_322,315,322,1,NeuralTextures,NeuralTextures/315_322.mp4,
FaceForensics++,train,fit,322_315,315_322,322,315,1,NeuralTextures,NeuralTextures/322_315.mp4,
FaceForensics++,train,fit,317,317_359,317,,0,,original/317.mp4,
FaceForensics++,train,fit,359,317_359,359,,0,,original/359.mp4,
FaceForensics++,train,fit,317_359,317_359,317,359,1,DeepFakes,Deepfakes/317_359.mp4,
FaceForensics++,train,fit,359_317,317_359,359,317,1,DeepFakes,Deepfakes/359_317.mp4,
FaceForensics++,train,fit,317_359,317_359,317,359,1,Face2Face,Face2Face/317_359.mp4,
FaceForensics++,train,fit,359_317,317_359,359,317,1,Face2Face,Face2Face/359_317.mp4,
FaceForensics++,train,fit,317_359,317_359,317,359,1,FaceSwap,FaceSwap/317_359.mp4,
FaceForensics++,train,fit,359_317,317_359,359,317,1,FaceSwap,FaceSwap/359_317.mp4,
FaceForensics++,train,fit,317_359,317_359,317,359,1,NeuralTextures,NeuralTextures/317_359.mp4,
FaceForensics++,train,fit,359_317,317_359,359,317,1,NeuralTextures,NeuralTextures/359_317.mp4,
FaceForensics++,train,fit,318,318_334,318,,0,,original/318.mp4,
FaceForensics++,train,fit,334,318_334,334,,0,,original/334.mp4,
FaceForensics++,train,fit,318_334,318_334,318,334,1,DeepFakes,Deepfakes/318_334.mp4,
FaceForensics++,train,fit,334_318,318_334,334,318,1,DeepFakes,Deepfakes/334_318.mp4,
FaceForensics++,train,fit,318_334,318_334,318,334,1,Face2Face,Face2Face/318_334.mp4,
FaceForensics++,train,fit,334_318,318_334,334,318,1,Face2Face,Face2Face/334_318.mp4,
FaceForensics++,train,fit,318_334,318_334,318,334,1,FaceSwap,FaceSwap/318_334.mp4,
FaceForensics++,train,fit,334_318,318_334,334,318,1,FaceSwap,FaceSwap/334_318.mp4,
FaceForensics++,train,fit,318_334,318_334,318,334,1,NeuralTextures,NeuralTextures/318_334.mp4,
FaceForensics++,train,fit,334_318,318_334,334,318,1,NeuralTextures,NeuralTextures/334_318.mp4,
FaceForensics++,train,fit,320,320_328,320,,0,,original/320.mp4,
FaceForensics++,train,fit,328,320_328,328,,0,,original/328.mp4,
FaceForensics++,train,fit,320_328,320_328,320,328,1,DeepFakes,Deepfakes/320_328.mp4,
FaceForensics++,train,fit,328_320,320_328,328,320,1,DeepFakes,Deepfakes/328_320.mp4,
FaceForensics++,train,fit,320_328,320_328,320,328,1,Face2Face,Face2Face/320_328.mp4,
FaceForensics++,train,fit,328_320,320_328,328,320,1,Face2Face,Face2Face/328_320.mp4,
FaceForensics++,train,fit,320_328,320_328,320,328,1,FaceSwap,FaceSwap/320_328.mp4,
FaceForensics++,train,fit,328_320,320_328,328,320,1,FaceSwap,FaceSwap/328_320.mp4,
FaceForensics++,train,fit,320_328,320_328,320,328,1,NeuralTextures,NeuralTextures/320_328.mp4,
FaceForensics++,train,fit,328_320,320_328,328,320,1,NeuralTextures,NeuralTextures/328_320.mp4,
FaceForensics++,train,fit,324,324_356,324,,0,,original/324.mp4,
FaceForensics++,train,fit,356,324_356,356,,0,,original/356.mp4,
FaceForensics++,train,fit,324_356,324_356,324,356,1,DeepFakes,Deepfakes/324_356.mp4,
FaceForensics++,train,fit,356_324,324_356,356,324,1,DeepFakes,Deepfakes/356_324.mp4,
FaceForensics++,train,fit,324_356,324_356,324,356,1,Face2Face,Face2Face/324_356.mp4,
FaceForensics++,train,fit,356_324,324_356,356,324,1,Face2Face,Face2Face/356_324.mp4,
FaceForensics++,train,fit,324_356,324_356,324,356,1,FaceSwap,FaceSwap/324_356.mp4,
FaceForensics++,train,fit,356_324,324_356,356,324,1,FaceSwap,FaceSwap/356_324.mp4,
FaceForensics++,train,fit,324_356,324_356,324,356,1,NeuralTextures,NeuralTextures/324_356.mp4,
FaceForensics++,train,fit,356_324,324_356,356,324,1,NeuralTextures,NeuralTextures/356_324.mp4,
FaceForensics++,train,fit,326,326_501,326,,0,,original/326.mp4,
FaceForensics++,train,fit,501,326_501,501,,0,,original/501.mp4,
FaceForensics++,train,fit,326_501,326_501,326,501,1,DeepFakes,Deepfakes/326_501.mp4,
FaceForensics++,train,fit,501_326,326_501,501,326,1,DeepFakes,Deepfakes/501_326.mp4,
FaceForensics++,train,fit,326_501,326_501,326,501,1,Face2Face,Face2Face/326_501.mp4,
FaceForensics++,train,fit,501_326,326_501,501,326,1,Face2Face,Face2Face/501_326.mp4,
FaceForensics++,train,fit,326_501,326_501,326,501,1,FaceSwap,FaceSwap/326_501.mp4,
FaceForensics++,train,fit,501_326,326_501,501,326,1,FaceSwap,FaceSwap/501_326.mp4,
FaceForensics++,train,fit,326_501,326_501,326,501,1,NeuralTextures,NeuralTextures/326_501.mp4,
FaceForensics++,train,fit,501_326,326_501,501,326,1,NeuralTextures,NeuralTextures/501_326.mp4,
FaceForensics++,train,fit,327,327_329,327,,0,,original/327.mp4,
FaceForensics++,train,fit,329,327_329,329,,0,,original/329.mp4,
FaceForensics++,train,fit,327_329,327_329,327,329,1,DeepFakes,Deepfakes/327_329.mp4,
FaceForensics++,train,fit,329_327,327_329,329,327,1,DeepFakes,Deepfakes/329_327.mp4,
FaceForensics++,train,fit,327_329,327_329,327,329,1,Face2Face,Face2Face/327_329.mp4,
FaceForensics++,train,fit,329_327,327_329,329,327,1,Face2Face,Face2Face/329_327.mp4,
FaceForensics++,train,fit,327_329,327_329,327,329,1,FaceSwap,FaceSwap/327_329.mp4,
FaceForensics++,train,fit,329_327,327_329,329,327,1,FaceSwap,FaceSwap/329_327.mp4,
FaceForensics++,train,fit,327_329,327_329,327,329,1,NeuralTextures,NeuralTextures/327_329.mp4,
FaceForensics++,train,fit,329_327,327_329,329,327,1,NeuralTextures,NeuralTextures/329_327.mp4,
FaceForensics++,train,fit,336,336_338,336,,0,,original/336.mp4,
FaceForensics++,train,fit,338,336_338,338,,0,,original/338.mp4,
FaceForensics++,train,fit,336_338,336_338,336,338,1,DeepFakes,Deepfakes/336_338.mp4,
FaceForensics++,train,fit,338_336,336_338,338,336,1,DeepFakes,Deepfakes/338_336.mp4,
FaceForensics++,train,fit,336_338,336_338,336,338,1,Face2Face,Face2Face/336_338.mp4,
FaceForensics++,train,fit,338_336,336_338,338,336,1,Face2Face,Face2Face/338_336.mp4,
FaceForensics++,train,fit,336_338,336_338,336,338,1,FaceSwap,FaceSwap/336_338.mp4,
FaceForensics++,train,fit,338_336,336_338,338,336,1,FaceSwap,FaceSwap/338_336.mp4,
FaceForensics++,train,fit,336_338,336_338,336,338,1,NeuralTextures,NeuralTextures/336_338.mp4,
FaceForensics++,train,fit,338_336,336_338,338,336,1,NeuralTextures,NeuralTextures/338_336.mp4,
FaceForensics++,train,fit,337,337_522,337,,0,,original/337.mp4,
FaceForensics++,train,fit,522,337_522,522,,0,,original/522.mp4,
FaceForensics++,train,fit,337_522,337_522,337,522,1,DeepFakes,Deepfakes/337_522.mp4,
FaceForensics++,train,fit,522_337,337_522,522,337,1,DeepFakes,Deepfakes/522_337.mp4,
FaceForensics++,train,fit,337_522,337_522,337,522,1,Face2Face,Face2Face/337_522.mp4,
FaceForensics++,train,fit,522_337,337_522,522,337,1,Face2Face,Face2Face/522_337.mp4,
FaceForensics++,train,fit,337_522,337_522,337,522,1,FaceSwap,FaceSwap/337_522.mp4,
FaceForensics++,train,fit,522_337,337_522,522,337,1,FaceSwap,FaceSwap/522_337.mp4,
FaceForensics++,train,fit,337_522,337_522,337,522,1,NeuralTextures,NeuralTextures/337_522.mp4,
FaceForensics++,train,fit,522_337,337_522,522,337,1,NeuralTextures,NeuralTextures/522_337.mp4,
FaceForensics++,train,fit,339,339_392,339,,0,,original/339.mp4,
FaceForensics++,train,fit,392,339_392,392,,0,,original/392.mp4,
FaceForensics++,train,fit,339_392,339_392,339,392,1,DeepFakes,Deepfakes/339_392.mp4,
FaceForensics++,train,fit,392_339,339_392,392,339,1,DeepFakes,Deepfakes/392_339.mp4,
FaceForensics++,train,fit,339_392,339_392,339,392,1,Face2Face,Face2Face/339_392.mp4,
FaceForensics++,train,fit,392_339,339_392,392,339,1,Face2Face,Face2Face/392_339.mp4,
FaceForensics++,train,fit,339_392,339_392,339,392,1,FaceSwap,FaceSwap/339_392.mp4,
FaceForensics++,train,fit,392_339,339_392,392,339,1,FaceSwap,FaceSwap/392_339.mp4,
FaceForensics++,train,fit,339_392,339_392,339,392,1,NeuralTextures,NeuralTextures/339_392.mp4,
FaceForensics++,train,fit,392_339,339_392,392,339,1,NeuralTextures,NeuralTextures/392_339.mp4,
FaceForensics++,train,fit,340,340_341,340,,0,,original/340.mp4,
FaceForensics++,train,fit,341,340_341,341,,0,,original/341.mp4,
FaceForensics++,train,fit,340_341,340_341,340,341,1,DeepFakes,Deepfakes/340_341.mp4,
FaceForensics++,train,fit,341_340,340_341,341,340,1,DeepFakes,Deepfakes/341_340.mp4,
FaceForensics++,train,fit,340_341,340_341,340,341,1,Face2Face,Face2Face/340_341.mp4,
FaceForensics++,train,fit,341_340,340_341,341,340,1,Face2Face,Face2Face/341_340.mp4,
FaceForensics++,train,fit,340_341,340_341,340,341,1,FaceSwap,FaceSwap/340_341.mp4,
FaceForensics++,train,fit,341_340,340_341,341,340,1,FaceSwap,FaceSwap/341_340.mp4,
FaceForensics++,train,fit,340_341,340_341,340,341,1,NeuralTextures,NeuralTextures/340_341.mp4,
FaceForensics++,train,fit,341_340,340_341,341,340,1,NeuralTextures,NeuralTextures/341_340.mp4,
FaceForensics++,train,fit,343,343_363,343,,0,,original/343.mp4,
FaceForensics++,train,fit,363,343_363,363,,0,,original/363.mp4,
FaceForensics++,train,fit,343_363,343_363,343,363,1,DeepFakes,Deepfakes/343_363.mp4,
FaceForensics++,train,fit,363_343,343_363,363,343,1,DeepFakes,Deepfakes/363_343.mp4,
FaceForensics++,train,fit,343_363,343_363,343,363,1,Face2Face,Face2Face/343_363.mp4,
FaceForensics++,train,fit,363_343,343_363,363,343,1,Face2Face,Face2Face/363_343.mp4,
FaceForensics++,train,fit,343_363,343_363,343,363,1,FaceSwap,FaceSwap/343_363.mp4,
FaceForensics++,train,fit,363_343,343_363,363,343,1,FaceSwap,FaceSwap/363_343.mp4,
FaceForensics++,train,fit,343_363,343_363,343,363,1,NeuralTextures,NeuralTextures/343_363.mp4,
FaceForensics++,train,fit,363_343,343_363,363,343,1,NeuralTextures,NeuralTextures/363_343.mp4,
FaceForensics++,train,fit,346,346_351,346,,0,,original/346.mp4,
FaceForensics++,train,fit,351,346_351,351,,0,,original/351.mp4,
FaceForensics++,train,fit,346_351,346_351,346,351,1,DeepFakes,Deepfakes/346_351.mp4,
FaceForensics++,train,fit,351_346,346_351,351,346,1,DeepFakes,Deepfakes/351_346.mp4,
FaceForensics++,train,fit,346_351,346_351,346,351,1,Face2Face,Face2Face/346_351.mp4,
FaceForensics++,train,fit,351_346,346_351,351,346,1,Face2Face,Face2Face/351_346.mp4,
FaceForensics++,train,fit,346_351,346_351,346,351,1,FaceSwap,FaceSwap/346_351.mp4,
FaceForensics++,train,fit,351_346,346_351,351,346,1,FaceSwap,FaceSwap/351_346.mp4,
FaceForensics++,train,fit,346_351,346_351,346,351,1,NeuralTextures,NeuralTextures/346_351.mp4,
FaceForensics++,train,fit,351_346,346_351,351,346,1,NeuralTextures,NeuralTextures/351_346.mp4,
FaceForensics++,train,fit,353,353_383,353,,0,,original/353.mp4,
FaceForensics++,train,fit,383,353_383,383,,0,,original/383.mp4,
FaceForensics++,train,fit,353_383,353_383,353,383,1,DeepFakes,Deepfakes/353_383.mp4,
FaceForensics++,train,fit,383_353,353_383,383,353,1,DeepFakes,Deepfakes/383_353.mp4,
FaceForensics++,train,fit,353_383,353_383,353,383,1,Face2Face,Face2Face/353_383.mp4,
FaceForensics++,train,fit,383_353,353_383,383,353,1,Face2Face,Face2Face/383_353.mp4,
FaceForensics++,train,fit,353_383,353_383,353,383,1,FaceSwap,FaceSwap/353_383.mp4,
FaceForensics++,train,fit,383_353,353_383,383,353,1,FaceSwap,FaceSwap/383_353.mp4,
FaceForensics++,train,fit,353_383,353_383,353,383,1,NeuralTextures,NeuralTextures/353_383.mp4,
FaceForensics++,train,fit,383_353,353_383,383,353,1,NeuralTextures,NeuralTextures/383_353.mp4,
FaceForensics++,train,fit,355,355_748,355,,0,,original/355.mp4,
FaceForensics++,train,fit,748,355_748,748,,0,,original/748.mp4,
FaceForensics++,train,fit,355_748,355_748,355,748,1,DeepFakes,Deepfakes/355_748.mp4,
FaceForensics++,train,fit,748_355,355_748,748,355,1,DeepFakes,Deepfakes/748_355.mp4,
FaceForensics++,train,fit,355_748,355_748,355,748,1,Face2Face,Face2Face/355_748.mp4,
FaceForensics++,train,fit,748_355,355_748,748,355,1,Face2Face,Face2Face/748_355.mp4,
FaceForensics++,train,fit,355_748,355_748,355,748,1,FaceSwap,FaceSwap/355_748.mp4,
FaceForensics++,train,fit,748_355,355_748,748,355,1,FaceSwap,FaceSwap/748_355.mp4,
FaceForensics++,train,fit,355_748,355_748,355,748,1,NeuralTextures,NeuralTextures/355_748.mp4,
FaceForensics++,train,fit,748_355,355_748,748,355,1,NeuralTextures,NeuralTextures/748_355.mp4,
FaceForensics++,train,fit,357,357_432,357,,0,,original/357.mp4,
FaceForensics++,train,fit,432,357_432,432,,0,,original/432.mp4,
FaceForensics++,train,fit,357_432,357_432,357,432,1,DeepFakes,Deepfakes/357_432.mp4,
FaceForensics++,train,fit,432_357,357_432,432,357,1,DeepFakes,Deepfakes/432_357.mp4,
FaceForensics++,train,fit,357_432,357_432,357,432,1,Face2Face,Face2Face/357_432.mp4,
FaceForensics++,train,fit,432_357,357_432,432,357,1,Face2Face,Face2Face/432_357.mp4,
FaceForensics++,train,fit,357_432,357_432,357,432,1,FaceSwap,FaceSwap/357_432.mp4,
FaceForensics++,train,fit,432_357,357_432,432,357,1,FaceSwap,FaceSwap/432_357.mp4,
FaceForensics++,train,fit,357_432,357_432,357,432,1,NeuralTextures,NeuralTextures/357_432.mp4,
FaceForensics++,train,fit,432_357,357_432,432,357,1,NeuralTextures,NeuralTextures/432_357.mp4,
FaceForensics++,train,fit,360,360_437,360,,0,,original/360.mp4,
FaceForensics++,train,fit,437,360_437,437,,0,,original/437.mp4,
FaceForensics++,train,fit,360_437,360_437,360,437,1,DeepFakes,Deepfakes/360_437.mp4,
FaceForensics++,train,fit,437_360,360_437,437,360,1,DeepFakes,Deepfakes/437_360.mp4,
FaceForensics++,train,fit,360_437,360_437,360,437,1,Face2Face,Face2Face/360_437.mp4,
FaceForensics++,train,fit,437_360,360_437,437,360,1,Face2Face,Face2Face/437_360.mp4,
FaceForensics++,train,fit,360_437,360_437,360,437,1,FaceSwap,FaceSwap/360_437.mp4,
FaceForensics++,train,fit,437_360,360_437,437,360,1,FaceSwap,FaceSwap/437_360.mp4,
FaceForensics++,train,fit,360_437,360_437,360,437,1,NeuralTextures,NeuralTextures/360_437.mp4,
FaceForensics++,train,fit,437_360,360_437,437,360,1,NeuralTextures,NeuralTextures/437_360.mp4,
FaceForensics++,train,fit,366,366_473,366,,0,,original/366.mp4,
FaceForensics++,train,fit,473,366_473,473,,0,,original/473.mp4,
FaceForensics++,train,fit,366_473,366_473,366,473,1,DeepFakes,Deepfakes/366_473.mp4,
FaceForensics++,train,fit,473_366,366_473,473,366,1,DeepFakes,Deepfakes/473_366.mp4,
FaceForensics++,train,fit,366_473,366_473,366,473,1,Face2Face,Face2Face/366_473.mp4,
FaceForensics++,train,fit,473_366,366_473,473,366,1,Face2Face,Face2Face/473_366.mp4,
FaceForensics++,train,fit,366_473,366_473,366,473,1,FaceSwap,FaceSwap/366_473.mp4,
FaceForensics++,train,fit,473_366,366_473,473,366,1,FaceSwap,FaceSwap/473_366.mp4,
FaceForensics++,train,fit,366_473,366_473,366,473,1,NeuralTextures,NeuralTextures/366_473.mp4,
FaceForensics++,train,fit,473_366,366_473,473,366,1,NeuralTextures,NeuralTextures/473_366.mp4,
FaceForensics++,train,fit,368,368_378,368,,0,,original/368.mp4,
FaceForensics++,train,fit,378,368_378,378,,0,,original/378.mp4,
FaceForensics++,train,fit,368_378,368_378,368,378,1,DeepFakes,Deepfakes/368_378.mp4,
FaceForensics++,train,fit,378_368,368_378,378,368,1,DeepFakes,Deepfakes/378_368.mp4,
FaceForensics++,train,fit,368_378,368_378,368,378,1,Face2Face,Face2Face/368_378.mp4,
FaceForensics++,train,fit,378_368,368_378,378,368,1,Face2Face,Face2Face/378_368.mp4,
FaceForensics++,train,fit,368_378,368_378,368,378,1,FaceSwap,FaceSwap/368_378.mp4,
FaceForensics++,train,fit,378_368,368_378,378,368,1,FaceSwap,FaceSwap/378_368.mp4,
FaceForensics++,train,fit,368_378,368_378,368,378,1,NeuralTextures,NeuralTextures/368_378.mp4,
FaceForensics++,train,fit,378_368,368_378,378,368,1,NeuralTextures,NeuralTextures/378_368.mp4,
FaceForensics++,train,fit,372,372_413,372,,0,,original/372.mp4,
FaceForensics++,train,fit,413,372_413,413,,0,,original/413.mp4,
FaceForensics++,train,fit,372_413,372_413,372,413,1,DeepFakes,Deepfakes/372_413.mp4,
FaceForensics++,train,fit,413_372,372_413,413,372,1,DeepFakes,Deepfakes/413_372.mp4,
FaceForensics++,train,fit,372_413,372_413,372,413,1,Face2Face,Face2Face/372_413.mp4,
FaceForensics++,train,fit,413_372,372_413,413,372,1,Face2Face,Face2Face/413_372.mp4,
FaceForensics++,train,fit,372_413,372_413,372,413,1,FaceSwap,FaceSwap/372_413.mp4,
FaceForensics++,train,fit,413_372,372_413,413,372,1,FaceSwap,FaceSwap/413_372.mp4,
FaceForensics++,train,fit,372_413,372_413,372,413,1,NeuralTextures,NeuralTextures/372_413.mp4,
FaceForensics++,train,fit,413_372,372_413,413,372,1,NeuralTextures,NeuralTextures/413_372.mp4,
FaceForensics++,train,fit,385,385_414,385,,0,,original/385.mp4,
FaceForensics++,train,fit,414,385_414,414,,0,,original/414.mp4,
FaceForensics++,train,fit,385_414,385_414,385,414,1,DeepFakes,Deepfakes/385_414.mp4,
FaceForensics++,train,fit,414_385,385_414,414,385,1,DeepFakes,Deepfakes/414_385.mp4,
FaceForensics++,train,fit,385_414,385_414,385,414,1,Face2Face,Face2Face/385_414.mp4,
FaceForensics++,train,fit,414_385,385_414,414,385,1,Face2Face,Face2Face/414_385.mp4,
FaceForensics++,train,fit,385_414,385_414,385,414,1,FaceSwap,FaceSwap/385_414.mp4,
FaceForensics++,train,fit,414_385,385_414,414,385,1,FaceSwap,FaceSwap/414_385.mp4,
FaceForensics++,train,fit,385_414,385_414,385,414,1,NeuralTextures,NeuralTextures/385_414.mp4,
FaceForensics++,train,fit,414_385,385_414,414,385,1,NeuralTextures,NeuralTextures/414_385.mp4,
FaceForensics++,train,fit,390,390_709,390,,0,,original/390.mp4,
FaceForensics++,train,fit,709,390_709,709,,0,,original/709.mp4,
FaceForensics++,train,fit,390_709,390_709,390,709,1,DeepFakes,Deepfakes/390_709.mp4,
FaceForensics++,train,fit,709_390,390_709,709,390,1,DeepFakes,Deepfakes/709_390.mp4,
FaceForensics++,train,fit,390_709,390_709,390,709,1,Face2Face,Face2Face/390_709.mp4,
FaceForensics++,train,fit,709_390,390_709,709,390,1,Face2Face,Face2Face/709_390.mp4,
FaceForensics++,train,fit,390_709,390_709,390,709,1,FaceSwap,FaceSwap/390_709.mp4,
FaceForensics++,train,fit,709_390,390_709,709,390,1,FaceSwap,FaceSwap/709_390.mp4,
FaceForensics++,train,fit,390_709,390_709,390,709,1,NeuralTextures,NeuralTextures/390_709.mp4,
FaceForensics++,train,fit,709_390,390_709,709,390,1,NeuralTextures,NeuralTextures/709_390.mp4,
FaceForensics++,train,fit,391,391_406,391,,0,,original/391.mp4,
FaceForensics++,train,fit,406,391_406,406,,0,,original/406.mp4,
FaceForensics++,train,fit,391_406,391_406,391,406,1,DeepFakes,Deepfakes/391_406.mp4,
FaceForensics++,train,fit,406_391,391_406,406,391,1,DeepFakes,Deepfakes/406_391.mp4,
FaceForensics++,train,fit,391_406,391_406,391,406,1,Face2Face,Face2Face/391_406.mp4,
FaceForensics++,train,fit,406_391,391_406,406,391,1,Face2Face,Face2Face/406_391.mp4,
FaceForensics++,train,fit,391_406,391_406,391,406,1,FaceSwap,FaceSwap/391_406.mp4,
FaceForensics++,train,fit,406_391,391_406,406,391,1,FaceSwap,FaceSwap/406_391.mp4,
FaceForensics++,train,fit,391_406,391_406,391,406,1,NeuralTextures,NeuralTextures/391_406.mp4,
FaceForensics++,train,fit,406_391,391_406,406,391,1,NeuralTextures,NeuralTextures/406_391.mp4,
FaceForensics++,train,fit,393,393_405,393,,0,,original/393.mp4,
FaceForensics++,train,fit,405,393_405,405,,0,,original/405.mp4,
FaceForensics++,train,fit,393_405,393_405,393,405,1,DeepFakes,Deepfakes/393_405.mp4,
FaceForensics++,train,fit,405_393,393_405,405,393,1,DeepFakes,Deepfakes/405_393.mp4,
FaceForensics++,train,fit,393_405,393_405,393,405,1,Face2Face,Face2Face/393_405.mp4,
FaceForensics++,train,fit,405_393,393_405,405,393,1,Face2Face,Face2Face/405_393.mp4,
FaceForensics++,train,fit,393_405,393_405,393,405,1,FaceSwap,FaceSwap/393_405.mp4,
FaceForensics++,train,fit,405_393,393_405,405,393,1,FaceSwap,FaceSwap/405_393.mp4,
FaceForensics++,train,fit,393_405,393_405,393,405,1,NeuralTextures,NeuralTextures/393_405.mp4,
FaceForensics++,train,fit,405_393,393_405,405,393,1,NeuralTextures,NeuralTextures/405_393.mp4,
FaceForensics++,train,fit,398,398_457,398,,0,,original/398.mp4,
FaceForensics++,train,fit,457,398_457,457,,0,,original/457.mp4,
FaceForensics++,train,fit,398_457,398_457,398,457,1,DeepFakes,Deepfakes/398_457.mp4,
FaceForensics++,train,fit,457_398,398_457,457,398,1,DeepFakes,Deepfakes/457_398.mp4,
FaceForensics++,train,fit,398_457,398_457,398,457,1,Face2Face,Face2Face/398_457.mp4,
FaceForensics++,train,fit,457_398,398_457,457,398,1,Face2Face,Face2Face/457_398.mp4,
FaceForensics++,train,fit,398_457,398_457,398,457,1,FaceSwap,FaceSwap/398_457.mp4,
FaceForensics++,train,fit,457_398,398_457,457,398,1,FaceSwap,FaceSwap/457_398.mp4,
FaceForensics++,train,fit,398_457,398_457,398,457,1,NeuralTextures,NeuralTextures/398_457.mp4,
FaceForensics++,train,fit,457_398,398_457,457,398,1,NeuralTextures,NeuralTextures/457_398.mp4,
FaceForensics++,train,fit,400,400_476,400,,0,,original/400.mp4,
FaceForensics++,train,fit,476,400_476,476,,0,,original/476.mp4,
FaceForensics++,train,fit,400_476,400_476,400,476,1,DeepFakes,Deepfakes/400_476.mp4,
FaceForensics++,train,fit,476_400,400_476,476,400,1,DeepFakes,Deepfakes/476_400.mp4,
FaceForensics++,train,fit,400_476,400_476,400,476,1,Face2Face,Face2Face/400_476.mp4,
FaceForensics++,train,fit,476_400,400_476,476,400,1,Face2Face,Face2Face/476_400.mp4,
FaceForensics++,train,fit,400_476,400_476,400,476,1,FaceSwap,FaceSwap/400_476.mp4,
FaceForensics++,train,fit,476_400,400_476,476,400,1,FaceSwap,FaceSwap/476_400.mp4,
FaceForensics++,train,fit,400_476,400_476,400,476,1,NeuralTextures,NeuralTextures/400_476.mp4,
FaceForensics++,train,fit,476_400,400_476,476,400,1,NeuralTextures,NeuralTextures/476_400.mp4,
FaceForensics++,train,fit,403,403_497,403,,0,,original/403.mp4,
FaceForensics++,train,fit,497,403_497,497,,0,,original/497.mp4,
FaceForensics++,train,fit,403_497,403_497,403,497,1,DeepFakes,Deepfakes/403_497.mp4,
FaceForensics++,train,fit,497_403,403_497,497,403,1,DeepFakes,Deepfakes/497_403.mp4,
FaceForensics++,train,fit,403_497,403_497,403,497,1,Face2Face,Face2Face/403_497.mp4,
FaceForensics++,train,fit,497_403,403_497,497,403,1,Face2Face,Face2Face/497_403.mp4,
FaceForensics++,train,fit,403_497,403_497,403,497,1,FaceSwap,FaceSwap/403_497.mp4,
FaceForensics++,train,fit,497_403,403_497,497,403,1,FaceSwap,FaceSwap/497_403.mp4,
FaceForensics++,train,fit,403_497,403_497,403,497,1,NeuralTextures,NeuralTextures/403_497.mp4,
FaceForensics++,train,fit,497_403,403_497,497,403,1,NeuralTextures,NeuralTextures/497_403.mp4,
FaceForensics++,train,fit,408,408_424,408,,0,,original/408.mp4,
FaceForensics++,train,fit,424,408_424,424,,0,,original/424.mp4,
FaceForensics++,train,fit,408_424,408_424,408,424,1,DeepFakes,Deepfakes/408_424.mp4,
FaceForensics++,train,fit,424_408,408_424,424,408,1,DeepFakes,Deepfakes/424_408.mp4,
FaceForensics++,train,fit,408_424,408_424,408,424,1,Face2Face,Face2Face/408_424.mp4,
FaceForensics++,train,fit,424_408,408_424,424,408,1,Face2Face,Face2Face/424_408.mp4,
FaceForensics++,train,fit,408_424,408_424,408,424,1,FaceSwap,FaceSwap/408_424.mp4,
FaceForensics++,train,fit,424_408,408_424,424,408,1,FaceSwap,FaceSwap/424_408.mp4,
FaceForensics++,train,fit,408_424,408_424,408,424,1,NeuralTextures,NeuralTextures/408_424.mp4,
FaceForensics++,train,fit,424_408,408_424,424,408,1,NeuralTextures,NeuralTextures/424_408.mp4,
FaceForensics++,train,fit,410,410_411,410,,0,,original/410.mp4,
FaceForensics++,train,fit,411,410_411,411,,0,,original/411.mp4,
FaceForensics++,train,fit,410_411,410_411,410,411,1,DeepFakes,Deepfakes/410_411.mp4,
FaceForensics++,train,fit,411_410,410_411,411,410,1,DeepFakes,Deepfakes/411_410.mp4,
FaceForensics++,train,fit,410_411,410_411,410,411,1,Face2Face,Face2Face/410_411.mp4,
FaceForensics++,train,fit,411_410,410_411,411,410,1,Face2Face,Face2Face/411_410.mp4,
FaceForensics++,train,fit,410_411,410_411,410,411,1,FaceSwap,FaceSwap/410_411.mp4,
FaceForensics++,train,fit,411_410,410_411,411,410,1,FaceSwap,FaceSwap/411_410.mp4,
FaceForensics++,train,fit,410_411,410_411,410,411,1,NeuralTextures,NeuralTextures/410_411.mp4,
FaceForensics++,train,fit,411_410,410_411,411,410,1,NeuralTextures,NeuralTextures/411_410.mp4,
FaceForensics++,train,fit,415,415_484,415,,0,,original/415.mp4,
FaceForensics++,train,fit,484,415_484,484,,0,,original/484.mp4,
FaceForensics++,train,fit,415_484,415_484,415,484,1,DeepFakes,Deepfakes/415_484.mp4,
FaceForensics++,train,fit,484_415,415_484,484,415,1,DeepFakes,Deepfakes/484_415.mp4,
FaceForensics++,train,fit,415_484,415_484,415,484,1,Face2Face,Face2Face/415_484.mp4,
FaceForensics++,train,fit,484_415,415_484,484,415,1,Face2Face,Face2Face/484_415.mp4,
FaceForensics++,train,fit,415_484,415_484,415,484,1,FaceSwap,FaceSwap/415_484.mp4,
FaceForensics++,train,fit,484_415,415_484,484,415,1,FaceSwap,FaceSwap/484_415.mp4,
FaceForensics++,train,fit,415_484,415_484,415,484,1,NeuralTextures,NeuralTextures/415_484.mp4,
FaceForensics++,train,fit,484_415,415_484,484,415,1,NeuralTextures,NeuralTextures/484_415.mp4,
FaceForensics++,train,fit,417,417_496,417,,0,,original/417.mp4,
FaceForensics++,train,fit,496,417_496,496,,0,,original/496.mp4,
FaceForensics++,train,fit,417_496,417_496,417,496,1,DeepFakes,Deepfakes/417_496.mp4,
FaceForensics++,train,fit,496_417,417_496,496,417,1,DeepFakes,Deepfakes/496_417.mp4,
FaceForensics++,train,fit,417_496,417_496,417,496,1,Face2Face,Face2Face/417_496.mp4,
FaceForensics++,train,fit,496_417,417_496,496,417,1,Face2Face,Face2Face/496_417.mp4,
FaceForensics++,train,fit,417_496,417_496,417,496,1,FaceSwap,FaceSwap/417_496.mp4,
FaceForensics++,train,fit,496_417,417_496,496,417,1,FaceSwap,FaceSwap/496_417.mp4,
FaceForensics++,train,fit,417_496,417_496,417,496,1,NeuralTextures,NeuralTextures/417_496.mp4,
FaceForensics++,train,fit,496_417,417_496,496,417,1,NeuralTextures,NeuralTextures/496_417.mp4,
FaceForensics++,train,fit,428,428_466,428,,0,,original/428.mp4,
FaceForensics++,train,fit,466,428_466,466,,0,,original/466.mp4,
FaceForensics++,train,fit,428_466,428_466,428,466,1,DeepFakes,Deepfakes/428_466.mp4,
FaceForensics++,train,fit,466_428,428_466,466,428,1,DeepFakes,Deepfakes/466_428.mp4,
FaceForensics++,train,fit,428_466,428_466,428,466,1,Face2Face,Face2Face/428_466.mp4,
FaceForensics++,train,fit,466_428,428_466,466,428,1,Face2Face,Face2Face/466_428.mp4,
FaceForensics++,train,fit,428_466,428_466,428,466,1,FaceSwap,FaceSwap/428_466.mp4,
FaceForensics++,train,fit,466_428,428_466,466,428,1,FaceSwap,FaceSwap/466_428.mp4,
FaceForensics++,train,fit,428_466,428_466,428,466,1,NeuralTextures,NeuralTextures/428_466.mp4,
FaceForensics++,train,fit,466_428,428_466,466,428,1,NeuralTextures,NeuralTextures/466_428.mp4,
FaceForensics++,train,fit,434,434_438,434,,0,,original/434.mp4,
FaceForensics++,train,fit,438,434_438,438,,0,,original/438.mp4,
FaceForensics++,train,fit,434_438,434_438,434,438,1,DeepFakes,Deepfakes/434_438.mp4,
FaceForensics++,train,fit,438_434,434_438,438,434,1,DeepFakes,Deepfakes/438_434.mp4,
FaceForensics++,train,fit,434_438,434_438,434,438,1,Face2Face,Face2Face/434_438.mp4,
FaceForensics++,train,fit,438_434,434_438,438,434,1,Face2Face,Face2Face/438_434.mp4,
FaceForensics++,train,fit,434_438,434_438,434,438,1,FaceSwap,FaceSwap/434_438.mp4,
FaceForensics++,train,fit,438_434,434_438,438,434,1,FaceSwap,FaceSwap/438_434.mp4,
FaceForensics++,train,fit,434_438,434_438,434,438,1,NeuralTextures,NeuralTextures/434_438.mp4,
FaceForensics++,train,fit,438_434,434_438,438,434,1,NeuralTextures,NeuralTextures/438_434.mp4,
FaceForensics++,train,fit,435,435_456,435,,0,,original/435.mp4,
FaceForensics++,train,fit,456,435_456,456,,0,,original/456.mp4,
FaceForensics++,train,fit,435_456,435_456,435,456,1,DeepFakes,Deepfakes/435_456.mp4,
FaceForensics++,train,fit,456_435,435_456,456,435,1,DeepFakes,Deepfakes/456_435.mp4,
FaceForensics++,train,fit,435_456,435_456,435,456,1,Face2Face,Face2Face/435_456.mp4,
FaceForensics++,train,fit,456_435,435_456,456,435,1,Face2Face,Face2Face/456_435.mp4,
FaceForensics++,train,fit,435_456,435_456,435,456,1,FaceSwap,FaceSwap/435_456.mp4,
FaceForensics++,train,fit,456_435,435_456,456,435,1,FaceSwap,FaceSwap/456_435.mp4,
FaceForensics++,train,fit,435_456,435_456,435,456,1,NeuralTextures,NeuralTextures/435_456.mp4,
FaceForensics++,train,fit,456_435,435_456,456,435,1,NeuralTextures,NeuralTextures/456_435.mp4,
FaceForensics++,train,fit,436,436_526,436,,0,,original/436.mp4,
FaceForensics++,train,fit,526,436_526,526,,0,,original/526.mp4,
FaceForensics++,train,fit,436_526,436_526,436,526,1,DeepFakes,Deepfakes/436_526.mp4,
FaceForensics++,train,fit,526_436,436_526,526,436,1,DeepFakes,Deepfakes/526_436.mp4,
FaceForensics++,train,fit,436_526,436_526,436,526,1,Face2Face,Face2Face/436_526.mp4,
FaceForensics++,train,fit,526_436,436_526,526,436,1,Face2Face,Face2Face/526_436.mp4,
FaceForensics++,train,fit,436_526,436_526,436,526,1,FaceSwap,FaceSwap/436_526.mp4,
FaceForensics++,train,fit,526_436,436_526,526,436,1,FaceSwap,FaceSwap/526_436.mp4,
FaceForensics++,train,fit,436_526,436_526,436,526,1,NeuralTextures,NeuralTextures/436_526.mp4,
FaceForensics++,train,fit,526_436,436_526,526,436,1,NeuralTextures,NeuralTextures/526_436.mp4,
FaceForensics++,train,fit,439,439_441,439,,0,,original/439.mp4,
FaceForensics++,train,fit,441,439_441,441,,0,,original/441.mp4,
FaceForensics++,train,fit,439_441,439_441,439,441,1,DeepFakes,Deepfakes/439_441.mp4,
FaceForensics++,train,fit,441_439,439_441,441,439,1,DeepFakes,Deepfakes/441_439.mp4,
FaceForensics++,train,fit,439_441,439_441,439,441,1,Face2Face,Face2Face/439_441.mp4,
FaceForensics++,train,fit,441_439,439_441,441,439,1,Face2Face,Face2Face/441_439.mp4,
FaceForensics++,train,fit,439_441,439_441,439,441,1,FaceSwap,FaceSwap/439_441.mp4,
FaceForensics++,train,fit,441_439,439_441,441,439,1,FaceSwap,FaceSwap/441_439.mp4,
FaceForensics++,train,fit,439_441,439_441,439,441,1,NeuralTextures,NeuralTextures/439_441.mp4,
FaceForensics++,train,fit,441_439,439_441,441,439,1,NeuralTextures,NeuralTextures/441_439.mp4,
FaceForensics++,train,fit,444,444_655,444,,0,,original/444.mp4,
FaceForensics++,train,fit,655,444_655,655,,0,,original/655.mp4,
FaceForensics++,train,fit,444_655,444_655,444,655,1,DeepFakes,Deepfakes/444_655.mp4,
FaceForensics++,train,fit,655_444,444_655,655,444,1,DeepFakes,Deepfakes/655_444.mp4,
FaceForensics++,train,fit,444_655,444_655,444,655,1,Face2Face,Face2Face/444_655.mp4,
FaceForensics++,train,fit,655_444,444_655,655,444,1,Face2Face,Face2Face/655_444.mp4,
FaceForensics++,train,fit,444_655,444_655,444,655,1,FaceSwap,FaceSwap/444_655.mp4,
FaceForensics++,train,fit,655_444,444_655,655,444,1,FaceSwap,FaceSwap/655_444.mp4,
FaceForensics++,train,fit,444_655,444_655,444,655,1,NeuralTextures,NeuralTextures/444_655.mp4,
FaceForensics++,train,fit,655_444,444_655,655,444,1,NeuralTextures,NeuralTextures/655_444.mp4,
FaceForensics++,train,fit,446,446_667,446,,0,,original/446.mp4,
FaceForensics++,train,fit,667,446_667,667,,0,,original/667.mp4,
FaceForensics++,train,fit,446_667,446_667,446,667,1,DeepFakes,Deepfakes/446_667.mp4,
FaceForensics++,train,fit,667_446,446_667,667,446,1,DeepFakes,Deepfakes/667_446.mp4,
FaceForensics++,train,fit,446_667,446_667,446,667,1,Face2Face,Face2Face/446_667.mp4,
FaceForensics++,train,fit,667_446,446_667,667,446,1,Face2Face,Face2Face/667_446.mp4,
FaceForensics++,train,fit,446_667,446_667,446,667,1,FaceSwap,FaceSwap/446_667.mp4,
FaceForensics++,train,fit,667_446,446_667,667,446,1,FaceSwap,FaceSwap/667_446.mp4,
FaceForensics++,train,fit,446_667,446_667,446,667,1,NeuralTextures,NeuralTextures/446_667.mp4,
FaceForensics++,train,fit,667_446,446_667,667,446,1,NeuralTextures,NeuralTextures/667_446.mp4,
FaceForensics++,train,fit,450,450_533,450,,0,,original/450.mp4,
FaceForensics++,train,fit,533,450_533,533,,0,,original/533.mp4,
FaceForensics++,train,fit,450_533,450_533,450,533,1,DeepFakes,Deepfakes/450_533.mp4,
FaceForensics++,train,fit,533_450,450_533,533,450,1,DeepFakes,Deepfakes/533_450.mp4,
FaceForensics++,train,fit,450_533,450_533,450,533,1,Face2Face,Face2Face/450_533.mp4,
FaceForensics++,train,fit,533_450,450_533,533,450,1,Face2Face,Face2Face/533_450.mp4,
FaceForensics++,train,fit,450_533,450_533,450,533,1,FaceSwap,FaceSwap/450_533.mp4,
FaceForensics++,train,fit,533_450,450_533,533,450,1,FaceSwap,FaceSwap/533_450.mp4,
FaceForensics++,train,fit,450_533,450_533,450,533,1,NeuralTextures,NeuralTextures/450_533.mp4,
FaceForensics++,train,fit,533_450,450_533,533,450,1,NeuralTextures,NeuralTextures/533_450.mp4,
FaceForensics++,train,fit,463,463_464,463,,0,,original/463.mp4,
FaceForensics++,train,fit,464,463_464,464,,0,,original/464.mp4,
FaceForensics++,train,fit,463_464,463_464,463,464,1,DeepFakes,Deepfakes/463_464.mp4,
FaceForensics++,train,fit,464_463,463_464,464,463,1,DeepFakes,Deepfakes/464_463.mp4,
FaceForensics++,train,fit,463_464,463_464,463,464,1,Face2Face,Face2Face/463_464.mp4,
FaceForensics++,train,fit,464_463,463_464,464,463,1,Face2Face,Face2Face/464_463.mp4,
FaceForensics++,train,fit,463_464,463_464,463,464,1,FaceSwap,FaceSwap/463_464.mp4,
FaceForensics++,train,fit,464_463,463_464,464,463,1,FaceSwap,FaceSwap/464_463.mp4,
FaceForensics++,train,fit,463_464,463_464,463,464,1,NeuralTextures,NeuralTextures/463_464.mp4,
FaceForensics++,train,fit,464_463,463_464,464,463,1,NeuralTextures,NeuralTextures/464_463.mp4,
FaceForensics++,train,fit,469,469_481,469,,0,,original/469.mp4,
FaceForensics++,train,fit,481,469_481,481,,0,,original/481.mp4,
FaceForensics++,train,fit,469_481,469_481,469,481,1,DeepFakes,Deepfakes/469_481.mp4,
FaceForensics++,train,fit,481_469,469_481,481,469,1,DeepFakes,Deepfakes/481_469.mp4,
FaceForensics++,train,fit,469_481,469_481,469,481,1,Face2Face,Face2Face/469_481.mp4,
FaceForensics++,train,fit,481_469,469_481,481,469,1,Face2Face,Face2Face/481_469.mp4,
FaceForensics++,train,fit,469_481,469_481,469,481,1,FaceSwap,FaceSwap/469_481.mp4,
FaceForensics++,train,fit,481_469,469_481,481,469,1,FaceSwap,FaceSwap/481_469.mp4,
FaceForensics++,train,fit,469_481,469_481,469,481,1,NeuralTextures,NeuralTextures/469_481.mp4,
FaceForensics++,train,fit,481_469,469_481,481,469,1,NeuralTextures,NeuralTextures/481_469.mp4,
FaceForensics++,train,fit,477,477_487,477,,0,,original/477.mp4,
FaceForensics++,train,fit,487,477_487,487,,0,,original/487.mp4,
FaceForensics++,train,fit,477_487,477_487,477,487,1,DeepFakes,Deepfakes/477_487.mp4,
FaceForensics++,train,fit,487_477,477_487,487,477,1,DeepFakes,Deepfakes/487_477.mp4,
FaceForensics++,train,fit,477_487,477_487,477,487,1,Face2Face,Face2Face/477_487.mp4,
FaceForensics++,train,fit,487_477,477_487,487,477,1,Face2Face,Face2Face/487_477.mp4,
FaceForensics++,train,fit,477_487,477_487,477,487,1,FaceSwap,FaceSwap/477_487.mp4,
FaceForensics++,train,fit,487_477,477_487,487,477,1,FaceSwap,FaceSwap/487_477.mp4,
FaceForensics++,train,fit,477_487,477_487,477,487,1,NeuralTextures,NeuralTextures/477_487.mp4,
FaceForensics++,train,fit,487_477,477_487,487,477,1,NeuralTextures,NeuralTextures/487_477.mp4,
FaceForensics++,train,fit,478,478_506,478,,0,,original/478.mp4,
FaceForensics++,train,fit,506,478_506,506,,0,,original/506.mp4,
FaceForensics++,train,fit,478_506,478_506,478,506,1,DeepFakes,Deepfakes/478_506.mp4,
FaceForensics++,train,fit,506_478,478_506,506,478,1,DeepFakes,Deepfakes/506_478.mp4,
FaceForensics++,train,fit,478_506,478_506,478,506,1,Face2Face,Face2Face/478_506.mp4,
FaceForensics++,train,fit,506_478,478_506,506,478,1,Face2Face,Face2Face/506_478.mp4,
FaceForensics++,train,fit,478_506,478_506,478,506,1,FaceSwap,FaceSwap/478_506.mp4,
FaceForensics++,train,fit,506_478,478_506,506,478,1,FaceSwap,FaceSwap/506_478.mp4,
FaceForensics++,train,fit,478_506,478_506,478,506,1,NeuralTextures,NeuralTextures/478_506.mp4,
FaceForensics++,train,fit,506_478,478_506,506,478,1,NeuralTextures,NeuralTextures/506_478.mp4,
FaceForensics++,train,fit,486,486_680,486,,0,,original/486.mp4,
FaceForensics++,train,fit,680,486_680,680,,0,,original/680.mp4,
FaceForensics++,train,fit,486_680,486_680,486,680,1,DeepFakes,Deepfakes/486_680.mp4,
FaceForensics++,train,fit,680_486,486_680,680,486,1,DeepFakes,Deepfakes/680_486.mp4,
FaceForensics++,train,fit,486_680,486_680,486,680,1,Face2Face,Face2Face/486_680.mp4,
FaceForensics++,train,fit,680_486,486_680,680,486,1,Face2Face,Face2Face/680_486.mp4,
FaceForensics++,train,fit,486_680,486_680,486,680,1,FaceSwap,FaceSwap/486_680.mp4,
FaceForensics++,train,fit,680_486,486_680,680,486,1,FaceSwap,FaceSwap/680_486.mp4,
FaceForensics++,train,fit,486_680,486_680,486,680,1,NeuralTextures,NeuralTextures/486_680.mp4,
FaceForensics++,train,fit,680_486,486_680,680,486,1,NeuralTextures,NeuralTextures/680_486.mp4,
FaceForensics++,train,fit,490,490_534,490,,0,,original/490.mp4,
FaceForensics++,train,fit,534,490_534,534,,0,,original/534.mp4,
FaceForensics++,train,fit,490_534,490_534,490,534,1,DeepFakes,Deepfakes/490_534.mp4,
FaceForensics++,train,fit,534_490,490_534,534,490,1,DeepFakes,Deepfakes/534_490.mp4,
FaceForensics++,train,fit,490_534,490_534,490,534,1,Face2Face,Face2Face/490_534.mp4,
FaceForensics++,train,fit,534_490,490_534,534,490,1,Face2Face,Face2Face/534_490.mp4,
FaceForensics++,train,fit,490_534,490_534,490,534,1,FaceSwap,FaceSwap/490_534.mp4,
FaceForensics++,train,fit,534_490,490_534,534,490,1,FaceSwap,FaceSwap/534_490.mp4,
FaceForensics++,train,fit,490_534,490_534,490,534,1,NeuralTextures,NeuralTextures/490_534.mp4,
FaceForensics++,train,fit,534_490,490_534,534,490,1,NeuralTextures,NeuralTextures/534_490.mp4,
FaceForensics++,train,fit,495,495_512,495,,0,,original/495.mp4,
FaceForensics++,train,fit,512,495_512,512,,0,,original/512.mp4,
FaceForensics++,train,fit,495_512,495_512,495,512,1,DeepFakes,Deepfakes/495_512.mp4,
FaceForensics++,train,fit,512_495,495_512,512,495,1,DeepFakes,Deepfakes/512_495.mp4,
FaceForensics++,train,fit,495_512,495_512,495,512,1,Face2Face,Face2Face/495_512.mp4,
FaceForensics++,train,fit,512_495,495_512,512,495,1,Face2Face,Face2Face/512_495.mp4,
FaceForensics++,train,fit,495_512,495_512,495,512,1,FaceSwap,FaceSwap/495_512.mp4,
FaceForensics++,train,fit,512_495,495_512,512,495,1,FaceSwap,FaceSwap/512_495.mp4,
FaceForensics++,train,fit,495_512,495_512,495,512,1,NeuralTextures,NeuralTextures/495_512.mp4,
FaceForensics++,train,fit,512_495,495_512,512,495,1,NeuralTextures,NeuralTextures/512_495.mp4,
FaceForensics++,train,fit,499,499_539,499,,0,,original/499.mp4,
FaceForensics++,train,fit,539,499_539,539,,0,,original/539.mp4,
FaceForensics++,train,fit,499_539,499_539,499,539,1,DeepFakes,Deepfakes/499_539.mp4,
FaceForensics++,train,fit,539_499,499_539,539,499,1,DeepFakes,Deepfakes/539_499.mp4,
FaceForensics++,train,fit,499_539,499_539,499,539,1,Face2Face,Face2Face/499_539.mp4,
FaceForensics++,train,fit,539_499,499_539,539,499,1,Face2Face,Face2Face/539_499.mp4,
FaceForensics++,train,fit,499_539,499_539,499,539,1,FaceSwap,FaceSwap/499_539.mp4,
FaceForensics++,train,fit,539_499,499_539,539,499,1,FaceSwap,FaceSwap/539_499.mp4,
FaceForensics++,train,fit,499_539,499_539,499,539,1,NeuralTextures,NeuralTextures/499_539.mp4,
FaceForensics++,train,fit,539_499,499_539,539,499,1,NeuralTextures,NeuralTextures/539_499.mp4,
FaceForensics++,train,fit,500,500_592,500,,0,,original/500.mp4,
FaceForensics++,train,fit,592,500_592,592,,0,,original/592.mp4,
FaceForensics++,train,fit,500_592,500_592,500,592,1,DeepFakes,Deepfakes/500_592.mp4,
FaceForensics++,train,fit,592_500,500_592,592,500,1,DeepFakes,Deepfakes/592_500.mp4,
FaceForensics++,train,fit,500_592,500_592,500,592,1,Face2Face,Face2Face/500_592.mp4,
FaceForensics++,train,fit,592_500,500_592,592,500,1,Face2Face,Face2Face/592_500.mp4,
FaceForensics++,train,fit,500_592,500_592,500,592,1,FaceSwap,FaceSwap/500_592.mp4,
FaceForensics++,train,fit,592_500,500_592,592,500,1,FaceSwap,FaceSwap/592_500.mp4,
FaceForensics++,train,fit,500_592,500_592,500,592,1,NeuralTextures,NeuralTextures/500_592.mp4,
FaceForensics++,train,fit,592_500,500_592,592,500,1,NeuralTextures,NeuralTextures/592_500.mp4,
FaceForensics++,train,fit,505,505_600,505,,0,,original/505.mp4,
FaceForensics++,train,fit,600,505_600,600,,0,,original/600.mp4,
FaceForensics++,train,fit,505_600,505_600,505,600,1,DeepFakes,Deepfakes/505_600.mp4,
FaceForensics++,train,fit,600_505,505_600,600,505,1,DeepFakes,Deepfakes/600_505.mp4,
FaceForensics++,train,fit,505_600,505_600,505,600,1,Face2Face,Face2Face/505_600.mp4,
FaceForensics++,train,fit,600_505,505_600,600,505,1,Face2Face,Face2Face/600_505.mp4,
FaceForensics++,train,fit,505_600,505_600,505,600,1,FaceSwap,FaceSwap/505_600.mp4,
FaceForensics++,train,fit,600_505,505_600,600,505,1,FaceSwap,FaceSwap/600_505.mp4,
FaceForensics++,train,fit,505_600,505_600,505,600,1,NeuralTextures,NeuralTextures/505_600.mp4,
FaceForensics++,train,fit,600_505,505_600,600,505,1,NeuralTextures,NeuralTextures/600_505.mp4,
FaceForensics++,train,fit,508,508_831,508,,0,,original/508.mp4,
FaceForensics++,train,fit,831,508_831,831,,0,,original/831.mp4,
FaceForensics++,train,fit,508_831,508_831,508,831,1,DeepFakes,Deepfakes/508_831.mp4,
FaceForensics++,train,fit,831_508,508_831,831,508,1,DeepFakes,Deepfakes/831_508.mp4,
FaceForensics++,train,fit,508_831,508_831,508,831,1,Face2Face,Face2Face/508_831.mp4,
FaceForensics++,train,fit,831_508,508_831,831,508,1,Face2Face,Face2Face/831_508.mp4,
FaceForensics++,train,fit,508_831,508_831,508,831,1,FaceSwap,FaceSwap/508_831.mp4,
FaceForensics++,train,fit,831_508,508_831,831,508,1,FaceSwap,FaceSwap/831_508.mp4,
FaceForensics++,train,fit,508_831,508_831,508,831,1,NeuralTextures,NeuralTextures/508_831.mp4,
FaceForensics++,train,fit,831_508,508_831,831,508,1,NeuralTextures,NeuralTextures/831_508.mp4,
FaceForensics++,train,fit,509,509_525,509,,0,,original/509.mp4,
FaceForensics++,train,fit,525,509_525,525,,0,,original/525.mp4,
FaceForensics++,train,fit,509_525,509_525,509,525,1,DeepFakes,Deepfakes/509_525.mp4,
FaceForensics++,train,fit,525_509,509_525,525,509,1,DeepFakes,Deepfakes/525_509.mp4,
FaceForensics++,train,fit,509_525,509_525,509,525,1,Face2Face,Face2Face/509_525.mp4,
FaceForensics++,train,fit,525_509,509_525,525,509,1,Face2Face,Face2Face/525_509.mp4,
FaceForensics++,train,fit,509_525,509_525,509,525,1,FaceSwap,FaceSwap/509_525.mp4,
FaceForensics++,train,fit,525_509,509_525,525,509,1,FaceSwap,FaceSwap/525_509.mp4,
FaceForensics++,train,fit,509_525,509_525,509,525,1,NeuralTextures,NeuralTextures/509_525.mp4,
FaceForensics++,train,fit,525_509,509_525,525,509,1,NeuralTextures,NeuralTextures/525_509.mp4,
FaceForensics++,train,fit,510,510_528,510,,0,,original/510.mp4,
FaceForensics++,train,fit,528,510_528,528,,0,,original/528.mp4,
FaceForensics++,train,fit,510_528,510_528,510,528,1,DeepFakes,Deepfakes/510_528.mp4,
FaceForensics++,train,fit,528_510,510_528,528,510,1,DeepFakes,Deepfakes/528_510.mp4,
FaceForensics++,train,fit,510_528,510_528,510,528,1,Face2Face,Face2Face/510_528.mp4,
FaceForensics++,train,fit,528_510,510_528,528,510,1,Face2Face,Face2Face/528_510.mp4,
FaceForensics++,train,fit,510_528,510_528,510,528,1,FaceSwap,FaceSwap/510_528.mp4,
FaceForensics++,train,fit,528_510,510_528,528,510,1,FaceSwap,FaceSwap/528_510.mp4,
FaceForensics++,train,fit,510_528,510_528,510,528,1,NeuralTextures,NeuralTextures/510_528.mp4,
FaceForensics++,train,fit,528_510,510_528,528,510,1,NeuralTextures,NeuralTextures/528_510.mp4,
FaceForensics++,train,fit,515,515_519,515,,0,,original/515.mp4,
FaceForensics++,train,fit,519,515_519,519,,0,,original/519.mp4,
FaceForensics++,train,fit,515_519,515_519,515,519,1,DeepFakes,Deepfakes/515_519.mp4,
FaceForensics++,train,fit,519_515,515_519,519,515,1,DeepFakes,Deepfakes/519_515.mp4,
FaceForensics++,train,fit,515_519,515_519,515,519,1,Face2Face,Face2Face/515_519.mp4,
FaceForensics++,train,fit,519_515,515_519,519,515,1,Face2Face,Face2Face/519_515.mp4,
FaceForensics++,train,fit,515_519,515_519,515,519,1,FaceSwap,FaceSwap/515_519.mp4,
FaceForensics++,train,fit,519_515,515_519,519,515,1,FaceSwap,FaceSwap/519_515.mp4,
FaceForensics++,train,fit,515_519,515_519,515,519,1,NeuralTextures,NeuralTextures/515_519.mp4,
FaceForensics++,train,fit,519_515,515_519,519,515,1,NeuralTextures,NeuralTextures/519_515.mp4,
FaceForensics++,train,fit,516,516_555,516,,0,,original/516.mp4,
FaceForensics++,train,fit,555,516_555,555,,0,,original/555.mp4,
FaceForensics++,train,fit,516_555,516_555,516,555,1,DeepFakes,Deepfakes/516_555.mp4,
FaceForensics++,train,fit,555_516,516_555,555,516,1,DeepFakes,Deepfakes/555_516.mp4,
FaceForensics++,train,fit,516_555,516_555,516,555,1,Face2Face,Face2Face/516_555.mp4,
FaceForensics++,train,fit,555_516,516_555,555,516,1,Face2Face,Face2Face/555_516.mp4,
FaceForensics++,train,fit,516_555,516_555,516,555,1,FaceSwap,FaceSwap/516_555.mp4,
FaceForensics++,train,fit,555_516,516_555,555,516,1,FaceSwap,FaceSwap/555_516.mp4,
FaceForensics++,train,fit,516_555,516_555,516,555,1,NeuralTextures,NeuralTextures/516_555.mp4,
FaceForensics++,train,fit,555_516,516_555,555,516,1,NeuralTextures,NeuralTextures/555_516.mp4,
FaceForensics++,train,fit,520,520_542,520,,0,,original/520.mp4,
FaceForensics++,train,fit,542,520_542,542,,0,,original/542.mp4,
FaceForensics++,train,fit,520_542,520_542,520,542,1,DeepFakes,Deepfakes/520_542.mp4,
FaceForensics++,train,fit,542_520,520_542,542,520,1,DeepFakes,Deepfakes/542_520.mp4,
FaceForensics++,train,fit,520_542,520_542,520,542,1,Face2Face,Face2Face/520_542.mp4,
FaceForensics++,train,fit,542_520,520_542,542,520,1,Face2Face,Face2Face/542_520.mp4,
FaceForensics++,train,fit,520_542,520_542,520,542,1,FaceSwap,FaceSwap/520_542.mp4,
FaceForensics++,train,fit,542_520,520_542,542,520,1,FaceSwap,FaceSwap/542_520.mp4,
FaceForensics++,train,fit,520_542,520_542,520,542,1,NeuralTextures,NeuralTextures/520_542.mp4,
FaceForensics++,train,fit,542_520,520_542,542,520,1,NeuralTextures,NeuralTextures/542_520.mp4,
FaceForensics++,train,fit,524,524_580,524,,0,,original/524.mp4,
FaceForensics++,train,fit,580,524_580,580,,0,,original/580.mp4,
FaceForensics++,train,fit,524_580,524_580,524,580,1,DeepFakes,Deepfakes/524_580.mp4,
FaceForensics++,train,fit,580_524,524_580,580,524,1,DeepFakes,Deepfakes/580_524.mp4,
FaceForensics++,train,fit,524_580,524_580,524,580,1,Face2Face,Face2Face/524_580.mp4,
FaceForensics++,train,fit,580_524,524_580,580,524,1,Face2Face,Face2Face/580_524.mp4,
FaceForensics++,train,fit,524_580,524_580,524,580,1,FaceSwap,FaceSwap/524_580.mp4,
FaceForensics++,train,fit,580_524,524_580,580,524,1,FaceSwap,FaceSwap/580_524.mp4,
FaceForensics++,train,fit,524_580,524_580,524,580,1,NeuralTextures,NeuralTextures/524_580.mp4,
FaceForensics++,train,fit,580_524,524_580,580,524,1,NeuralTextures,NeuralTextures/580_524.mp4,
FaceForensics++,train,fit,530,530_594,530,,0,,original/530.mp4,
FaceForensics++,train,fit,594,530_594,594,,0,,original/594.mp4,
FaceForensics++,train,fit,530_594,530_594,530,594,1,DeepFakes,Deepfakes/530_594.mp4,
FaceForensics++,train,fit,594_530,530_594,594,530,1,DeepFakes,Deepfakes/594_530.mp4,
FaceForensics++,train,fit,530_594,530_594,530,594,1,Face2Face,Face2Face/530_594.mp4,
FaceForensics++,train,fit,594_530,530_594,594,530,1,Face2Face,Face2Face/594_530.mp4,
FaceForensics++,train,fit,530_594,530_594,530,594,1,FaceSwap,FaceSwap/530_594.mp4,
FaceForensics++,train,fit,594_530,530_594,594,530,1,FaceSwap,FaceSwap/594_530.mp4,
FaceForensics++,train,fit,530_594,530_594,530,594,1,NeuralTextures,NeuralTextures/530_594.mp4,
FaceForensics++,train,fit,594_530,530_594,594,530,1,NeuralTextures,NeuralTextures/594_530.mp4,
FaceForensics++,train,fit,531,531_549,531,,0,,original/531.mp4,
FaceForensics++,train,fit,549,531_549,549,,0,,original/549.mp4,
FaceForensics++,train,fit,531_549,531_549,531,549,1,DeepFakes,Deepfakes/531_549.mp4,
FaceForensics++,train,fit,549_531,531_549,549,531,1,DeepFakes,Deepfakes/549_531.mp4,
FaceForensics++,train,fit,531_549,531_549,531,549,1,Face2Face,Face2Face/531_549.mp4,
FaceForensics++,train,fit,549_531,531_549,549,531,1,Face2Face,Face2Face/549_531.mp4,
FaceForensics++,train,fit,531_549,531_549,531,549,1,FaceSwap,FaceSwap/531_549.mp4,
FaceForensics++,train,fit,549_531,531_549,549,531,1,FaceSwap,FaceSwap/549_531.mp4,
FaceForensics++,train,fit,531_549,531_549,531,549,1,NeuralTextures,NeuralTextures/531_549.mp4,
FaceForensics++,train,fit,549_531,531_549,549,531,1,NeuralTextures,NeuralTextures/549_531.mp4,
FaceForensics++,train,fit,532,532_544,532,,0,,original/532.mp4,
FaceForensics++,train,fit,544,532_544,544,,0,,original/544.mp4,
FaceForensics++,train,fit,532_544,532_544,532,544,1,DeepFakes,Deepfakes/532_544.mp4,
FaceForensics++,train,fit,544_532,532_544,544,532,1,DeepFakes,Deepfakes/544_532.mp4,
FaceForensics++,train,fit,532_544,532_544,532,544,1,Face2Face,Face2Face/532_544.mp4,
FaceForensics++,train,fit,544_532,532_544,544,532,1,Face2Face,Face2Face/544_532.mp4,
FaceForensics++,train,fit,532_544,532_544,532,544,1,FaceSwap,FaceSwap/532_544.mp4,
FaceForensics++,train,fit,544_532,532_544,544,532,1,FaceSwap,FaceSwap/544_532.mp4,
FaceForensics++,train,fit,532_544,532_544,532,544,1,NeuralTextures,NeuralTextures/532_544.mp4,
FaceForensics++,train,fit,544_532,532_544,544,532,1,NeuralTextures,NeuralTextures/544_532.mp4,
FaceForensics++,train,fit,536,536_540,536,,0,,original/536.mp4,
FaceForensics++,train,fit,540,536_540,540,,0,,original/540.mp4,
FaceForensics++,train,fit,536_540,536_540,536,540,1,DeepFakes,Deepfakes/536_540.mp4,
FaceForensics++,train,fit,540_536,536_540,540,536,1,DeepFakes,Deepfakes/540_536.mp4,
FaceForensics++,train,fit,536_540,536_540,536,540,1,Face2Face,Face2Face/536_540.mp4,
FaceForensics++,train,fit,540_536,536_540,540,536,1,Face2Face,Face2Face/540_536.mp4,
FaceForensics++,train,fit,536_540,536_540,536,540,1,FaceSwap,FaceSwap/536_540.mp4,
FaceForensics++,train,fit,540_536,536_540,540,536,1,FaceSwap,FaceSwap/540_536.mp4,
FaceForensics++,train,fit,536_540,536_540,536,540,1,NeuralTextures,NeuralTextures/536_540.mp4,
FaceForensics++,train,fit,540_536,536_540,540,536,1,NeuralTextures,NeuralTextures/540_536.mp4,
FaceForensics++,train,fit,537,537_563,537,,0,,original/537.mp4,
FaceForensics++,train,fit,563,537_563,563,,0,,original/563.mp4,
FaceForensics++,train,fit,537_563,537_563,537,563,1,DeepFakes,Deepfakes/537_563.mp4,
FaceForensics++,train,fit,563_537,537_563,563,537,1,DeepFakes,Deepfakes/563_537.mp4,
FaceForensics++,train,fit,537_563,537_563,537,563,1,Face2Face,Face2Face/537_563.mp4,
FaceForensics++,train,fit,563_537,537_563,563,537,1,Face2Face,Face2Face/563_537.mp4,
FaceForensics++,train,fit,537_563,537_563,537,563,1,FaceSwap,FaceSwap/537_563.mp4,
FaceForensics++,train,fit,563_537,537_563,563,537,1,FaceSwap,FaceSwap/563_537.mp4,
FaceForensics++,train,fit,537_563,537_563,537,563,1,NeuralTextures,NeuralTextures/537_563.mp4,
FaceForensics++,train,fit,563_537,537_563,563,537,1,NeuralTextures,NeuralTextures/563_537.mp4,
FaceForensics++,train,fit,543,543_559,543,,0,,original/543.mp4,
FaceForensics++,train,fit,559,543_559,559,,0,,original/559.mp4,
FaceForensics++,train,fit,543_559,543_559,543,559,1,DeepFakes,Deepfakes/543_559.mp4,
FaceForensics++,train,fit,559_543,543_559,559,543,1,DeepFakes,Deepfakes/559_543.mp4,
FaceForensics++,train,fit,543_559,543_559,543,559,1,Face2Face,Face2Face/543_559.mp4,
FaceForensics++,train,fit,559_543,543_559,559,543,1,Face2Face,Face2Face/559_543.mp4,
FaceForensics++,train,fit,543_559,543_559,543,559,1,FaceSwap,FaceSwap/543_559.mp4,
FaceForensics++,train,fit,559_543,543_559,559,543,1,FaceSwap,FaceSwap/559_543.mp4,
FaceForensics++,train,fit,543_559,543_559,543,559,1,NeuralTextures,NeuralTextures/543_559.mp4,
FaceForensics++,train,fit,559_543,543_559,559,543,1,NeuralTextures,NeuralTextures/559_543.mp4,
FaceForensics++,train,fit,547,547_574,547,,0,,original/547.mp4,
FaceForensics++,train,fit,574,547_574,574,,0,,original/574.mp4,
FaceForensics++,train,fit,547_574,547_574,547,574,1,DeepFakes,Deepfakes/547_574.mp4,
FaceForensics++,train,fit,574_547,547_574,574,547,1,DeepFakes,Deepfakes/574_547.mp4,
FaceForensics++,train,fit,547_574,547_574,547,574,1,Face2Face,Face2Face/547_574.mp4,
FaceForensics++,train,fit,574_547,547_574,574,547,1,Face2Face,Face2Face/574_547.mp4,
FaceForensics++,train,fit,547_574,547_574,547,574,1,FaceSwap,FaceSwap/547_574.mp4,
FaceForensics++,train,fit,574_547,547_574,574,547,1,FaceSwap,FaceSwap/574_547.mp4,
FaceForensics++,train,fit,547_574,547_574,547,574,1,NeuralTextures,NeuralTextures/547_574.mp4,
FaceForensics++,train,fit,574_547,547_574,574,547,1,NeuralTextures,NeuralTextures/574_547.mp4,
FaceForensics++,train,fit,551,551_631,551,,0,,original/551.mp4,
FaceForensics++,train,fit,631,551_631,631,,0,,original/631.mp4,
FaceForensics++,train,fit,551_631,551_631,551,631,1,DeepFakes,Deepfakes/551_631.mp4,
FaceForensics++,train,fit,631_551,551_631,631,551,1,DeepFakes,Deepfakes/631_551.mp4,
FaceForensics++,train,fit,551_631,551_631,551,631,1,Face2Face,Face2Face/551_631.mp4,
FaceForensics++,train,fit,631_551,551_631,631,551,1,Face2Face,Face2Face/631_551.mp4,
FaceForensics++,train,fit,551_631,551_631,551,631,1,FaceSwap,FaceSwap/551_631.mp4,
FaceForensics++,train,fit,631_551,551_631,631,551,1,FaceSwap,FaceSwap/631_551.mp4,
FaceForensics++,train,fit,551_631,551_631,551,631,1,NeuralTextures,NeuralTextures/551_631.mp4,
FaceForensics++,train,fit,631_551,551_631,631,551,1,NeuralTextures,NeuralTextures/631_551.mp4,
FaceForensics++,train,fit,554,554_572,554,,0,,original/554.mp4,
FaceForensics++,train,fit,572,554_572,572,,0,,original/572.mp4,
FaceForensics++,train,fit,554_572,554_572,554,572,1,DeepFakes,Deepfakes/554_572.mp4,
FaceForensics++,train,fit,572_554,554_572,572,554,1,DeepFakes,Deepfakes/572_554.mp4,
FaceForensics++,train,fit,554_572,554_572,554,572,1,Face2Face,Face2Face/554_572.mp4,
FaceForensics++,train,fit,572_554,554_572,572,554,1,Face2Face,Face2Face/572_554.mp4,
FaceForensics++,train,fit,554_572,554_572,554,572,1,FaceSwap,FaceSwap/554_572.mp4,
FaceForensics++,train,fit,572_554,554_572,572,554,1,FaceSwap,FaceSwap/572_554.mp4,
FaceForensics++,train,fit,554_572,554_572,554,572,1,NeuralTextures,NeuralTextures/554_572.mp4,
FaceForensics++,train,fit,572_554,554_572,572,554,1,NeuralTextures,NeuralTextures/572_554.mp4,
FaceForensics++,train,fit,556,556_588,556,,0,,original/556.mp4,
FaceForensics++,train,fit,588,556_588,588,,0,,original/588.mp4,
FaceForensics++,train,fit,556_588,556_588,556,588,1,DeepFakes,Deepfakes/556_588.mp4,
FaceForensics++,train,fit,588_556,556_588,588,556,1,DeepFakes,Deepfakes/588_556.mp4,
FaceForensics++,train,fit,556_588,556_588,556,588,1,Face2Face,Face2Face/556_588.mp4,
FaceForensics++,train,fit,588_556,556_588,588,556,1,Face2Face,Face2Face/588_556.mp4,
FaceForensics++,train,fit,556_588,556_588,556,588,1,FaceSwap,FaceSwap/556_588.mp4,
FaceForensics++,train,fit,588_556,556_588,588,556,1,FaceSwap,FaceSwap/588_556.mp4,
FaceForensics++,train,fit,556_588,556_588,556,588,1,NeuralTextures,NeuralTextures/556_588.mp4,
FaceForensics++,train,fit,588_556,556_588,588,556,1,NeuralTextures,NeuralTextures/588_556.mp4,
FaceForensics++,train,fit,561,561_998,561,,0,,original/561.mp4,
FaceForensics++,train,fit,998,561_998,998,,0,,original/998.mp4,
FaceForensics++,train,fit,561_998,561_998,561,998,1,DeepFakes,Deepfakes/561_998.mp4,
FaceForensics++,train,fit,998_561,561_998,998,561,1,DeepFakes,Deepfakes/998_561.mp4,
FaceForensics++,train,fit,561_998,561_998,561,998,1,Face2Face,Face2Face/561_998.mp4,
FaceForensics++,train,fit,998_561,561_998,998,561,1,Face2Face,Face2Face/998_561.mp4,
FaceForensics++,train,fit,561_998,561_998,561,998,1,FaceSwap,FaceSwap/561_998.mp4,
FaceForensics++,train,fit,998_561,561_998,998,561,1,FaceSwap,FaceSwap/998_561.mp4,
FaceForensics++,train,fit,561_998,561_998,561,998,1,NeuralTextures,NeuralTextures/561_998.mp4,
FaceForensics++,train,fit,998_561,561_998,998,561,1,NeuralTextures,NeuralTextures/998_561.mp4,
FaceForensics++,train,fit,562,562_626,562,,0,,original/562.mp4,
FaceForensics++,train,fit,626,562_626,626,,0,,original/626.mp4,
FaceForensics++,train,fit,562_626,562_626,562,626,1,DeepFakes,Deepfakes/562_626.mp4,
FaceForensics++,train,fit,626_562,562_626,626,562,1,DeepFakes,Deepfakes/626_562.mp4,
FaceForensics++,train,fit,562_626,562_626,562,626,1,Face2Face,Face2Face/562_626.mp4,
FaceForensics++,train,fit,626_562,562_626,626,562,1,Face2Face,Face2Face/626_562.mp4,
FaceForensics++,train,fit,562_626,562_626,562,626,1,FaceSwap,FaceSwap/562_626.mp4,
FaceForensics++,train,fit,626_562,562_626,626,562,1,FaceSwap,FaceSwap/626_562.mp4,
FaceForensics++,train,fit,562_626,562_626,562,626,1,NeuralTextures,NeuralTextures/562_626.mp4,
FaceForensics++,train,fit,626_562,562_626,626,562,1,NeuralTextures,NeuralTextures/626_562.mp4,
FaceForensics++,train,fit,573,573_757,573,,0,,original/573.mp4,
FaceForensics++,train,fit,757,573_757,757,,0,,original/757.mp4,
FaceForensics++,train,fit,573_757,573_757,573,757,1,DeepFakes,Deepfakes/573_757.mp4,
FaceForensics++,train,fit,757_573,573_757,757,573,1,DeepFakes,Deepfakes/757_573.mp4,
FaceForensics++,train,fit,573_757,573_757,573,757,1,Face2Face,Face2Face/573_757.mp4,
FaceForensics++,train,fit,757_573,573_757,757,573,1,Face2Face,Face2Face/757_573.mp4,
FaceForensics++,train,fit,573_757,573_757,573,757,1,FaceSwap,FaceSwap/573_757.mp4,
FaceForensics++,train,fit,757_573,573_757,757,573,1,FaceSwap,FaceSwap/757_573.mp4,
FaceForensics++,train,fit,573_757,573_757,573,757,1,NeuralTextures,NeuralTextures/573_757.mp4,
FaceForensics++,train,fit,757_573,573_757,757,573,1,NeuralTextures,NeuralTextures/757_573.mp4,
FaceForensics++,train,fit,575,575_603,575,,0,,original/575.mp4,
FaceForensics++,train,fit,603,575_603,603,,0,,original/603.mp4,
FaceForensics++,train,fit,575_603,575_603,575,603,1,DeepFakes,Deepfakes/575_603.mp4,
FaceForensics++,train,fit,603_575,575_603,603,575,1,DeepFakes,Deepfakes/603_575.mp4,
FaceForensics++,train,fit,575_603,575_603,575,603,1,Face2Face,Face2Face/575_603.mp4,
FaceForensics++,train,fit,603_575,575_603,603,575,1,Face2Face,Face2Face/603_575.mp4,
FaceForensics++,train,fit,575_603,575_603,575,603,1,FaceSwap,FaceSwap/575_603.mp4,
FaceForensics++,train,fit,603_575,575_603,603,575,1,FaceSwap,FaceSwap/603_575.mp4,
FaceForensics++,train,fit,575_603,575_603,575,603,1,NeuralTextures,NeuralTextures/575_603.mp4,
FaceForensics++,train,fit,603_575,575_603,603,575,1,NeuralTextures,NeuralTextures/603_575.mp4,
FaceForensics++,train,fit,577,577_593,577,,0,,original/577.mp4,
FaceForensics++,train,fit,593,577_593,593,,0,,original/593.mp4,
FaceForensics++,train,fit,577_593,577_593,577,593,1,DeepFakes,Deepfakes/577_593.mp4,
FaceForensics++,train,fit,593_577,577_593,593,577,1,DeepFakes,Deepfakes/593_577.mp4,
FaceForensics++,train,fit,577_593,577_593,577,593,1,Face2Face,Face2Face/577_593.mp4,
FaceForensics++,train,fit,593_577,577_593,593,577,1,Face2Face,Face2Face/593_577.mp4,
FaceForensics++,train,fit,577_593,577_593,577,593,1,FaceSwap,FaceSwap/577_593.mp4,
FaceForensics++,train,fit,593_577,577_593,593,577,1,FaceSwap,FaceSwap/593_577.mp4,
FaceForensics++,train,fit,577_593,577_593,577,593,1,NeuralTextures,NeuralTextures/577_593.mp4,
FaceForensics++,train,fit,593_577,577_593,593,577,1,NeuralTextures,NeuralTextures/593_577.mp4,
FaceForensics++,train,fit,578,578_636,578,,0,,original/578.mp4,
FaceForensics++,train,fit,636,578_636,636,,0,,original/636.mp4,
FaceForensics++,train,fit,578_636,578_636,578,636,1,DeepFakes,Deepfakes/578_636.mp4,
FaceForensics++,train,fit,636_578,578_636,636,578,1,DeepFakes,Deepfakes/636_578.mp4,
FaceForensics++,train,fit,578_636,578_636,578,636,1,Face2Face,Face2Face/578_636.mp4,
FaceForensics++,train,fit,636_578,578_636,636,578,1,Face2Face,Face2Face/636_578.mp4,
FaceForensics++,train,fit,578_636,578_636,578,636,1,FaceSwap,FaceSwap/578_636.mp4,
FaceForensics++,train,fit,636_578,578_636,636,578,1,FaceSwap,FaceSwap/636_578.mp4,
FaceForensics++,train,fit,578_636,578_636,578,636,1,NeuralTextures,NeuralTextures/578_636.mp4,
FaceForensics++,train,fit,636_578,578_636,636,578,1,NeuralTextures,NeuralTextures/636_578.mp4,
FaceForensics++,train,fit,591,591_605,591,,0,,original/591.mp4,
FaceForensics++,train,fit,605,591_605,605,,0,,original/605.mp4,
FaceForensics++,train,fit,591_605,591_605,591,605,1,DeepFakes,Deepfakes/591_605.mp4,
FaceForensics++,train,fit,605_591,591_605,605,591,1,DeepFakes,Deepfakes/605_591.mp4,
FaceForensics++,train,fit,591_605,591_605,591,605,1,Face2Face,Face2Face/591_605.mp4,
FaceForensics++,train,fit,605_591,591_605,605,591,1,Face2Face,Face2Face/605_591.mp4,
FaceForensics++,train,fit,591_605,591_605,591,605,1,FaceSwap,FaceSwap/591_605.mp4,
FaceForensics++,train,fit,605_591,591_605,605,591,1,FaceSwap,FaceSwap/605_591.mp4,
FaceForensics++,train,fit,591_605,591_605,591,605,1,NeuralTextures,NeuralTextures/591_605.mp4,
FaceForensics++,train,fit,605_591,591_605,605,591,1,NeuralTextures,NeuralTextures/605_591.mp4,
FaceForensics++,train,fit,596,596_609,596,,0,,original/596.mp4,
FaceForensics++,train,fit,609,596_609,609,,0,,original/609.mp4,
FaceForensics++,train,fit,596_609,596_609,596,609,1,DeepFakes,Deepfakes/596_609.mp4,
FaceForensics++,train,fit,609_596,596_609,609,596,1,DeepFakes,Deepfakes/609_596.mp4,
FaceForensics++,train,fit,596_609,596_609,596,609,1,Face2Face,Face2Face/596_609.mp4,
FaceForensics++,train,fit,609_596,596_609,609,596,1,Face2Face,Face2Face/609_596.mp4,
FaceForensics++,train,fit,596_609,596_609,596,609,1,FaceSwap,FaceSwap/596_609.mp4,
FaceForensics++,train,fit,609_596,596_609,609,596,1,FaceSwap,FaceSwap/609_596.mp4,
FaceForensics++,train,fit,596_609,596_609,596,609,1,NeuralTextures,NeuralTextures/596_609.mp4,
FaceForensics++,train,fit,609_596,596_609,609,596,1,NeuralTextures,NeuralTextures/609_596.mp4,
FaceForensics++,train,fit,601,601_653,601,,0,,original/601.mp4,
FaceForensics++,train,fit,653,601_653,653,,0,,original/653.mp4,
FaceForensics++,train,fit,601_653,601_653,601,653,1,DeepFakes,Deepfakes/601_653.mp4,
FaceForensics++,train,fit,653_601,601_653,653,601,1,DeepFakes,Deepfakes/653_601.mp4,
FaceForensics++,train,fit,601_653,601_653,601,653,1,Face2Face,Face2Face/601_653.mp4,
FaceForensics++,train,fit,653_601,601_653,653,601,1,Face2Face,Face2Face/653_601.mp4,
FaceForensics++,train,fit,601_653,601_653,601,653,1,FaceSwap,FaceSwap/601_653.mp4,
FaceForensics++,train,fit,653_601,601_653,653,601,1,FaceSwap,FaceSwap/653_601.mp4,
FaceForensics++,train,fit,601_653,601_653,601,653,1,NeuralTextures,NeuralTextures/601_653.mp4,
FaceForensics++,train,fit,653_601,601_653,653,601,1,NeuralTextures,NeuralTextures/653_601.mp4,
FaceForensics++,train,fit,604,604_703,604,,0,,original/604.mp4,
FaceForensics++,train,fit,703,604_703,703,,0,,original/703.mp4,
FaceForensics++,train,fit,604_703,604_703,604,703,1,DeepFakes,Deepfakes/604_703.mp4,
FaceForensics++,train,fit,703_604,604_703,703,604,1,DeepFakes,Deepfakes/703_604.mp4,
FaceForensics++,train,fit,604_703,604_703,604,703,1,Face2Face,Face2Face/604_703.mp4,
FaceForensics++,train,fit,703_604,604_703,703,604,1,Face2Face,Face2Face/703_604.mp4,
FaceForensics++,train,fit,604_703,604_703,604,703,1,FaceSwap,FaceSwap/604_703.mp4,
FaceForensics++,train,fit,703_604,604_703,703,604,1,FaceSwap,FaceSwap/703_604.mp4,
FaceForensics++,train,fit,604_703,604_703,604,703,1,NeuralTextures,NeuralTextures/604_703.mp4,
FaceForensics++,train,fit,703_604,604_703,703,604,1,NeuralTextures,NeuralTextures/703_604.mp4,
FaceForensics++,train,fit,611,611_760,611,,0,,original/611.mp4,
FaceForensics++,train,fit,760,611_760,760,,0,,original/760.mp4,
FaceForensics++,train,fit,611_760,611_760,611,760,1,DeepFakes,Deepfakes/611_760.mp4,
FaceForensics++,train,fit,760_611,611_760,760,611,1,DeepFakes,Deepfakes/760_611.mp4,
FaceForensics++,train,fit,611_760,611_760,611,760,1,Face2Face,Face2Face/611_760.mp4,
FaceForensics++,train,fit,760_611,611_760,760,611,1,Face2Face,Face2Face/760_611.mp4,
FaceForensics++,train,fit,611_760,611_760,611,760,1,FaceSwap,FaceSwap/611_760.mp4,
FaceForensics++,train,fit,760_611,611_760,760,611,1,FaceSwap,FaceSwap/760_611.mp4,
FaceForensics++,train,fit,611_760,611_760,611,760,1,NeuralTextures,NeuralTextures/611_760.mp4,
FaceForensics++,train,fit,760_611,611_760,760,611,1,NeuralTextures,NeuralTextures/760_611.mp4,
FaceForensics++,train,fit,613,613_685,613,,0,,original/613.mp4,
FaceForensics++,train,fit,685,613_685,685,,0,,original/685.mp4,
FaceForensics++,train,fit,613_685,613_685,613,685,1,DeepFakes,Deepfakes/613_685.mp4,
FaceForensics++,train,fit,685_613,613_685,685,613,1,DeepFakes,Deepfakes/685_613.mp4,
FaceForensics++,train,fit,613_685,613_685,613,685,1,Face2Face,Face2Face/613_685.mp4,
FaceForensics++,train,fit,685_613,613_685,685,613,1,Face2Face,Face2Face/685_613.mp4,
FaceForensics++,train,fit,613_685,613_685,613,685,1,FaceSwap,FaceSwap/613_685.mp4,
FaceForensics++,train,fit,685_613,613_685,685,613,1,FaceSwap,FaceSwap/685_613.mp4,
FaceForensics++,train,fit,613_685,613_685,613,685,1,NeuralTextures,NeuralTextures/613_685.mp4,
FaceForensics++,train,fit,685_613,613_685,685,613,1,NeuralTextures,NeuralTextures/685_613.mp4,
FaceForensics++,train,fit,614,614_616,614,,0,,original/614.mp4,
FaceForensics++,train,fit,616,614_616,616,,0,,original/616.mp4,
FaceForensics++,train,fit,614_616,614_616,614,616,1,DeepFakes,Deepfakes/614_616.mp4,
FaceForensics++,train,fit,616_614,614_616,616,614,1,DeepFakes,Deepfakes/616_614.mp4,
FaceForensics++,train,fit,614_616,614_616,614,616,1,Face2Face,Face2Face/614_616.mp4,
FaceForensics++,train,fit,616_614,614_616,616,614,1,Face2Face,Face2Face/616_614.mp4,
FaceForensics++,train,fit,614_616,614_616,614,616,1,FaceSwap,FaceSwap/614_616.mp4,
FaceForensics++,train,fit,616_614,614_616,616,614,1,FaceSwap,FaceSwap/616_614.mp4,
FaceForensics++,train,fit,614_616,614_616,614,616,1,NeuralTextures,NeuralTextures/614_616.mp4,
FaceForensics++,train,fit,616_614,614_616,616,614,1,NeuralTextures,NeuralTextures/616_614.mp4,
FaceForensics++,train,fit,615,615_687,615,,0,,original/615.mp4,
FaceForensics++,train,fit,687,615_687,687,,0,,original/687.mp4,
FaceForensics++,train,fit,615_687,615_687,615,687,1,DeepFakes,Deepfakes/615_687.mp4,
FaceForensics++,train,fit,687_615,615_687,687,615,1,DeepFakes,Deepfakes/687_615.mp4,
FaceForensics++,train,fit,615_687,615_687,615,687,1,Face2Face,Face2Face/615_687.mp4,
FaceForensics++,train,fit,687_615,615_687,687,615,1,Face2Face,Face2Face/687_615.mp4,
FaceForensics++,train,fit,615_687,615_687,615,687,1,FaceSwap,FaceSwap/615_687.mp4,
FaceForensics++,train,fit,687_615,615_687,687,615,1,FaceSwap,FaceSwap/687_615.mp4,
FaceForensics++,train,fit,615_687,615_687,615,687,1,NeuralTextures,NeuralTextures/615_687.mp4,
FaceForensics++,train,fit,687_615,615_687,687,615,1,NeuralTextures,NeuralTextures/687_615.mp4,
FaceForensics++,train,fit,618,618_629,618,,0,,original/618.mp4,
FaceForensics++,train,fit,629,618_629,629,,0,,original/629.mp4,
FaceForensics++,train,fit,618_629,618_629,618,629,1,DeepFakes,Deepfakes/618_629.mp4,
FaceForensics++,train,fit,629_618,618_629,629,618,1,DeepFakes,Deepfakes/629_618.mp4,
FaceForensics++,train,fit,618_629,618_629,618,629,1,Face2Face,Face2Face/618_629.mp4,
FaceForensics++,train,fit,629_618,618_629,629,618,1,Face2Face,Face2Face/629_618.mp4,
FaceForensics++,train,fit,618_629,618_629,618,629,1,FaceSwap,FaceSwap/618_629.mp4,
FaceForensics++,train,fit,629_618,618_629,629,618,1,FaceSwap,FaceSwap/629_618.mp4,
FaceForensics++,train,fit,618_629,618_629,618,629,1,NeuralTextures,NeuralTextures/618_629.mp4,
FaceForensics++,train,fit,629_618,618_629,629,618,1,NeuralTextures,NeuralTextures/629_618.mp4,
FaceForensics++,train,fit,619,619_620,619,,0,,original/619.mp4,
FaceForensics++,train,fit,620,619_620,620,,0,,original/620.mp4,
FaceForensics++,train,fit,619_620,619_620,619,620,1,DeepFakes,Deepfakes/619_620.mp4,
FaceForensics++,train,fit,620_619,619_620,620,619,1,DeepFakes,Deepfakes/620_619.mp4,
FaceForensics++,train,fit,619_620,619_620,619,620,1,Face2Face,Face2Face/619_620.mp4,
FaceForensics++,train,fit,620_619,619_620,620,619,1,Face2Face,Face2Face/620_619.mp4,
FaceForensics++,train,fit,619_620,619_620,619,620,1,FaceSwap,FaceSwap/619_620.mp4,
FaceForensics++,train,fit,620_619,619_620,620,619,1,FaceSwap,FaceSwap/620_619.mp4,
FaceForensics++,train,fit,619_620,619_620,619,620,1,NeuralTextures,NeuralTextures/619_620.mp4,
FaceForensics++,train,fit,620_619,619_620,620,619,1,NeuralTextures,NeuralTextures/620_619.mp4,
FaceForensics++,train,fit,627,627_658,627,,0,,original/627.mp4,
FaceForensics++,train,fit,658,627_658,658,,0,,original/658.mp4,
FaceForensics++,train,fit,627_658,627_658,627,658,1,DeepFakes,Deepfakes/627_658.mp4,
FaceForensics++,train,fit,658_627,627_658,658,627,1,DeepFakes,Deepfakes/658_627.mp4,
FaceForensics++,train,fit,627_658,627_658,627,658,1,Face2Face,Face2Face/627_658.mp4,
FaceForensics++,train,fit,658_627,627_658,658,627,1,Face2Face,Face2Face/658_627.mp4,
FaceForensics++,train,fit,627_658,627_658,627,658,1,FaceSwap,FaceSwap/627_658.mp4,
FaceForensics++,train,fit,658_627,627_658,658,627,1,FaceSwap,FaceSwap/658_627.mp4,
FaceForensics++,train,fit,627_658,627_658,627,658,1,NeuralTextures,NeuralTextures/627_658.mp4,
FaceForensics++,train,fit,658_627,627_658,658,627,1,NeuralTextures,NeuralTextures/658_627.mp4,
FaceForensics++,train,fit,635,635_642,635,,0,,original/635.mp4,
FaceForensics++,train,fit,642,635_642,642,,0,,original/642.mp4,
FaceForensics++,train,fit,635_642,635_642,635,642,1,DeepFakes,Deepfakes/635_642.mp4,
FaceForensics++,train,fit,642_635,635_642,642,635,1,DeepFakes,Deepfakes/642_635.mp4,
FaceForensics++,train,fit,635_642,635_642,635,642,1,Face2Face,Face2Face/635_642.mp4,
FaceForensics++,train,fit,642_635,635_642,642,635,1,Face2Face,Face2Face/642_635.mp4,
FaceForensics++,train,fit,635_642,635_642,635,642,1,FaceSwap,FaceSwap/635_642.mp4,
FaceForensics++,train,fit,642_635,635_642,642,635,1,FaceSwap,FaceSwap/642_635.mp4,
FaceForensics++,train,fit,635_642,635_642,635,642,1,NeuralTextures,NeuralTextures/635_642.mp4,
FaceForensics++,train,fit,642_635,635_642,642,635,1,NeuralTextures,NeuralTextures/642_635.mp4,
FaceForensics++,train,fit,639,639_841,639,,0,,original/639.mp4,
FaceForensics++,train,fit,841,639_841,841,,0,,original/841.mp4,
FaceForensics++,train,fit,639_841,639_841,639,841,1,DeepFakes,Deepfakes/639_841.mp4,
FaceForensics++,train,fit,841_639,639_841,841,639,1,DeepFakes,Deepfakes/841_639.mp4,
FaceForensics++,train,fit,639_841,639_841,639,841,1,Face2Face,Face2Face/639_841.mp4,
FaceForensics++,train,fit,841_639,639_841,841,639,1,Face2Face,Face2Face/841_639.mp4,
FaceForensics++,train,fit,639_841,639_841,639,841,1,FaceSwap,FaceSwap/639_841.mp4,
FaceForensics++,train,fit,841_639,639_841,841,639,1,FaceSwap,FaceSwap/841_639.mp4,
FaceForensics++,train,fit,639_841,639_841,639,841,1,NeuralTextures,NeuralTextures/639_841.mp4,
FaceForensics++,train,fit,841_639,639_841,841,639,1,NeuralTextures,NeuralTextures/841_639.mp4,
FaceForensics++,train,fit,641,641_662,641,,0,,original/641.mp4,
FaceForensics++,train,fit,662,641_662,662,,0,,original/662.mp4,
FaceForensics++,train,fit,641_662,641_662,641,662,1,DeepFakes,Deepfakes/641_662.mp4,
FaceForensics++,train,fit,662_641,641_662,662,641,1,DeepFakes,Deepfakes/662_641.mp4,
FaceForensics++,train,fit,641_662,641_662,641,662,1,Face2Face,Face2Face/641_662.mp4,
FaceForensics++,train,fit,662_641,641_662,662,641,1,Face2Face,Face2Face/662_641.mp4,
FaceForensics++,train,fit,641_662,641_662,641,662,1,FaceSwap,FaceSwap/641_662.mp4,
FaceForensics++,train,fit,662_641,641_662,662,641,1,FaceSwap,FaceSwap/662_641.mp4,
FaceForensics++,train,fit,641_662,641_662,641,662,1,NeuralTextures,NeuralTextures/641_662.mp4,
FaceForensics++,train,fit,662_641,641_662,662,641,1,NeuralTextures,NeuralTextures/662_641.mp4,
FaceForensics++,train,fit,643,643_646,643,,0,,original/643.mp4,
FaceForensics++,train,fit,646,643_646,646,,0,,original/646.mp4,
FaceForensics++,train,fit,643_646,643_646,643,646,1,DeepFakes,Deepfakes/643_646.mp4,
FaceForensics++,train,fit,646_643,643_646,646,643,1,DeepFakes,Deepfakes/646_643.mp4,
FaceForensics++,train,fit,643_646,643_646,643,646,1,Face2Face,Face2Face/643_646.mp4,
FaceForensics++,train,fit,646_643,643_646,646,643,1,Face2Face,Face2Face/646_643.mp4,
FaceForensics++,train,fit,643_646,643_646,643,646,1,FaceSwap,FaceSwap/643_646.mp4,
FaceForensics++,train,fit,646_643,643_646,646,643,1,FaceSwap,FaceSwap/646_643.mp4,
FaceForensics++,train,fit,643_646,643_646,643,646,1,NeuralTextures,NeuralTextures/643_646.mp4,
FaceForensics++,train,fit,646_643,643_646,646,643,1,NeuralTextures,NeuralTextures/646_643.mp4,
FaceForensics++,train,fit,644,644_657,644,,0,,original/644.mp4,
FaceForensics++,train,fit,657,644_657,657,,0,,original/657.mp4,
FaceForensics++,train,fit,644_657,644_657,644,657,1,DeepFakes,Deepfakes/644_657.mp4,
FaceForensics++,train,fit,657_644,644_657,657,644,1,DeepFakes,Deepfakes/657_644.mp4,
FaceForensics++,train,fit,644_657,644_657,644,657,1,Face2Face,Face2Face/644_657.mp4,
FaceForensics++,train,fit,657_644,644_657,657,644,1,Face2Face,Face2Face/657_644.mp4,
FaceForensics++,train,fit,644_657,644_657,644,657,1,FaceSwap,FaceSwap/644_657.mp4,
FaceForensics++,train,fit,657_644,644_657,657,644,1,FaceSwap,FaceSwap/657_644.mp4,
FaceForensics++,train,fit,644_657,644_657,644,657,1,NeuralTextures,NeuralTextures/644_657.mp4,
FaceForensics++,train,fit,657_644,644_657,657,644,1,NeuralTextures,NeuralTextures/657_644.mp4,
FaceForensics++,train,fit,645,645_688,645,,0,,original/645.mp4,
FaceForensics++,train,fit,688,645_688,688,,0,,original/688.mp4,
FaceForensics++,train,fit,645_688,645_688,645,688,1,DeepFakes,Deepfakes/645_688.mp4,
FaceForensics++,train,fit,688_645,645_688,688,645,1,DeepFakes,Deepfakes/688_645.mp4,
FaceForensics++,train,fit,645_688,645_688,645,688,1,Face2Face,Face2Face/645_688.mp4,
FaceForensics++,train,fit,688_645,645_688,688,645,1,Face2Face,Face2Face/688_645.mp4,
FaceForensics++,train,fit,645_688,645_688,645,688,1,FaceSwap,FaceSwap/645_688.mp4,
FaceForensics++,train,fit,688_645,645_688,688,645,1,FaceSwap,FaceSwap/688_645.mp4,
FaceForensics++,train,fit,645_688,645_688,645,688,1,NeuralTextures,NeuralTextures/645_688.mp4,
FaceForensics++,train,fit,688_645,645_688,688,645,1,NeuralTextures,NeuralTextures/688_645.mp4,
FaceForensics++,train,fit,648,648_654,648,,0,,original/648.mp4,
FaceForensics++,train,fit,654,648_654,654,,0,,original/654.mp4,
FaceForensics++,train,fit,648_654,648_654,648,654,1,DeepFakes,Deepfakes/648_654.mp4,
FaceForensics++,train,fit,654_648,648_654,654,648,1,DeepFakes,Deepfakes/654_648.mp4,
FaceForensics++,train,fit,648_654,648_654,648,654,1,Face2Face,Face2Face/648_654.mp4,
FaceForensics++,train,fit,654_648,648_654,654,648,1,Face2Face,Face2Face/654_648.mp4,
FaceForensics++,train,fit,648_654,648_654,648,654,1,FaceSwap,FaceSwap/648_654.mp4,
FaceForensics++,train,fit,654_648,648_654,654,648,1,FaceSwap,FaceSwap/654_648.mp4,
FaceForensics++,train,fit,648_654,648_654,648,654,1,NeuralTextures,NeuralTextures/648_654.mp4,
FaceForensics++,train,fit,654_648,648_654,654,648,1,NeuralTextures,NeuralTextures/654_648.mp4,
FaceForensics++,train,fit,652,652_773,652,,0,,original/652.mp4,
FaceForensics++,train,fit,773,652_773,773,,0,,original/773.mp4,
FaceForensics++,train,fit,652_773,652_773,652,773,1,DeepFakes,Deepfakes/652_773.mp4,
FaceForensics++,train,fit,773_652,652_773,773,652,1,DeepFakes,Deepfakes/773_652.mp4,
FaceForensics++,train,fit,652_773,652_773,652,773,1,Face2Face,Face2Face/652_773.mp4,
FaceForensics++,train,fit,773_652,652_773,773,652,1,Face2Face,Face2Face/773_652.mp4,
FaceForensics++,train,fit,652_773,652_773,652,773,1,FaceSwap,FaceSwap/652_773.mp4,
FaceForensics++,train,fit,773_652,652_773,773,652,1,FaceSwap,FaceSwap/773_652.mp4,
FaceForensics++,train,fit,652_773,652_773,652,773,1,NeuralTextures,NeuralTextures/652_773.mp4,
FaceForensics++,train,fit,773_652,652_773,773,652,1,NeuralTextures,NeuralTextures/773_652.mp4,
FaceForensics++,train,fit,659,659_749,659,,0,,original/659.mp4,
FaceForensics++,train,fit,749,659_749,749,,0,,original/749.mp4,
FaceForensics++,train,fit,659_749,659_749,659,749,1,DeepFakes,Deepfakes/659_749.mp4,
FaceForensics++,train,fit,749_659,659_749,749,659,1,DeepFakes,Deepfakes/749_659.mp4,
FaceForensics++,train,fit,659_749,659_749,659,749,1,Face2Face,Face2Face/659_749.mp4,
FaceForensics++,train,fit,749_659,659_749,749,659,1,Face2Face,Face2Face/749_659.mp4,
FaceForensics++,train,fit,659_749,659_749,659,749,1,FaceSwap,FaceSwap/659_749.mp4,
FaceForensics++,train,fit,749_659,659_749,749,659,1,FaceSwap,FaceSwap/749_659.mp4,
FaceForensics++,train,fit,659_749,659_749,659,749,1,NeuralTextures,NeuralTextures/659_749.mp4,
FaceForensics++,train,fit,749_659,659_749,749,659,1,NeuralTextures,NeuralTextures/749_659.mp4,
FaceForensics++,train,fit,665,665_679,665,,0,,original/665.mp4,
FaceForensics++,train,fit,679,665_679,679,,0,,original/679.mp4,
FaceForensics++,train,fit,665_679,665_679,665,679,1,DeepFakes,Deepfakes/665_679.mp4,
FaceForensics++,train,fit,679_665,665_679,679,665,1,DeepFakes,Deepfakes/679_665.mp4,
FaceForensics++,train,fit,665_679,665_679,665,679,1,Face2Face,Face2Face/665_679.mp4,
FaceForensics++,train,fit,679_665,665_679,679,665,1,Face2Face,Face2Face/679_665.mp4,
FaceForensics++,train,fit,665_679,665_679,665,679,1,FaceSwap,FaceSwap/665_679.mp4,
FaceForensics++,train,fit,679_665,665_679,679,665,1,FaceSwap,FaceSwap/679_665.mp4,
FaceForensics++,train,fit,665_679,665_679,665,679,1,NeuralTextures,NeuralTextures/665_679.mp4,
FaceForensics++,train,fit,679_665,665_679,679,665,1,NeuralTextures,NeuralTextures/679_665.mp4,
FaceForensics++,train,fit,673,673_728,673,,0,,original/673.mp4,
FaceForensics++,train,fit,728,673_728,728,,0,,original/728.mp4,
FaceForensics++,train,fit,673_728,673_728,673,728,1,DeepFakes,Deepfakes/673_728.mp4,
FaceForensics++,train,fit,728_673,673_728,728,673,1,DeepFakes,Deepfakes/728_673.mp4,
FaceForensics++,train,fit,673_728,673_728,673,728,1,Face2Face,Face2Face/673_728.mp4,
FaceForensics++,train,fit,728_673,673_728,728,673,1,Face2Face,Face2Face/728_673.mp4,
FaceForensics++,train,fit,673_728,673_728,673,728,1,FaceSwap,FaceSwap/673_728.mp4,
FaceForensics++,train,fit,728_673,673_728,728,673,1,FaceSwap,FaceSwap/728_673.mp4,
FaceForensics++,train,fit,673_728,673_728,673,728,1,NeuralTextures,NeuralTextures/673_728.mp4,
FaceForensics++,train,fit,728_673,673_728,728,673,1,NeuralTextures,NeuralTextures/728_673.mp4,
FaceForensics++,train,fit,676,676_776,676,,0,,original/676.mp4,
FaceForensics++,train,fit,776,676_776,776,,0,,original/776.mp4,
FaceForensics++,train,fit,676_776,676_776,676,776,1,DeepFakes,Deepfakes/676_776.mp4,
FaceForensics++,train,fit,776_676,676_776,776,676,1,DeepFakes,Deepfakes/776_676.mp4,
FaceForensics++,train,fit,676_776,676_776,676,776,1,Face2Face,Face2Face/676_776.mp4,
FaceForensics++,train,fit,776_676,676_776,776,676,1,Face2Face,Face2Face/776_676.mp4,
FaceForensics++,train,fit,676_776,676_776,676,776,1,FaceSwap,FaceSwap/676_776.mp4,
FaceForensics++,train,fit,776_676,676_776,776,676,1,FaceSwap,FaceSwap/776_676.mp4,
FaceForensics++,train,fit,676_776,676_776,676,776,1,NeuralTextures,NeuralTextures/676_776.mp4,
FaceForensics++,train,fit,776_676,676_776,776,676,1,NeuralTextures,NeuralTextures/776_676.mp4,
FaceForensics++,train,fit,681,681_711,681,,0,,original/681.mp4,
FaceForensics++,train,fit,711,681_711,711,,0,,original/711.mp4,
FaceForensics++,train,fit,681_711,681_711,681,711,1,DeepFakes,Deepfakes/681_711.mp4,
FaceForensics++,train,fit,711_681,681_711,711,681,1,DeepFakes,Deepfakes/711_681.mp4,
FaceForensics++,train,fit,681_711,681_711,681,711,1,Face2Face,Face2Face/681_711.mp4,
FaceForensics++,train,fit,711_681,681_711,711,681,1,Face2Face,Face2Face/711_681.mp4,
FaceForensics++,train,fit,681_711,681_711,681,711,1,FaceSwap,FaceSwap/681_711.mp4,
FaceForensics++,train,fit,711_681,681_711,711,681,1,FaceSwap,FaceSwap/711_681.mp4,
FaceForensics++,train,fit,681_711,681_711,681,711,1,NeuralTextures,NeuralTextures/681_711.mp4,
FaceForensics++,train,fit,711_681,681_711,711,681,1,NeuralTextures,NeuralTextures/711_681.mp4,
FaceForensics++,train,fit,684,684_717,684,,0,,original/684.mp4,
FaceForensics++,train,fit,717,684_717,717,,0,,original/717.mp4,
FaceForensics++,train,fit,684_717,684_717,684,717,1,DeepFakes,Deepfakes/684_717.mp4,
FaceForensics++,train,fit,717_684,684_717,717,684,1,DeepFakes,Deepfakes/717_684.mp4,
FaceForensics++,train,fit,684_717,684_717,684,717,1,Face2Face,Face2Face/684_717.mp4,
FaceForensics++,train,fit,717_684,684_717,717,684,1,Face2Face,Face2Face/717_684.mp4,
FaceForensics++,train,fit,684_717,684_717,684,717,1,FaceSwap,FaceSwap/684_717.mp4,
FaceForensics++,train,fit,717_684,684_717,717,684,1,FaceSwap,FaceSwap/717_684.mp4,
FaceForensics++,train,fit,684_717,684_717,684,717,1,NeuralTextures,NeuralTextures/684_717.mp4,
FaceForensics++,train,fit,717_684,684_717,717,684,1,NeuralTextures,NeuralTextures/717_684.mp4,
FaceForensics++,train,fit,686,686_696,686,,0,,original/686.mp4,
FaceForensics++,train,fit,696,686_696,696,,0,,original/696.mp4,
FaceForensics++,train,fit,686_696,686_696,686,696,1,DeepFakes,Deepfakes/686_696.mp4,
FaceForensics++,train,fit,696_686,686_696,696,686,1,DeepFakes,Deepfakes/696_686.mp4,
FaceForensics++,train,fit,686_696,686_696,686,696,1,Face2Face,Face2Face/686_696.mp4,
FaceForensics++,train,fit,696_686,686_696,696,686,1,Face2Face,Face2Face/696_686.mp4,
FaceForensics++,train,fit,686_696,686_696,686,696,1,FaceSwap,FaceSwap/686_696.mp4,
FaceForensics++,train,fit,696_686,686_696,696,686,1,FaceSwap,FaceSwap/696_686.mp4,
FaceForensics++,train,fit,686_696,686_696,686,696,1,NeuralTextures,NeuralTextures/686_696.mp4,
FaceForensics++,train,fit,696_686,686_696,696,686,1,NeuralTextures,NeuralTextures/696_686.mp4,
FaceForensics++,train,fit,689,689_690,689,,0,,original/689.mp4,
FaceForensics++,train,fit,690,689_690,690,,0,,original/690.mp4,
FaceForensics++,train,fit,689_690,689_690,689,690,1,DeepFakes,Deepfakes/689_690.mp4,
FaceForensics++,train,fit,690_689,689_690,690,689,1,DeepFakes,Deepfakes/690_689.mp4,
FaceForensics++,train,fit,689_690,689_690,689,690,1,Face2Face,Face2Face/689_690.mp4,
FaceForensics++,train,fit,690_689,689_690,690,689,1,Face2Face,Face2Face/690_689.mp4,
FaceForensics++,train,fit,689_690,689_690,689,690,1,FaceSwap,FaceSwap/689_690.mp4,
FaceForensics++,train,fit,690_689,689_690,690,689,1,FaceSwap,FaceSwap/690_689.mp4,
FaceForensics++,train,fit,689_690,689_690,689,690,1,NeuralTextures,NeuralTextures/689_690.mp4,
FaceForensics++,train,fit,690_689,689_690,690,689,1,NeuralTextures,NeuralTextures/690_689.mp4,
FaceForensics++,train,fit,693,693_698,693,,0,,original/693.mp4,
FaceForensics++,train,fit,698,693_698,698,,0,,original/698.mp4,
FaceForensics++,train,fit,693_698,693_698,693,698,1,DeepFakes,Deepfakes/693_698.mp4,
FaceForensics++,train,fit,698_693,693_698,698,693,1,DeepFakes,Deepfakes/698_693.mp4,
FaceForensics++,train,fit,693_698,693_698,693,698,1,Face2Face,Face2Face/693_698.mp4,
FaceForensics++,train,fit,698_693,693_698,698,693,1,Face2Face,Face2Face/698_693.mp4,
FaceForensics++,train,fit,693_698,693_698,693,698,1,FaceSwap,FaceSwap/693_698.mp4,
FaceForensics++,train,fit,698_693,693_698,698,693,1,FaceSwap,FaceSwap/698_693.mp4,
FaceForensics++,train,fit,693_698,693_698,693,698,1,NeuralTextures,NeuralTextures/693_698.mp4,
FaceForensics++,train,fit,698_693,693_698,698,693,1,NeuralTextures,NeuralTextures/698_693.mp4,
FaceForensics++,train,fit,694,694_767,694,,0,,original/694.mp4,
FaceForensics++,train,fit,767,694_767,767,,0,,original/767.mp4,
FaceForensics++,train,fit,694_767,694_767,694,767,1,DeepFakes,Deepfakes/694_767.mp4,
FaceForensics++,train,fit,767_694,694_767,767,694,1,DeepFakes,Deepfakes/767_694.mp4,
FaceForensics++,train,fit,694_767,694_767,694,767,1,Face2Face,Face2Face/694_767.mp4,
FaceForensics++,train,fit,767_694,694_767,767,694,1,Face2Face,Face2Face/767_694.mp4,
FaceForensics++,train,fit,694_767,694_767,694,767,1,FaceSwap,FaceSwap/694_767.mp4,
FaceForensics++,train,fit,767_694,694_767,767,694,1,FaceSwap,FaceSwap/767_694.mp4,
FaceForensics++,train,fit,694_767,694_767,694,767,1,NeuralTextures,NeuralTextures/694_767.mp4,
FaceForensics++,train,fit,767_694,694_767,767,694,1,NeuralTextures,NeuralTextures/767_694.mp4,
FaceForensics++,train,fit,699,699_734,699,,0,,original/699.mp4,
FaceForensics++,train,fit,734,699_734,734,,0,,original/734.mp4,
FaceForensics++,train,fit,699_734,699_734,699,734,1,DeepFakes,Deepfakes/699_734.mp4,
FaceForensics++,train,fit,734_699,699_734,734,699,1,DeepFakes,Deepfakes/734_699.mp4,
FaceForensics++,train,fit,699_734,699_734,699,734,1,Face2Face,Face2Face/699_734.mp4,
FaceForensics++,train,fit,734_699,699_734,734,699,1,Face2Face,Face2Face/734_699.mp4,
FaceForensics++,train,fit,699_734,699_734,699,734,1,FaceSwap,FaceSwap/699_734.mp4,
FaceForensics++,train,fit,734_699,699_734,734,699,1,FaceSwap,FaceSwap/734_699.mp4,
FaceForensics++,train,fit,699_734,699_734,699,734,1,NeuralTextures,NeuralTextures/699_734.mp4,
FaceForensics++,train,fit,734_699,699_734,734,699,1,NeuralTextures,NeuralTextures/734_699.mp4,
FaceForensics++,train,fit,700,700_813,700,,0,,original/700.mp4,
FaceForensics++,train,fit,813,700_813,813,,0,,original/813.mp4,
FaceForensics++,train,fit,700_813,700_813,700,813,1,DeepFakes,Deepfakes/700_813.mp4,
FaceForensics++,train,fit,813_700,700_813,813,700,1,DeepFakes,Deepfakes/813_700.mp4,
FaceForensics++,train,fit,700_813,700_813,700,813,1,Face2Face,Face2Face/700_813.mp4,
FaceForensics++,train,fit,813_700,700_813,813,700,1,Face2Face,Face2Face/813_700.mp4,
FaceForensics++,train,fit,700_813,700_813,700,813,1,FaceSwap,FaceSwap/700_813.mp4,
FaceForensics++,train,fit,813_700,700_813,813,700,1,FaceSwap,FaceSwap/813_700.mp4,
FaceForensics++,train,fit,700_813,700_813,700,813,1,NeuralTextures,NeuralTextures/700_813.mp4,
FaceForensics++,train,fit,813_700,700_813,813,700,1,NeuralTextures,NeuralTextures/813_700.mp4,
FaceForensics++,train,fit,704,704_723,704,,0,,original/704.mp4,
FaceForensics++,train,fit,723,704_723,723,,0,,original/723.mp4,
FaceForensics++,train,fit,704_723,704_723,704,723,1,DeepFakes,Deepfakes/704_723.mp4,
FaceForensics++,train,fit,723_704,704_723,723,704,1,DeepFakes,Deepfakes/723_704.mp4,
FaceForensics++,train,fit,704_723,704_723,704,723,1,Face2Face,Face2Face/704_723.mp4,
FaceForensics++,train,fit,723_704,704_723,723,704,1,Face2Face,Face2Face/723_704.mp4,
FaceForensics++,train,fit,704_723,704_723,704,723,1,FaceSwap,FaceSwap/704_723.mp4,
FaceForensics++,train,fit,723_704,704_723,723,704,1,FaceSwap,FaceSwap/723_704.mp4,
FaceForensics++,train,fit,704_723,704_723,704,723,1,NeuralTextures,NeuralTextures/704_723.mp4,
FaceForensics++,train,fit,723_704,704_723,723,704,1,NeuralTextures,NeuralTextures/723_704.mp4,
FaceForensics++,train,fit,708,708_772,708,,0,,original/708.mp4,
FaceForensics++,train,fit,772,708_772,772,,0,,original/772.mp4,
FaceForensics++,train,fit,708_772,708_772,708,772,1,DeepFakes,Deepfakes/708_772.mp4,
FaceForensics++,train,fit,772_708,708_772,772,708,1,DeepFakes,Deepfakes/772_708.mp4,
FaceForensics++,train,fit,708_772,708_772,708,772,1,Face2Face,Face2Face/708_772.mp4,
FaceForensics++,train,fit,772_708,708_772,772,708,1,Face2Face,Face2Face/772_708.mp4,
FaceForensics++,train,fit,708_772,708_772,708,772,1,FaceSwap,FaceSwap/708_772.mp4,
FaceForensics++,train,fit,772_708,708_772,772,708,1,FaceSwap,FaceSwap/772_708.mp4,
FaceForensics++,train,fit,708_772,708_772,708,772,1,NeuralTextures,NeuralTextures/708_772.mp4,
FaceForensics++,train,fit,772_708,708_772,772,708,1,NeuralTextures,NeuralTextures/772_708.mp4,
FaceForensics++,train,fit,710,710_788,710,,0,,original/710.mp4,
FaceForensics++,train,fit,788,710_788,788,,0,,original/788.mp4,
FaceForensics++,train,fit,710_788,710_788,710,788,1,DeepFakes,Deepfakes/710_788.mp4,
FaceForensics++,train,fit,788_710,710_788,788,710,1,DeepFakes,Deepfakes/788_710.mp4,
FaceForensics++,train,fit,710_788,710_788,710,788,1,Face2Face,Face2Face/710_788.mp4,
FaceForensics++,train,fit,788_710,710_788,788,710,1,Face2Face,Face2Face/788_710.mp4,
FaceForensics++,train,fit,710_788,710_788,710,788,1,FaceSwap,FaceSwap/710_788.mp4,
FaceForensics++,train,fit,788_710,710_788,788,710,1,FaceSwap,FaceSwap/788_710.mp4,
FaceForensics++,train,fit,710_788,710_788,710,788,1,NeuralTextures,NeuralTextures/710_788.mp4,
FaceForensics++,train,fit,788_710,710_788,788,710,1,NeuralTextures,NeuralTextures/788_710.mp4,
FaceForensics++,train,fit,713,713_726,713,,0,,original/713.mp4,
FaceForensics++,train,fit,726,713_726,726,,0,,original/726.mp4,
FaceForensics++,train,fit,713_726,713_726,713,726,1,DeepFakes,Deepfakes/713_726.mp4,
FaceForensics++,train,fit,726_713,713_726,726,713,1,DeepFakes,Deepfakes/726_713.mp4,
FaceForensics++,train,fit,713_726,713_726,713,726,1,Face2Face,Face2Face/713_726.mp4,
FaceForensics++,train,fit,726_713,713_726,726,713,1,Face2Face,Face2Face/726_713.mp4,
FaceForensics++,train,fit,713_726,713_726,713,726,1,FaceSwap,FaceSwap/713_726.mp4,
FaceForensics++,train,fit,726_713,713_726,726,713,1,FaceSwap,FaceSwap/726_713.mp4,
FaceForensics++,train,fit,713_726,713_726,713,726,1,NeuralTextures,NeuralTextures/713_726.mp4,
FaceForensics++,train,fit,726_713,713_726,726,713,1,NeuralTextures,NeuralTextures/726_713.mp4,
FaceForensics++,train,fit,715,715_721,715,,0,,original/715.mp4,
FaceForensics++,train,fit,721,715_721,721,,0,,original/721.mp4,
FaceForensics++,train,fit,715_721,715_721,715,721,1,DeepFakes,Deepfakes/715_721.mp4,
FaceForensics++,train,fit,721_715,715_721,721,715,1,DeepFakes,Deepfakes/721_715.mp4,
FaceForensics++,train,fit,715_721,715_721,715,721,1,Face2Face,Face2Face/715_721.mp4,
FaceForensics++,train,fit,721_715,715_721,721,715,1,Face2Face,Face2Face/721_715.mp4,
FaceForensics++,train,fit,715_721,715_721,715,721,1,FaceSwap,FaceSwap/715_721.mp4,
FaceForensics++,train,fit,721_715,715_721,721,715,1,FaceSwap,FaceSwap/721_715.mp4,
FaceForensics++,train,fit,715_721,715_721,715,721,1,NeuralTextures,NeuralTextures/715_721.mp4,
FaceForensics++,train,fit,721_715,715_721,721,715,1,NeuralTextures,NeuralTextures/721_715.mp4,
FaceForensics++,train,fit,718,718_972,718,,0,,original/718.mp4,
FaceForensics++,train,fit,972,718_972,972,,0,,original/972.mp4,
FaceForensics++,train,fit,718_972,718_972,718,972,1,DeepFakes,Deepfakes/718_972.mp4,
FaceForensics++,train,fit,972_718,718_972,972,718,1,DeepFakes,Deepfakes/972_718.mp4,
FaceForensics++,train,fit,718_972,718_972,718,972,1,Face2Face,Face2Face/718_972.mp4,
FaceForensics++,train,fit,972_718,718_972,972,718,1,Face2Face,Face2Face/972_718.mp4,
FaceForensics++,train,fit,718_972,718_972,718,972,1,FaceSwap,FaceSwap/718_972.mp4,
FaceForensics++,train,fit,972_718,718_972,972,718,1,FaceSwap,FaceSwap/972_718.mp4,
FaceForensics++,train,fit,718_972,718_972,718,972,1,NeuralTextures,NeuralTextures/718_972.mp4,
FaceForensics++,train,fit,972_718,718_972,972,718,1,NeuralTextures,NeuralTextures/972_718.mp4,
FaceForensics++,train,fit,719,719_737,719,,0,,original/719.mp4,
FaceForensics++,train,fit,737,719_737,737,,0,,original/737.mp4,
FaceForensics++,train,fit,719_737,719_737,719,737,1,DeepFakes,Deepfakes/719_737.mp4,
FaceForensics++,train,fit,737_719,719_737,737,719,1,DeepFakes,Deepfakes/737_719.mp4,
FaceForensics++,train,fit,719_737,719_737,719,737,1,Face2Face,Face2Face/719_737.mp4,
FaceForensics++,train,fit,737_719,719_737,737,719,1,Face2Face,Face2Face/737_719.mp4,
FaceForensics++,train,fit,719_737,719_737,719,737,1,FaceSwap,FaceSwap/719_737.mp4,
FaceForensics++,train,fit,737_719,719_737,737,719,1,FaceSwap,FaceSwap/737_719.mp4,
FaceForensics++,train,fit,719_737,719_737,719,737,1,NeuralTextures,NeuralTextures/719_737.mp4,
FaceForensics++,train,fit,737_719,719_737,737,719,1,NeuralTextures,NeuralTextures/737_719.mp4,
FaceForensics++,train,fit,730,730_815,730,,0,,original/730.mp4,
FaceForensics++,train,fit,815,730_815,815,,0,,original/815.mp4,
FaceForensics++,train,fit,730_815,730_815,730,815,1,DeepFakes,Deepfakes/730_815.mp4,
FaceForensics++,train,fit,815_730,730_815,815,730,1,DeepFakes,Deepfakes/815_730.mp4,
FaceForensics++,train,fit,730_815,730_815,730,815,1,Face2Face,Face2Face/730_815.mp4,
FaceForensics++,train,fit,815_730,730_815,815,730,1,Face2Face,Face2Face/815_730.mp4,
FaceForensics++,train,fit,730_815,730_815,730,815,1,FaceSwap,FaceSwap/730_815.mp4,
FaceForensics++,train,fit,815_730,730_815,815,730,1,FaceSwap,FaceSwap/815_730.mp4,
FaceForensics++,train,fit,730_815,730_815,730,815,1,NeuralTextures,NeuralTextures/730_815.mp4,
FaceForensics++,train,fit,815_730,730_815,815,730,1,NeuralTextures,NeuralTextures/815_730.mp4,
FaceForensics++,train,fit,735,735_774,735,,0,,original/735.mp4,
FaceForensics++,train,fit,774,735_774,774,,0,,original/774.mp4,
FaceForensics++,train,fit,735_774,735_774,735,774,1,DeepFakes,Deepfakes/735_774.mp4,
FaceForensics++,train,fit,774_735,735_774,774,735,1,DeepFakes,Deepfakes/774_735.mp4,
FaceForensics++,train,fit,735_774,735_774,735,774,1,Face2Face,Face2Face/735_774.mp4,
FaceForensics++,train,fit,774_735,735_774,774,735,1,Face2Face,Face2Face/774_735.mp4,
FaceForensics++,train,fit,735_774,735_774,735,774,1,FaceSwap,FaceSwap/735_774.mp4,
FaceForensics++,train,fit,774_735,735_774,774,735,1,FaceSwap,FaceSwap/774_735.mp4,
FaceForensics++,train,fit,735_774,735_774,735,774,1,NeuralTextures,NeuralTextures/735_774.mp4,
FaceForensics++,train,fit,774_735,735_774,774,735,1,NeuralTextures,NeuralTextures/774_735.mp4,
FaceForensics++,train,fit,736,736_785,736,,0,,original/736.mp4,
FaceForensics++,train,fit,785,736_785,785,,0,,original/785.mp4,
FaceForensics++,train,fit,736_785,736_785,736,785,1,DeepFakes,Deepfakes/736_785.mp4,
FaceForensics++,train,fit,785_736,736_785,785,736,1,DeepFakes,Deepfakes/785_736.mp4,
FaceForensics++,train,fit,736_785,736_785,736,785,1,Face2Face,Face2Face/736_785.mp4,
FaceForensics++,train,fit,785_736,736_785,785,736,1,Face2Face,Face2Face/785_736.mp4,
FaceForensics++,train,fit,736_785,736_785,736,785,1,FaceSwap,FaceSwap/736_785.mp4,
FaceForensics++,train,fit,785_736,736_785,785,736,1,FaceSwap,FaceSwap/785_736.mp4,
FaceForensics++,train,fit,736_785,736_785,736,785,1,NeuralTextures,NeuralTextures/736_785.mp4,
FaceForensics++,train,fit,785_736,736_785,785,736,1,NeuralTextures,NeuralTextures/785_736.mp4,
FaceForensics++,train,fit,738,738_804,738,,0,,original/738.mp4,
FaceForensics++,train,fit,804,738_804,804,,0,,original/804.mp4,
FaceForensics++,train,fit,738_804,738_804,738,804,1,DeepFakes,Deepfakes/738_804.mp4,
FaceForensics++,train,fit,804_738,738_804,804,738,1,DeepFakes,Deepfakes/804_738.mp4,
FaceForensics++,train,fit,738_804,738_804,738,804,1,Face2Face,Face2Face/738_804.mp4,
FaceForensics++,train,fit,804_738,738_804,804,738,1,Face2Face,Face2Face/804_738.mp4,
FaceForensics++,train,fit,738_804,738_804,738,804,1,FaceSwap,FaceSwap/738_804.mp4,
FaceForensics++,train,fit,804_738,738_804,804,738,1,FaceSwap,FaceSwap/804_738.mp4,
FaceForensics++,train,fit,738_804,738_804,738,804,1,NeuralTextures,NeuralTextures/738_804.mp4,
FaceForensics++,train,fit,804_738,738_804,804,738,1,NeuralTextures,NeuralTextures/804_738.mp4,
FaceForensics++,train,fit,740,740_796,740,,0,,original/740.mp4,
FaceForensics++,train,fit,796,740_796,796,,0,,original/796.mp4,
FaceForensics++,train,fit,740_796,740_796,740,796,1,DeepFakes,Deepfakes/740_796.mp4,
FaceForensics++,train,fit,796_740,740_796,796,740,1,DeepFakes,Deepfakes/796_740.mp4,
FaceForensics++,train,fit,740_796,740_796,740,796,1,Face2Face,Face2Face/740_796.mp4,
FaceForensics++,train,fit,796_740,740_796,796,740,1,Face2Face,Face2Face/796_740.mp4,
FaceForensics++,train,fit,740_796,740_796,740,796,1,FaceSwap,FaceSwap/740_796.mp4,
FaceForensics++,train,fit,796_740,740_796,796,740,1,FaceSwap,FaceSwap/796_740.mp4,
FaceForensics++,train,fit,740_796,740_796,740,796,1,NeuralTextures,NeuralTextures/740_796.mp4,
FaceForensics++,train,fit,796_740,740_796,796,740,1,NeuralTextures,NeuralTextures/796_740.mp4,
FaceForensics++,train,fit,743,743_750,743,,0,,original/743.mp4,
FaceForensics++,train,fit,750,743_750,750,,0,,original/750.mp4,
FaceForensics++,train,fit,743_750,743_750,743,750,1,DeepFakes,Deepfakes/743_750.mp4,
FaceForensics++,train,fit,750_743,743_750,750,743,1,DeepFakes,Deepfakes/750_743.mp4,
FaceForensics++,train,fit,743_750,743_750,743,750,1,Face2Face,Face2Face/743_750.mp4,
FaceForensics++,train,fit,750_743,743_750,750,743,1,Face2Face,Face2Face/750_743.mp4,
FaceForensics++,train,fit,743_750,743_750,743,750,1,FaceSwap,FaceSwap/743_750.mp4,
FaceForensics++,train,fit,750_743,743_750,750,743,1,FaceSwap,FaceSwap/750_743.mp4,
FaceForensics++,train,fit,743_750,743_750,743,750,1,NeuralTextures,NeuralTextures/743_750.mp4,
FaceForensics++,train,fit,750_743,743_750,750,743,1,NeuralTextures,NeuralTextures/750_743.mp4,
FaceForensics++,train,fit,747,747_854,747,,0,,original/747.mp4,
FaceForensics++,train,fit,854,747_854,854,,0,,original/854.mp4,
FaceForensics++,train,fit,747_854,747_854,747,854,1,DeepFakes,Deepfakes/747_854.mp4,
FaceForensics++,train,fit,854_747,747_854,854,747,1,DeepFakes,Deepfakes/854_747.mp4,
FaceForensics++,train,fit,747_854,747_854,747,854,1,Face2Face,Face2Face/747_854.mp4,
FaceForensics++,train,fit,854_747,747_854,854,747,1,Face2Face,Face2Face/854_747.mp4,
FaceForensics++,train,fit,747_854,747_854,747,854,1,FaceSwap,FaceSwap/747_854.mp4,
FaceForensics++,train,fit,854_747,747_854,854,747,1,FaceSwap,FaceSwap/854_747.mp4,
FaceForensics++,train,fit,747_854,747_854,747,854,1,NeuralTextures,NeuralTextures/747_854.mp4,
FaceForensics++,train,fit,854_747,747_854,854,747,1,NeuralTextures,NeuralTextures/854_747.mp4,
FaceForensics++,train,fit,751,751_752,751,,0,,original/751.mp4,
FaceForensics++,train,fit,752,751_752,752,,0,,original/752.mp4,
FaceForensics++,train,fit,751_752,751_752,751,752,1,DeepFakes,Deepfakes/751_752.mp4,
FaceForensics++,train,fit,752_751,751_752,752,751,1,DeepFakes,Deepfakes/752_751.mp4,
FaceForensics++,train,fit,751_752,751_752,751,752,1,Face2Face,Face2Face/751_752.mp4,
FaceForensics++,train,fit,752_751,751_752,752,751,1,Face2Face,Face2Face/752_751.mp4,
FaceForensics++,train,fit,751_752,751_752,751,752,1,FaceSwap,FaceSwap/751_752.mp4,
FaceForensics++,train,fit,752_751,751_752,752,751,1,FaceSwap,FaceSwap/752_751.mp4,
FaceForensics++,train,fit,751_752,751_752,751,752,1,NeuralTextures,NeuralTextures/751_752.mp4,
FaceForensics++,train,fit,752_751,751_752,752,751,1,NeuralTextures,NeuralTextures/752_751.mp4,
FaceForensics++,train,fit,754,754_758,754,,0,,original/754.mp4,
FaceForensics++,train,fit,758,754_758,758,,0,,original/758.mp4,
FaceForensics++,train,fit,754_758,754_758,754,758,1,DeepFakes,Deepfakes/754_758.mp4,
FaceForensics++,train,fit,758_754,754_758,758,754,1,DeepFakes,Deepfakes/758_754.mp4,
FaceForensics++,train,fit,754_758,754_758,754,758,1,Face2Face,Face2Face/754_758.mp4,
FaceForensics++,train,fit,758_754,754_758,758,754,1,Face2Face,Face2Face/758_754.mp4,
FaceForensics++,train,fit,754_758,754_758,754,758,1,FaceSwap,FaceSwap/754_758.mp4,
FaceForensics++,train,fit,758_754,754_758,758,754,1,FaceSwap,FaceSwap/758_754.mp4,
FaceForensics++,train,fit,754_758,754_758,754,758,1,NeuralTextures,NeuralTextures/754_758.mp4,
FaceForensics++,train,fit,758_754,754_758,758,754,1,NeuralTextures,NeuralTextures/758_754.mp4,
FaceForensics++,train,fit,761,761_766,761,,0,,original/761.mp4,
FaceForensics++,train,fit,766,761_766,766,,0,,original/766.mp4,
FaceForensics++,train,fit,761_766,761_766,761,766,1,DeepFakes,Deepfakes/761_766.mp4,
FaceForensics++,train,fit,766_761,761_766,766,761,1,DeepFakes,Deepfakes/766_761.mp4,
FaceForensics++,train,fit,761_766,761_766,761,766,1,Face2Face,Face2Face/761_766.mp4,
FaceForensics++,train,fit,766_761,761_766,766,761,1,Face2Face,Face2Face/766_761.mp4,
FaceForensics++,train,fit,761_766,761_766,761,766,1,FaceSwap,FaceSwap/761_766.mp4,
FaceForensics++,train,fit,766_761,761_766,766,761,1,FaceSwap,FaceSwap/766_761.mp4,
FaceForensics++,train,fit,761_766,761_766,761,766,1,NeuralTextures,NeuralTextures/761_766.mp4,
FaceForensics++,train,fit,766_761,761_766,766,761,1,NeuralTextures,NeuralTextures/766_761.mp4,
FaceForensics++,train,fit,764,764_850,764,,0,,original/764.mp4,
FaceForensics++,train,fit,850,764_850,850,,0,,original/850.mp4,
FaceForensics++,train,fit,764_850,764_850,764,850,1,DeepFakes,Deepfakes/764_850.mp4,
FaceForensics++,train,fit,850_764,764_850,850,764,1,DeepFakes,Deepfakes/850_764.mp4,
FaceForensics++,train,fit,764_850,764_850,764,850,1,Face2Face,Face2Face/764_850.mp4,
FaceForensics++,train,fit,850_764,764_850,850,764,1,Face2Face,Face2Face/850_764.mp4,
FaceForensics++,train,fit,764_850,764_850,764,850,1,FaceSwap,FaceSwap/764_850.mp4,
FaceForensics++,train,fit,850_764,764_850,850,764,1,FaceSwap,FaceSwap/850_764.mp4,
FaceForensics++,train,fit,764_850,764_850,764,850,1,NeuralTextures,NeuralTextures/764_850.mp4,
FaceForensics++,train,fit,850_764,764_850,850,764,1,NeuralTextures,NeuralTextures/850_764.mp4,
FaceForensics++,train,fit,765,765_867,765,,0,,original/765.mp4,
FaceForensics++,train,fit,867,765_867,867,,0,,original/867.mp4,
FaceForensics++,train,fit,765_867,765_867,765,867,1,DeepFakes,Deepfakes/765_867.mp4,
FaceForensics++,train,fit,867_765,765_867,867,765,1,DeepFakes,Deepfakes/867_765.mp4,
FaceForensics++,train,fit,765_867,765_867,765,867,1,Face2Face,Face2Face/765_867.mp4,
FaceForensics++,train,fit,867_765,765_867,867,765,1,Face2Face,Face2Face/867_765.mp4,
FaceForensics++,train,fit,765_867,765_867,765,867,1,FaceSwap,FaceSwap/765_867.mp4,
FaceForensics++,train,fit,867_765,765_867,867,765,1,FaceSwap,FaceSwap/867_765.mp4,
FaceForensics++,train,fit,765_867,765_867,765,867,1,NeuralTextures,NeuralTextures/765_867.mp4,
FaceForensics++,train,fit,867_765,765_867,867,765,1,NeuralTextures,NeuralTextures/867_765.mp4,
FaceForensics++,train,fit,769,769_784,769,,0,,original/769.mp4,
FaceForensics++,train,fit,784,769_784,784,,0,,original/784.mp4,
FaceForensics++,train,fit,769_784,769_784,769,784,1,DeepFakes,Deepfakes/769_784.mp4,
FaceForensics++,train,fit,784_769,769_784,784,769,1,DeepFakes,Deepfakes/784_769.mp4,
FaceForensics++,train,fit,769_784,769_784,769,784,1,Face2Face,Face2Face/769_784.mp4,
FaceForensics++,train,fit,784_769,769_784,784,769,1,Face2Face,Face2Face/784_769.mp4,
FaceForensics++,train,fit,769_784,769_784,769,784,1,FaceSwap,FaceSwap/769_784.mp4,
FaceForensics++,train,fit,784_769,769_784,784,769,1,FaceSwap,FaceSwap/784_769.mp4,
FaceForensics++,train,fit,769_784,769_784,769,784,1,NeuralTextures,NeuralTextures/769_784.mp4,
FaceForensics++,train,fit,784_769,769_784,784,769,1,NeuralTextures,NeuralTextures/784_769.mp4,
FaceForensics++,train,fit,770,770_791,770,,0,,original/770.mp4,
FaceForensics++,train,fit,791,770_791,791,,0,,original/791.mp4,
FaceForensics++,train,fit,770_791,770_791,770,791,1,DeepFakes,Deepfakes/770_791.mp4,
FaceForensics++,train,fit,791_770,770_791,791,770,1,DeepFakes,Deepfakes/791_770.mp4,
FaceForensics++,train,fit,770_791,770_791,770,791,1,Face2Face,Face2Face/770_791.mp4,
FaceForensics++,train,fit,791_770,770_791,791,770,1,Face2Face,Face2Face/791_770.mp4,
FaceForensics++,train,fit,770_791,770_791,770,791,1,FaceSwap,FaceSwap/770_791.mp4,
FaceForensics++,train,fit,791_770,770_791,791,770,1,FaceSwap,FaceSwap/791_770.mp4,
FaceForensics++,train,fit,770_791,770_791,770,791,1,NeuralTextures,NeuralTextures/770_791.mp4,
FaceForensics++,train,fit,791_770,770_791,791,770,1,NeuralTextures,NeuralTextures/791_770.mp4,
FaceForensics++,train,fit,771,771_849,771,,0,,original/771.mp4,
FaceForensics++,train,fit,849,771_849,849,,0,,original/849.mp4,
FaceForensics++,train,fit,771_849,771_849,771,849,1,DeepFakes,Deepfakes/771_849.mp4,
FaceForensics++,train,fit,849_771,771_849,849,771,1,DeepFakes,Deepfakes/849_771.mp4,
FaceForensics++,train,fit,771_849,771_849,771,849,1,Face2Face,Face2Face/771_849.mp4,
FaceForensics++,train,fit,849_771,771_849,849,771,1,Face2Face,Face2Face/849_771.mp4,
FaceForensics++,train,fit,771_849,771_849,771,849,1,FaceSwap,FaceSwap/771_849.mp4,
FaceForensics++,train,fit,849_771,771_849,849,771,1,FaceSwap,FaceSwap/849_771.mp4,
FaceForensics++,train,fit,771_849,771_849,771,849,1,NeuralTextures,NeuralTextures/771_849.mp4,
FaceForensics++,train,fit,849_771,771_849,849,771,1,NeuralTextures,NeuralTextures/849_771.mp4,
FaceForensics++,train,fit,778,778_798,778,,0,,original/778.mp4,
FaceForensics++,train,fit,798,778_798,798,,0,,original/798.mp4,
FaceForensics++,train,fit,778_798,778_798,778,798,1,DeepFakes,Deepfakes/778_798.mp4,
FaceForensics++,train,fit,798_778,778_798,798,778,1,DeepFakes,Deepfakes/798_778.mp4,
FaceForensics++,train,fit,778_798,778_798,778,798,1,Face2Face,Face2Face/778_798.mp4,
FaceForensics++,train,fit,798_778,778_798,798,778,1,Face2Face,Face2Face/798_778.mp4,
FaceForensics++,train,fit,778_798,778_798,778,798,1,FaceSwap,FaceSwap/778_798.mp4,
FaceForensics++,train,fit,798_778,778_798,798,778,1,FaceSwap,FaceSwap/798_778.mp4,
FaceForensics++,train,fit,778_798,778_798,778,798,1,NeuralTextures,NeuralTextures/778_798.mp4,
FaceForensics++,train,fit,798_778,778_798,798,778,1,NeuralTextures,NeuralTextures/798_778.mp4,
FaceForensics++,train,fit,780,780_869,780,,0,,original/780.mp4,
FaceForensics++,train,fit,869,780_869,869,,0,,original/869.mp4,
FaceForensics++,train,fit,780_869,780_869,780,869,1,DeepFakes,Deepfakes/780_869.mp4,
FaceForensics++,train,fit,869_780,780_869,869,780,1,DeepFakes,Deepfakes/869_780.mp4,
FaceForensics++,train,fit,780_869,780_869,780,869,1,Face2Face,Face2Face/780_869.mp4,
FaceForensics++,train,fit,869_780,780_869,869,780,1,Face2Face,Face2Face/869_780.mp4,
FaceForensics++,train,fit,780_869,780_869,780,869,1,FaceSwap,FaceSwap/780_869.mp4,
FaceForensics++,train,fit,869_780,780_869,869,780,1,FaceSwap,FaceSwap/869_780.mp4,
FaceForensics++,train,fit,780_869,780_869,780,869,1,NeuralTextures,NeuralTextures/780_869.mp4,
FaceForensics++,train,fit,869_780,780_869,869,780,1,NeuralTextures,NeuralTextures/869_780.mp4,
FaceForensics++,train,fit,781,781_806,781,,0,,original/781.mp4,
FaceForensics++,train,fit,806,781_806,806,,0,,original/806.mp4,
FaceForensics++,train,fit,781_806,781_806,781,806,1,DeepFakes,Deepfakes/781_806.mp4,
FaceForensics++,train,fit,806_781,781_806,806,781,1,DeepFakes,Deepfakes/806_781.mp4,
FaceForensics++,train,fit,781_806,781_806,781,806,1,Face2Face,Face2Face/781_806.mp4,
FaceForensics++,train,fit,806_781,781_806,806,781,1,Face2Face,Face2Face/806_781.mp4,
FaceForensics++,train,fit,781_806,781_806,781,806,1,FaceSwap,FaceSwap/781_806.mp4,
FaceForensics++,train,fit,806_781,781_806,806,781,1,FaceSwap,FaceSwap/806_781.mp4,
FaceForensics++,train,fit,781_806,781_806,781,806,1,NeuralTextures,NeuralTextures/781_806.mp4,
FaceForensics++,train,fit,806_781,781_806,806,781,1,NeuralTextures,NeuralTextures/806_781.mp4,
FaceForensics++,train,fit,782,782_787,782,,0,,original/782.mp4,
FaceForensics++,train,fit,787,782_787,787,,0,,original/787.mp4,
FaceForensics++,train,fit,782_787,782_787,782,787,1,DeepFakes,Deepfakes/782_787.mp4,
FaceForensics++,train,fit,787_782,782_787,787,782,1,DeepFakes,Deepfakes/787_782.mp4,
FaceForensics++,train,fit,782_787,782_787,782,787,1,Face2Face,Face2Face/782_787.mp4,
FaceForensics++,train,fit,787_782,782_787,787,782,1,Face2Face,Face2Face/787_782.mp4,
FaceForensics++,train,fit,782_787,782_787,782,787,1,FaceSwap,FaceSwap/782_787.mp4,
FaceForensics++,train,fit,787_782,782_787,787,782,1,FaceSwap,FaceSwap/787_782.mp4,
FaceForensics++,train,fit,782_787,782_787,782,787,1,NeuralTextures,NeuralTextures/782_787.mp4,
FaceForensics++,train,fit,787_782,782_787,787,782,1,NeuralTextures,NeuralTextures/787_782.mp4,
FaceForensics++,train,fit,783,783_916,783,,0,,original/783.mp4,
FaceForensics++,train,fit,916,783_916,916,,0,,original/916.mp4,
FaceForensics++,train,fit,783_916,783_916,783,916,1,DeepFakes,Deepfakes/783_916.mp4,
FaceForensics++,train,fit,916_783,783_916,916,783,1,DeepFakes,Deepfakes/916_783.mp4,
FaceForensics++,train,fit,783_916,783_916,783,916,1,Face2Face,Face2Face/783_916.mp4,
FaceForensics++,train,fit,916_783,783_916,916,783,1,Face2Face,Face2Face/916_783.mp4,
FaceForensics++,train,fit,783_916,783_916,783,916,1,FaceSwap,FaceSwap/783_916.mp4,
FaceForensics++,train,fit,916_783,783_916,916,783,1,FaceSwap,FaceSwap/916_783.mp4,
FaceForensics++,train,fit,783_916,783_916,783,916,1,NeuralTextures,NeuralTextures/783_916.mp4,
FaceForensics++,train,fit,916_783,783_916,916,783,1,NeuralTextures,NeuralTextures/916_783.mp4,
FaceForensics++,train,fit,786,786_819,786,,0,,original/786.mp4,
FaceForensics++,train,fit,819,786_819,819,,0,,original/819.mp4,
FaceForensics++,train,fit,786_819,786_819,786,819,1,DeepFakes,Deepfakes/786_819.mp4,
FaceForensics++,train,fit,819_786,786_819,819,786,1,DeepFakes,Deepfakes/819_786.mp4,
FaceForensics++,train,fit,786_819,786_819,786,819,1,Face2Face,Face2Face/786_819.mp4,
FaceForensics++,train,fit,819_786,786_819,819,786,1,Face2Face,Face2Face/819_786.mp4,
FaceForensics++,train,fit,786_819,786_819,786,819,1,FaceSwap,FaceSwap/786_819.mp4,
FaceForensics++,train,fit,819_786,786_819,819,786,1,FaceSwap,FaceSwap/819_786.mp4,
FaceForensics++,train,fit,786_819,786_819,786,819,1,NeuralTextures,NeuralTextures/786_819.mp4,
FaceForensics++,train,fit,819_786,786_819,819,786,1,NeuralTextures,NeuralTextures/819_786.mp4,
FaceForensics++,train,fit,792,792_903,792,,0,,original/792.mp4,
FaceForensics++,train,fit,903,792_903,903,,0,,original/903.mp4,
FaceForensics++,train,fit,792_903,792_903,792,903,1,DeepFakes,Deepfakes/792_903.mp4,
FaceForensics++,train,fit,903_792,792_903,903,792,1,DeepFakes,Deepfakes/903_792.mp4,
FaceForensics++,train,fit,792_903,792_903,792,903,1,Face2Face,Face2Face/792_903.mp4,
FaceForensics++,train,fit,903_792,792_903,903,792,1,Face2Face,Face2Face/903_792.mp4,
FaceForensics++,train,fit,792_903,792_903,792,903,1,FaceSwap,FaceSwap/792_903.mp4,
FaceForensics++,train,fit,903_792,792_903,903,792,1,FaceSwap,FaceSwap/903_792.mp4,
FaceForensics++,train,fit,792_903,792_903,792,903,1,NeuralTextures,NeuralTextures/792_903.mp4,
FaceForensics++,train,fit,903_792,792_903,903,792,1,NeuralTextures,NeuralTextures/903_792.mp4,
FaceForensics++,train,fit,797,797_844,797,,0,,original/797.mp4,
FaceForensics++,train,fit,844,797_844,844,,0,,original/844.mp4,
FaceForensics++,train,fit,797_844,797_844,797,844,1,DeepFakes,Deepfakes/797_844.mp4,
FaceForensics++,train,fit,844_797,797_844,844,797,1,DeepFakes,Deepfakes/844_797.mp4,
FaceForensics++,train,fit,797_844,797_844,797,844,1,Face2Face,Face2Face/797_844.mp4,
FaceForensics++,train,fit,844_797,797_844,844,797,1,Face2Face,Face2Face/844_797.mp4,
FaceForensics++,train,fit,797_844,797_844,797,844,1,FaceSwap,FaceSwap/797_844.mp4,
FaceForensics++,train,fit,844_797,797_844,844,797,1,FaceSwap,FaceSwap/844_797.mp4,
FaceForensics++,train,fit,797_844,797_844,797,844,1,NeuralTextures,NeuralTextures/797_844.mp4,
FaceForensics++,train,fit,844_797,797_844,844,797,1,NeuralTextures,NeuralTextures/844_797.mp4,
FaceForensics++,train,fit,799,799_809,799,,0,,original/799.mp4,
FaceForensics++,train,fit,809,799_809,809,,0,,original/809.mp4,
FaceForensics++,train,fit,799_809,799_809,799,809,1,DeepFakes,Deepfakes/799_809.mp4,
FaceForensics++,train,fit,809_799,799_809,809,799,1,DeepFakes,Deepfakes/809_799.mp4,
FaceForensics++,train,fit,799_809,799_809,799,809,1,Face2Face,Face2Face/799_809.mp4,
FaceForensics++,train,fit,809_799,799_809,809,799,1,Face2Face,Face2Face/809_799.mp4,
FaceForensics++,train,fit,799_809,799_809,799,809,1,FaceSwap,FaceSwap/799_809.mp4,
FaceForensics++,train,fit,809_799,799_809,809,799,1,FaceSwap,FaceSwap/809_799.mp4,
FaceForensics++,train,fit,799_809,799_809,799,809,1,NeuralTextures,NeuralTextures/799_809.mp4,
FaceForensics++,train,fit,809_799,799_809,809,799,1,NeuralTextures,NeuralTextures/809_799.mp4,
FaceForensics++,train,fit,800,800_840,800,,0,,original/800.mp4,
FaceForensics++,train,fit,840,800_840,840,,0,,original/840.mp4,
FaceForensics++,train,fit,800_840,800_840,800,840,1,DeepFakes,Deepfakes/800_840.mp4,
FaceForensics++,train,fit,840_800,800_840,840,800,1,DeepFakes,Deepfakes/840_800.mp4,
FaceForensics++,train,fit,800_840,800_840,800,840,1,Face2Face,Face2Face/800_840.mp4,
FaceForensics++,train,fit,840_800,800_840,840,800,1,Face2Face,Face2Face/840_800.mp4,
FaceForensics++,train,fit,800_840,800_840,800,840,1,FaceSwap,FaceSwap/800_840.mp4,
FaceForensics++,train,fit,840_800,800_840,840,800,1,FaceSwap,FaceSwap/840_800.mp4,
FaceForensics++,train,fit,800_840,800_840,800,840,1,NeuralTextures,NeuralTextures/800_840.mp4,
FaceForensics++,train,fit,840_800,800_840,840,800,1,NeuralTextures,NeuralTextures/840_800.mp4,
FaceForensics++,train,fit,808,808_829,808,,0,,original/808.mp4,
FaceForensics++,train,fit,829,808_829,829,,0,,original/829.mp4,
FaceForensics++,train,fit,808_829,808_829,808,829,1,DeepFakes,Deepfakes/808_829.mp4,
FaceForensics++,train,fit,829_808,808_829,829,808,1,DeepFakes,Deepfakes/829_808.mp4,
FaceForensics++,train,fit,808_829,808_829,808,829,1,Face2Face,Face2Face/808_829.mp4,
FaceForensics++,train,fit,829_808,808_829,829,808,1,Face2Face,Face2Face/829_808.mp4,
FaceForensics++,train,fit,808_829,808_829,808,829,1,FaceSwap,FaceSwap/808_829.mp4,
FaceForensics++,train,fit,829_808,808_829,829,808,1,FaceSwap,FaceSwap/829_808.mp4,
FaceForensics++,train,fit,808_829,808_829,808,829,1,NeuralTextures,NeuralTextures/808_829.mp4,
FaceForensics++,train,fit,829_808,808_829,829,808,1,NeuralTextures,NeuralTextures/829_808.mp4,
FaceForensics++,train,fit,810,810_838,810,,0,,original/810.mp4,
FaceForensics++,train,fit,838,810_838,838,,0,,original/838.mp4,
FaceForensics++,train,fit,810_838,810_838,810,838,1,DeepFakes,Deepfakes/810_838.mp4,
FaceForensics++,train,fit,838_810,810_838,838,810,1,DeepFakes,Deepfakes/838_810.mp4,
FaceForensics++,train,fit,810_838,810_838,810,838,1,Face2Face,Face2Face/810_838.mp4,
FaceForensics++,train,fit,838_810,810_838,838,810,1,Face2Face,Face2Face/838_810.mp4,
FaceForensics++,train,fit,810_838,810_838,810,838,1,FaceSwap,FaceSwap/810_838.mp4,
FaceForensics++,train,fit,838_810,810_838,838,810,1,FaceSwap,FaceSwap/838_810.mp4,
FaceForensics++,train,fit,810_838,810_838,810,838,1,NeuralTextures,NeuralTextures/810_838.mp4,
FaceForensics++,train,fit,838_810,810_838,838,810,1,NeuralTextures,NeuralTextures/838_810.mp4,
FaceForensics++,train,fit,811,811_920,811,,0,,original/811.mp4,
FaceForensics++,train,fit,920,811_920,920,,0,,original/920.mp4,
FaceForensics++,train,fit,811_920,811_920,811,920,1,DeepFakes,Deepfakes/811_920.mp4,
FaceForensics++,train,fit,920_811,811_920,920,811,1,DeepFakes,Deepfakes/920_811.mp4,
FaceForensics++,train,fit,811_920,811_920,811,920,1,Face2Face,Face2Face/811_920.mp4,
FaceForensics++,train,fit,920_811,811_920,920,811,1,Face2Face,Face2Face/920_811.mp4,
FaceForensics++,train,fit,811_920,811_920,811,920,1,FaceSwap,FaceSwap/811_920.mp4,
FaceForensics++,train,fit,920_811,811_920,920,811,1,FaceSwap,FaceSwap/920_811.mp4,
FaceForensics++,train,fit,811_920,811_920,811,920,1,NeuralTextures,NeuralTextures/811_920.mp4,
FaceForensics++,train,fit,920_811,811_920,920,811,1,NeuralTextures,NeuralTextures/920_811.mp4,
FaceForensics++,train,fit,814,814_871,814,,0,,original/814.mp4,
FaceForensics++,train,fit,871,814_871,871,,0,,original/871.mp4,
FaceForensics++,train,fit,814_871,814_871,814,871,1,DeepFakes,Deepfakes/814_871.mp4,
FaceForensics++,train,fit,871_814,814_871,871,814,1,DeepFakes,Deepfakes/871_814.mp4,
FaceForensics++,train,fit,814_871,814_871,814,871,1,Face2Face,Face2Face/814_871.mp4,
FaceForensics++,train,fit,871_814,814_871,871,814,1,Face2Face,Face2Face/871_814.mp4,
FaceForensics++,train,fit,814_871,814_871,814,871,1,FaceSwap,FaceSwap/814_871.mp4,
FaceForensics++,train,fit,871_814,814_871,871,814,1,FaceSwap,FaceSwap/871_814.mp4,
FaceForensics++,train,fit,814_871,814_871,814,871,1,NeuralTextures,NeuralTextures/814_871.mp4,
FaceForensics++,train,fit,871_814,814_871,871,814,1,NeuralTextures,NeuralTextures/871_814.mp4,
FaceForensics++,train,fit,826,826_833,826,,0,,original/826.mp4,
FaceForensics++,train,fit,833,826_833,833,,0,,original/833.mp4,
FaceForensics++,train,fit,826_833,826_833,826,833,1,DeepFakes,Deepfakes/826_833.mp4,
FaceForensics++,train,fit,833_826,826_833,833,826,1,DeepFakes,Deepfakes/833_826.mp4,
FaceForensics++,train,fit,826_833,826_833,826,833,1,Face2Face,Face2Face/826_833.mp4,
FaceForensics++,train,fit,833_826,826_833,833,826,1,Face2Face,Face2Face/833_826.mp4,
FaceForensics++,train,fit,826_833,826_833,826,833,1,FaceSwap,FaceSwap/826_833.mp4,
FaceForensics++,train,fit,833_826,826_833,833,826,1,FaceSwap,FaceSwap/833_826.mp4,
FaceForensics++,train,fit,826_833,826_833,826,833,1,NeuralTextures,NeuralTextures/826_833.mp4,
FaceForensics++,train,fit,833_826,826_833,833,826,1,NeuralTextures,NeuralTextures/833_826.mp4,
FaceForensics++,train,fit,836,836_950,836,,0,,original/836.mp4,
FaceForensics++,train,fit,950,836_950,950,,0,,original/950.mp4,
FaceForensics++,train,fit,836_950,836_950,836,950,1,DeepFakes,Deepfakes/836_950.mp4,
FaceForensics++,train,fit,950_836,836_950,950,836,1,DeepFakes,Deepfakes/950_836.mp4,
FaceForensics++,train,fit,836_950,836_950,836,950,1,Face2Face,Face2Face/836_950.mp4,
FaceForensics++,train,fit,950_836,836_950,950,836,1,Face2Face,Face2Face/950_836.mp4,
FaceForensics++,train,fit,836_950,836_950,836,950,1,FaceSwap,FaceSwap/836_950.mp4,
FaceForensics++,train,fit,950_836,836_950,950,836,1,FaceSwap,FaceSwap/950_836.mp4,
FaceForensics++,train,fit,836_950,836_950,836,950,1,NeuralTextures,NeuralTextures/836_950.mp4,
FaceForensics++,train,fit,950_836,836_950,950,836,1,NeuralTextures,NeuralTextures/950_836.mp4,
FaceForensics++,train,fit,839,839_864,839,,0,,original/839.mp4,
FaceForensics++,train,fit,864,839_864,864,,0,,original/864.mp4,
FaceForensics++,train,fit,839_864,839_864,839,864,1,DeepFakes,Deepfakes/839_864.mp4,
FaceForensics++,train,fit,864_839,839_864,864,839,1,DeepFakes,Deepfakes/864_839.mp4,
FaceForensics++,train,fit,839_864,839_864,839,864,1,Face2Face,Face2Face/839_864.mp4,
FaceForensics++,train,fit,864_839,839_864,864,839,1,Face2Face,Face2Face/864_839.mp4,
FaceForensics++,train,fit,839_864,839_864,839,864,1,FaceSwap,FaceSwap/839_864.mp4,
FaceForensics++,train,fit,864_839,839_864,864,839,1,FaceSwap,FaceSwap/864_839.mp4,
FaceForensics++,train,fit,839_864,839_864,839,864,1,NeuralTextures,NeuralTextures/839_864.mp4,
FaceForensics++,train,fit,864_839,839_864,864,839,1,NeuralTextures,NeuralTextures/864_839.mp4,
FaceForensics++,train,fit,843,843_859,843,,0,,original/843.mp4,
FaceForensics++,train,fit,859,843_859,859,,0,,original/859.mp4,
FaceForensics++,train,fit,843_859,843_859,843,859,1,DeepFakes,Deepfakes/843_859.mp4,
FaceForensics++,train,fit,859_843,843_859,859,843,1,DeepFakes,Deepfakes/859_843.mp4,
FaceForensics++,train,fit,843_859,843_859,843,859,1,Face2Face,Face2Face/843_859.mp4,
FaceForensics++,train,fit,859_843,843_859,859,843,1,Face2Face,Face2Face/859_843.mp4,
FaceForensics++,train,fit,843_859,843_859,843,859,1,FaceSwap,FaceSwap/843_859.mp4,
FaceForensics++,train,fit,859_843,843_859,859,843,1,FaceSwap,FaceSwap/859_843.mp4,
FaceForensics++,train,fit,843_859,843_859,843,859,1,NeuralTextures,NeuralTextures/843_859.mp4,
FaceForensics++,train,fit,859_843,843_859,859,843,1,NeuralTextures,NeuralTextures/859_843.mp4,
FaceForensics++,train,fit,848,848_894,848,,0,,original/848.mp4,
FaceForensics++,train,fit,894,848_894,894,,0,,original/894.mp4,
FaceForensics++,train,fit,848_894,848_894,848,894,1,DeepFakes,Deepfakes/848_894.mp4,
FaceForensics++,train,fit,894_848,848_894,894,848,1,DeepFakes,Deepfakes/894_848.mp4,
FaceForensics++,train,fit,848_894,848_894,848,894,1,Face2Face,Face2Face/848_894.mp4,
FaceForensics++,train,fit,894_848,848_894,894,848,1,Face2Face,Face2Face/894_848.mp4,
FaceForensics++,train,fit,848_894,848_894,848,894,1,FaceSwap,FaceSwap/848_894.mp4,
FaceForensics++,train,fit,894_848,848_894,894,848,1,FaceSwap,FaceSwap/894_848.mp4,
FaceForensics++,train,fit,848_894,848_894,848,894,1,NeuralTextures,NeuralTextures/848_894.mp4,
FaceForensics++,train,fit,894_848,848_894,894,848,1,NeuralTextures,NeuralTextures/894_848.mp4,
FaceForensics++,train,fit,853,853_863,853,,0,,original/853.mp4,
FaceForensics++,train,fit,863,853_863,863,,0,,original/863.mp4,
FaceForensics++,train,fit,853_863,853_863,853,863,1,DeepFakes,Deepfakes/853_863.mp4,
FaceForensics++,train,fit,863_853,853_863,863,853,1,DeepFakes,Deepfakes/863_853.mp4,
FaceForensics++,train,fit,853_863,853_863,853,863,1,Face2Face,Face2Face/853_863.mp4,
FaceForensics++,train,fit,863_853,853_863,863,853,1,Face2Face,Face2Face/863_853.mp4,
FaceForensics++,train,fit,853_863,853_863,853,863,1,FaceSwap,FaceSwap/853_863.mp4,
FaceForensics++,train,fit,863_853,853_863,863,853,1,FaceSwap,FaceSwap/863_853.mp4,
FaceForensics++,train,fit,853_863,853_863,853,863,1,NeuralTextures,NeuralTextures/853_863.mp4,
FaceForensics++,train,fit,863_853,853_863,863,853,1,NeuralTextures,NeuralTextures/863_853.mp4,
FaceForensics++,train,fit,856,856_881,856,,0,,original/856.mp4,
FaceForensics++,train,fit,881,856_881,881,,0,,original/881.mp4,
FaceForensics++,train,fit,856_881,856_881,856,881,1,DeepFakes,Deepfakes/856_881.mp4,
FaceForensics++,train,fit,881_856,856_881,881,856,1,DeepFakes,Deepfakes/881_856.mp4,
FaceForensics++,train,fit,856_881,856_881,856,881,1,Face2Face,Face2Face/856_881.mp4,
FaceForensics++,train,fit,881_856,856_881,881,856,1,Face2Face,Face2Face/881_856.mp4,
FaceForensics++,train,fit,856_881,856_881,856,881,1,FaceSwap,FaceSwap/856_881.mp4,
FaceForensics++,train,fit,881_856,856_881,881,856,1,FaceSwap,FaceSwap/881_856.mp4,
FaceForensics++,train,fit,856_881,856_881,856,881,1,NeuralTextures,NeuralTextures/856_881.mp4,
FaceForensics++,train,fit,881_856,856_881,881,856,1,NeuralTextures,NeuralTextures/881_856.mp4,
FaceForensics++,train,fit,858,858_861,858,,0,,original/858.mp4,
FaceForensics++,train,fit,861,858_861,861,,0,,original/861.mp4,
FaceForensics++,train,fit,858_861,858_861,858,861,1,DeepFakes,Deepfakes/858_861.mp4,
FaceForensics++,train,fit,861_858,858_861,861,858,1,DeepFakes,Deepfakes/861_858.mp4,
FaceForensics++,train,fit,858_861,858_861,858,861,1,Face2Face,Face2Face/858_861.mp4,
FaceForensics++,train,fit,861_858,858_861,861,858,1,Face2Face,Face2Face/861_858.mp4,
FaceForensics++,train,fit,858_861,858_861,858,861,1,FaceSwap,FaceSwap/858_861.mp4,
FaceForensics++,train,fit,861_858,858_861,861,858,1,FaceSwap,FaceSwap/861_858.mp4,
FaceForensics++,train,fit,858_861,858_861,858,861,1,NeuralTextures,NeuralTextures/858_861.mp4,
FaceForensics++,train,fit,861_858,858_861,861,858,1,NeuralTextures,NeuralTextures/861_858.mp4,
FaceForensics++,train,fit,860,860_905,860,,0,,original/860.mp4,
FaceForensics++,train,fit,905,860_905,905,,0,,original/905.mp4,
FaceForensics++,train,fit,860_905,860_905,860,905,1,DeepFakes,Deepfakes/860_905.mp4,
FaceForensics++,train,fit,905_860,860_905,905,860,1,DeepFakes,Deepfakes/905_860.mp4,
FaceForensics++,train,fit,860_905,860_905,860,905,1,Face2Face,Face2Face/860_905.mp4,
FaceForensics++,train,fit,905_860,860_905,905,860,1,Face2Face,Face2Face/905_860.mp4,
FaceForensics++,train,fit,860_905,860_905,860,905,1,FaceSwap,FaceSwap/860_905.mp4,
FaceForensics++,train,fit,905_860,860_905,905,860,1,FaceSwap,FaceSwap/905_860.mp4,
FaceForensics++,train,fit,860_905,860_905,860,905,1,NeuralTextures,NeuralTextures/860_905.mp4,
FaceForensics++,train,fit,905_860,860_905,905,860,1,NeuralTextures,NeuralTextures/905_860.mp4,
FaceForensics++,train,fit,866,866_878,866,,0,,original/866.mp4,
FaceForensics++,train,fit,878,866_878,878,,0,,original/878.mp4,
FaceForensics++,train,fit,866_878,866_878,866,878,1,DeepFakes,Deepfakes/866_878.mp4,
FaceForensics++,train,fit,878_866,866_878,878,866,1,DeepFakes,Deepfakes/878_866.mp4,
FaceForensics++,train,fit,866_878,866_878,866,878,1,Face2Face,Face2Face/866_878.mp4,
FaceForensics++,train,fit,878_866,866_878,878,866,1,Face2Face,Face2Face/878_866.mp4,
FaceForensics++,train,fit,866_878,866_878,866,878,1,FaceSwap,FaceSwap/866_878.mp4,
FaceForensics++,train,fit,878_866,866_878,878,866,1,FaceSwap,FaceSwap/878_866.mp4,
FaceForensics++,train,fit,866_878,866_878,866,878,1,NeuralTextures,NeuralTextures/866_878.mp4,
FaceForensics++,train,fit,878_866,866_878,878,866,1,NeuralTextures,NeuralTextures/878_866.mp4,
FaceForensics++,train,fit,877,877_886,877,,0,,original/877.mp4,
FaceForensics++,train,fit,886,877_886,886,,0,,original/886.mp4,
FaceForensics++,train,fit,877_886,877_886,877,886,1,DeepFakes,Deepfakes/877_886.mp4,
FaceForensics++,train,fit,886_877,877_886,886,877,1,DeepFakes,Deepfakes/886_877.mp4,
FaceForensics++,train,fit,877_886,877_886,877,886,1,Face2Face,Face2Face/877_886.mp4,
FaceForensics++,train,fit,886_877,877_886,886,877,1,Face2Face,Face2Face/886_877.mp4,
FaceForensics++,train,fit,877_886,877_886,877,886,1,FaceSwap,FaceSwap/877_886.mp4,
FaceForensics++,train,fit,886_877,877_886,886,877,1,FaceSwap,FaceSwap/886_877.mp4,
FaceForensics++,train,fit,877_886,877_886,877,886,1,NeuralTextures,NeuralTextures/877_886.mp4,
FaceForensics++,train,fit,886_877,877_886,886,877,1,NeuralTextures,NeuralTextures/886_877.mp4,
FaceForensics++,train,fit,879,879_963,879,,0,,original/879.mp4,
FaceForensics++,train,fit,963,879_963,963,,0,,original/963.mp4,
FaceForensics++,train,fit,879_963,879_963,879,963,1,DeepFakes,Deepfakes/879_963.mp4,
FaceForensics++,train,fit,963_879,879_963,963,879,1,DeepFakes,Deepfakes/963_879.mp4,
FaceForensics++,train,fit,879_963,879_963,879,963,1,Face2Face,Face2Face/879_963.mp4,
FaceForensics++,train,fit,963_879,879_963,963,879,1,Face2Face,Face2Face/963_879.mp4,
FaceForensics++,train,fit,879_963,879_963,879,963,1,FaceSwap,FaceSwap/879_963.mp4,
FaceForensics++,train,fit,963_879,879_963,963,879,1,FaceSwap,FaceSwap/963_879.mp4,
FaceForensics++,train,fit,879_963,879_963,879,963,1,NeuralTextures,NeuralTextures/879_963.mp4,
FaceForensics++,train,fit,963_879,879_963,963,879,1,NeuralTextures,NeuralTextures/963_879.mp4,
FaceForensics++,train,fit,884,884_968,884,,0,,original/884.mp4,
FaceForensics++,train,fit,968,884_968,968,,0,,original/968.mp4,
FaceForensics++,train,fit,884_968,884_968,884,968,1,DeepFakes,Deepfakes/884_968.mp4,
FaceForensics++,train,fit,968_884,884_968,968,884,1,DeepFakes,Deepfakes/968_884.mp4,
FaceForensics++,train,fit,884_968,884_968,884,968,1,Face2Face,Face2Face/884_968.mp4,
FaceForensics++,train,fit,968_884,884_968,968,884,1,Face2Face,Face2Face/968_884.mp4,
FaceForensics++,train,fit,884_968,884_968,884,968,1,FaceSwap,FaceSwap/884_968.mp4,
FaceForensics++,train,fit,968_884,884_968,968,884,1,FaceSwap,FaceSwap/968_884.mp4,
FaceForensics++,train,fit,884_968,884_968,884,968,1,NeuralTextures,NeuralTextures/884_968.mp4,
FaceForensics++,train,fit,968_884,884_968,968,884,1,NeuralTextures,NeuralTextures/968_884.mp4,
FaceForensics++,train,fit,888,888_937,888,,0,,original/888.mp4,
FaceForensics++,train,fit,937,888_937,937,,0,,original/937.mp4,
FaceForensics++,train,fit,888_937,888_937,888,937,1,DeepFakes,Deepfakes/888_937.mp4,
FaceForensics++,train,fit,937_888,888_937,937,888,1,DeepFakes,Deepfakes/937_888.mp4,
FaceForensics++,train,fit,888_937,888_937,888,937,1,Face2Face,Face2Face/888_937.mp4,
FaceForensics++,train,fit,937_888,888_937,937,888,1,Face2Face,Face2Face/937_888.mp4,
FaceForensics++,train,fit,888_937,888_937,888,937,1,FaceSwap,FaceSwap/888_937.mp4,
FaceForensics++,train,fit,937_888,888_937,937,888,1,FaceSwap,FaceSwap/937_888.mp4,
FaceForensics++,train,fit,888_937,888_937,888,937,1,NeuralTextures,NeuralTextures/888_937.mp4,
FaceForensics++,train,fit,937_888,888_937,937,888,1,NeuralTextures,NeuralTextures/937_888.mp4,
FaceForensics++,train,fit,893,893_913,893,,0,,original/893.mp4,
FaceForensics++,train,fit,913,893_913,913,,0,,original/913.mp4,
FaceForensics++,train,fit,893_913,893_913,893,913,1,DeepFakes,Deepfakes/893_913.mp4,
FaceForensics++,train,fit,913_893,893_913,913,893,1,DeepFakes,Deepfakes/913_893.mp4,
FaceForensics++,train,fit,893_913,893_913,893,913,1,Face2Face,Face2Face/893_913.mp4,
FaceForensics++,train,fit,913_893,893_913,913,893,1,Face2Face,Face2Face/913_893.mp4,
FaceForensics++,train,fit,893_913,893_913,893,913,1,FaceSwap,FaceSwap/893_913.mp4,
FaceForensics++,train,fit,913_893,893_913,913,893,1,FaceSwap,FaceSwap/913_893.mp4,
FaceForensics++,train,fit,893_913,893_913,893,913,1,NeuralTextures,NeuralTextures/893_913.mp4,
FaceForensics++,train,fit,913_893,893_913,913,893,1,NeuralTextures,NeuralTextures/913_893.mp4,
FaceForensics++,train,fit,897,897_969,897,,0,,original/897.mp4,
FaceForensics++,train,fit,969,897_969,969,,0,,original/969.mp4,
FaceForensics++,train,fit,897_969,897_969,897,969,1,DeepFakes,Deepfakes/897_969.mp4,
FaceForensics++,train,fit,969_897,897_969,969,897,1,DeepFakes,Deepfakes/969_897.mp4,
FaceForensics++,train,fit,897_969,897_969,897,969,1,Face2Face,Face2Face/897_969.mp4,
FaceForensics++,train,fit,969_897,897_969,969,897,1,Face2Face,Face2Face/969_897.mp4,
FaceForensics++,train,fit,897_969,897_969,897,969,1,FaceSwap,FaceSwap/897_969.mp4,
FaceForensics++,train,fit,969_897,897_969,969,897,1,FaceSwap,FaceSwap/969_897.mp4,
FaceForensics++,train,fit,897_969,897_969,897,969,1,NeuralTextures,NeuralTextures/897_969.mp4,
FaceForensics++,train,fit,969_897,897_969,969,897,1,NeuralTextures,NeuralTextures/969_897.mp4,
FaceForensics++,train,fit,899,899_914,899,,0,,original/899.mp4,
FaceForensics++,train,fit,914,899_914,914,,0,,original/914.mp4,
FaceForensics++,train,fit,899_914,899_914,899,914,1,DeepFakes,Deepfakes/899_914.mp4,
FaceForensics++,train,fit,914_899,899_914,914,899,1,DeepFakes,Deepfakes/914_899.mp4,
FaceForensics++,train,fit,899_914,899_914,899,914,1,Face2Face,Face2Face/899_914.mp4,
FaceForensics++,train,fit,914_899,899_914,914,899,1,Face2Face,Face2Face/914_899.mp4,
FaceForensics++,train,fit,899_914,899_914,899,914,1,FaceSwap,FaceSwap/899_914.mp4,
FaceForensics++,train,fit,914_899,899_914,914,899,1,FaceSwap,FaceSwap/914_899.mp4,
FaceForensics++,train,fit,899_914,899_914,899,914,1,NeuralTextures,NeuralTextures/899_914.mp4,
FaceForensics++,train,fit,914_899,899_914,914,899,1,NeuralTextures,NeuralTextures/914_899.mp4,
FaceForensics++,train,fit,901,901_902,901,,0,,original/901.mp4,
FaceForensics++,train,fit,902,901_902,902,,0,,original/902.mp4,
FaceForensics++,train,fit,901_902,901_902,901,902,1,DeepFakes,Deepfakes/901_902.mp4,
FaceForensics++,train,fit,902_901,901_902,902,901,1,DeepFakes,Deepfakes/902_901.mp4,
FaceForensics++,train,fit,901_902,901_902,901,902,1,Face2Face,Face2Face/901_902.mp4,
FaceForensics++,train,fit,902_901,901_902,902,901,1,Face2Face,Face2Face/902_901.mp4,
FaceForensics++,train,fit,901_902,901_902,901,902,1,FaceSwap,FaceSwap/901_902.mp4,
FaceForensics++,train,fit,902_901,901_902,902,901,1,FaceSwap,FaceSwap/902_901.mp4,
FaceForensics++,train,fit,901_902,901_902,901,902,1,NeuralTextures,NeuralTextures/901_902.mp4,
FaceForensics++,train,fit,902_901,901_902,902,901,1,NeuralTextures,NeuralTextures/902_901.mp4,
FaceForensics++,train,fit,918,918_934,918,,0,,original/918.mp4,
FaceForensics++,train,fit,934,918_934,934,,0,,original/934.mp4,
FaceForensics++,train,fit,918_934,918_934,918,934,1,DeepFakes,Deepfakes/918_934.mp4,
FaceForensics++,train,fit,934_918,918_934,934,918,1,DeepFakes,Deepfakes/934_918.mp4,
FaceForensics++,train,fit,918_934,918_934,918,934,1,Face2Face,Face2Face/918_934.mp4,
FaceForensics++,train,fit,934_918,918_934,934,918,1,Face2Face,Face2Face/934_918.mp4,
FaceForensics++,train,fit,918_934,918_934,918,934,1,FaceSwap,FaceSwap/918_934.mp4,
FaceForensics++,train,fit,934_918,918_934,934,918,1,FaceSwap,FaceSwap/934_918.mp4,
FaceForensics++,train,fit,918_934,918_934,918,934,1,NeuralTextures,NeuralTextures/918_934.mp4,
FaceForensics++,train,fit,934_918,918_934,934,918,1,NeuralTextures,NeuralTextures/934_918.mp4,
FaceForensics++,train,fit,938,938_987,938,,0,,original/938.mp4,
FaceForensics++,train,fit,987,938_987,987,,0,,original/987.mp4,
FaceForensics++,train,fit,938_987,938_987,938,987,1,DeepFakes,Deepfakes/938_987.mp4,
FaceForensics++,train,fit,987_938,938_987,987,938,1,DeepFakes,Deepfakes/987_938.mp4,
FaceForensics++,train,fit,938_987,938_987,938,987,1,Face2Face,Face2Face/938_987.mp4,
FaceForensics++,train,fit,987_938,938_987,987,938,1,Face2Face,Face2Face/987_938.mp4,
FaceForensics++,train,fit,938_987,938_987,938,987,1,FaceSwap,FaceSwap/938_987.mp4,
FaceForensics++,train,fit,987_938,938_987,987,938,1,FaceSwap,FaceSwap/987_938.mp4,
FaceForensics++,train,fit,938_987,938_987,938,987,1,NeuralTextures,NeuralTextures/938_987.mp4,
FaceForensics++,train,fit,987_938,938_987,987,938,1,NeuralTextures,NeuralTextures/987_938.mp4,
FaceForensics++,train,fit,940,940_941,940,,0,,original/940.mp4,
FaceForensics++,train,fit,941,940_941,941,,0,,original/941.mp4,
FaceForensics++,train,fit,940_941,940_941,940,941,1,DeepFakes,Deepfakes/940_941.mp4,
FaceForensics++,train,fit,941_940,940_941,941,940,1,DeepFakes,Deepfakes/941_940.mp4,
FaceForensics++,train,fit,940_941,940_941,940,941,1,Face2Face,Face2Face/940_941.mp4,
FaceForensics++,train,fit,941_940,940_941,941,940,1,Face2Face,Face2Face/941_940.mp4,
FaceForensics++,train,fit,940_941,940_941,940,941,1,FaceSwap,FaceSwap/940_941.mp4,
FaceForensics++,train,fit,941_940,940_941,941,940,1,FaceSwap,FaceSwap/941_940.mp4,
FaceForensics++,train,fit,940_941,940_941,940,941,1,NeuralTextures,NeuralTextures/940_941.mp4,
FaceForensics++,train,fit,941_940,940_941,941,940,1,NeuralTextures,NeuralTextures/941_940.mp4,
FaceForensics++,train,fit,942,942_943,942,,0,,original/942.mp4,
FaceForensics++,train,fit,943,942_943,943,,0,,original/943.mp4,
FaceForensics++,train,fit,942_943,942_943,942,943,1,DeepFakes,Deepfakes/942_943.mp4,
FaceForensics++,train,fit,943_942,942_943,943,942,1,DeepFakes,Deepfakes/943_942.mp4,
FaceForensics++,train,fit,942_943,942_943,942,943,1,Face2Face,Face2Face/942_943.mp4,
FaceForensics++,train,fit,943_942,942_943,943,942,1,Face2Face,Face2Face/943_942.mp4,
FaceForensics++,train,fit,942_943,942_943,942,943,1,FaceSwap,FaceSwap/942_943.mp4,
FaceForensics++,train,fit,943_942,942_943,943,942,1,FaceSwap,FaceSwap/943_942.mp4,
FaceForensics++,train,fit,942_943,942_943,942,943,1,NeuralTextures,NeuralTextures/942_943.mp4,
FaceForensics++,train,fit,943_942,942_943,943,942,1,NeuralTextures,NeuralTextures/943_942.mp4,
FaceForensics++,train,fit,948,948_965,948,,0,,original/948.mp4,
FaceForensics++,train,fit,965,948_965,965,,0,,original/965.mp4,
FaceForensics++,train,fit,948_965,948_965,948,965,1,DeepFakes,Deepfakes/948_965.mp4,
FaceForensics++,train,fit,965_948,948_965,965,948,1,DeepFakes,Deepfakes/965_948.mp4,
FaceForensics++,train,fit,948_965,948_965,948,965,1,Face2Face,Face2Face/948_965.mp4,
FaceForensics++,train,fit,965_948,948_965,965,948,1,Face2Face,Face2Face/965_948.mp4,
FaceForensics++,train,fit,948_965,948_965,948,965,1,FaceSwap,FaceSwap/948_965.mp4,
FaceForensics++,train,fit,965_948,948_965,965,948,1,FaceSwap,FaceSwap/965_948.mp4,
FaceForensics++,train,fit,948_965,948_965,948,965,1,NeuralTextures,NeuralTextures/948_965.mp4,
FaceForensics++,train,fit,965_948,948_965,965,948,1,NeuralTextures,NeuralTextures/965_948.mp4,
FaceForensics++,train,fit,954,954_976,954,,0,,original/954.mp4,
FaceForensics++,train,fit,976,954_976,976,,0,,original/976.mp4,
FaceForensics++,train,fit,954_976,954_976,954,976,1,DeepFakes,Deepfakes/954_976.mp4,
FaceForensics++,train,fit,976_954,954_976,976,954,1,DeepFakes,Deepfakes/976_954.mp4,
FaceForensics++,train,fit,954_976,954_976,954,976,1,Face2Face,Face2Face/954_976.mp4,
FaceForensics++,train,fit,976_954,954_976,976,954,1,Face2Face,Face2Face/976_954.mp4,
FaceForensics++,train,fit,954_976,954_976,954,976,1,FaceSwap,FaceSwap/954_976.mp4,
FaceForensics++,train,fit,976_954,954_976,976,954,1,FaceSwap,FaceSwap/976_954.mp4,
FaceForensics++,train,fit,954_976,954_976,954,976,1,NeuralTextures,NeuralTextures/954_976.mp4,
FaceForensics++,train,fit,976_954,954_976,976,954,1,NeuralTextures,NeuralTextures/976_954.mp4,
FaceForensics++,train,fit,957,957_959,957,,0,,original/957.mp4,
FaceForensics++,train,fit,959,957_959,959,,0,,original/959.mp4,
FaceForensics++,train,fit,957_959,957_959,957,959,1,DeepFakes,Deepfakes/957_959.mp4,
FaceForensics++,train,fit,959_957,957_959,959,957,1,DeepFakes,Deepfakes/959_957.mp4,
FaceForensics++,train,fit,957_959,957_959,957,959,1,Face2Face,Face2Face/957_959.mp4,
FaceForensics++,train,fit,959_957,957_959,959,957,1,Face2Face,Face2Face/959_957.mp4,
FaceForensics++,train,fit,957_959,957_959,957,959,1,FaceSwap,FaceSwap/957_959.mp4,
FaceForensics++,train,fit,959_957,957_959,959,957,1,FaceSwap,FaceSwap/959_957.mp4,
FaceForensics++,train,fit,957_959,957_959,957,959,1,NeuralTextures,NeuralTextures/957_959.mp4,
FaceForensics++,train,fit,959_957,957_959,959,957,1,NeuralTextures,NeuralTextures/959_957.mp4,
FaceForensics++,train,fit,960,960_999,960,,0,,original/960.mp4,
FaceForensics++,train,fit,999,960_999,999,,0,,original/999.mp4,
FaceForensics++,train,fit,960_999,960_999,960,999,1,DeepFakes,Deepfakes/960_999.mp4,
FaceForensics++,train,fit,999_960,960_999,999,960,1,DeepFakes,Deepfakes/999_960.mp4,
FaceForensics++,train,fit,960_999,960_999,960,999,1,Face2Face,Face2Face/960_999.mp4,
FaceForensics++,train,fit,999_960,960_999,999,960,1,Face2Face,Face2Face/999_960.mp4,
FaceForensics++,train,fit,960_999,960_999,960,999,1,FaceSwap,FaceSwap/960_999.mp4,
FaceForensics++,train,fit,999_960,960_999,999,960,1,FaceSwap,FaceSwap/999_960.mp4,
FaceForensics++,train,fit,960_999,960_999,960,999,1,NeuralTextures,NeuralTextures/960_999.mp4,
FaceForensics++,train,fit,999_960,960_999,999,960,1,NeuralTextures,NeuralTextures/999_960.mp4,
FaceForensics++,train,fit,966,966_988,966,,0,,original/966.mp4,
FaceForensics++,train,fit,988,966_988,988,,0,,original/988.mp4,
FaceForensics++,train,fit,966_988,966_988,966,988,1,DeepFakes,Deepfakes/966_988.mp4,
FaceForensics++,train,fit,988_966,966_988,988,966,1,DeepFakes,Deepfakes/988_966.mp4,
FaceForensics++,train,fit,966_988,966_988,966,988,1,Face2Face,Face2Face/966_988.mp4,
FaceForensics++,train,fit,988_966,966_988,988,966,1,Face2Face,Face2Face/988_966.mp4,
FaceForensics++,train,fit,966_988,966_988,966,988,1,FaceSwap,FaceSwap/966_988.mp4,
FaceForensics++,train,fit,988_966,966_988,988,966,1,FaceSwap,FaceSwap/988_966.mp4,
FaceForensics++,train,fit,966_988,966_988,966,988,1,NeuralTextures,NeuralTextures/966_988.mp4,
FaceForensics++,train,fit,988_966,966_988,988,966,1,NeuralTextures,NeuralTextures/988_966.mp4,
FaceForensics++,train,fit,967,967_984,967,,0,,original/967.mp4,
FaceForensics++,train,fit,984,967_984,984,,0,,original/984.mp4,
FaceForensics++,train,fit,967_984,967_984,967,984,1,DeepFakes,Deepfakes/967_984.mp4,
FaceForensics++,train,fit,984_967,967_984,984,967,1,DeepFakes,Deepfakes/984_967.mp4,
FaceForensics++,train,fit,967_984,967_984,967,984,1,Face2Face,Face2Face/967_984.mp4,
FaceForensics++,train,fit,984_967,967_984,984,967,1,Face2Face,Face2Face/984_967.mp4,
FaceForensics++,train,fit,967_984,967_984,967,984,1,FaceSwap,FaceSwap/967_984.mp4,
FaceForensics++,train,fit,984_967,967_984,984,967,1,FaceSwap,FaceSwap/984_967.mp4,
FaceForensics++,train,fit,967_984,967_984,967,984,1,NeuralTextures,NeuralTextures/967_984.mp4,
FaceForensics++,train,fit,984_967,967_984,984,967,1,NeuralTextures,NeuralTextures/984_967.mp4,
FaceForensics++,train,fit,975,975_978,975,,0,,original/975.mp4,
FaceForensics++,train,fit,978,975_978,978,,0,,original/978.mp4,
FaceForensics++,train,fit,975_978,975_978,975,978,1,DeepFakes,Deepfakes/975_978.mp4,
FaceForensics++,train,fit,978_975,975_978,978,975,1,DeepFakes,Deepfakes/978_975.mp4,
FaceForensics++,train,fit,975_978,975_978,975,978,1,Face2Face,Face2Face/975_978.mp4,
FaceForensics++,train,fit,978_975,975_978,978,975,1,Face2Face,Face2Face/978_975.mp4,
FaceForensics++,train,fit,975_978,975_978,975,978,1,FaceSwap,FaceSwap/975_978.mp4,
FaceForensics++,train,fit,978_975,975_978,978,975,1,FaceSwap,FaceSwap/978_975.mp4,
FaceForensics++,train,fit,975_978,975_978,975,978,1,NeuralTextures,NeuralTextures/975_978.mp4,
FaceForensics++,train,fit,978_975,975_978,978,975,1,NeuralTextures,NeuralTextures/978_975.mp4,
FaceForensics++,train,fit,986,986_994,986,,0,,original/986.mp4,
FaceForensics++,train,fit,994,986_994,994,,0,,original/994.mp4,
FaceForensics++,train,fit,986_994,986_994,986,994,1,DeepFakes,Deepfakes/986_994.mp4,
FaceForensics++,train,fit,994_986,986_994,994,986,1,DeepFakes,Deepfakes/994_986.mp4,
FaceForensics++,train,fit,986_994,986_994,986,994,1,Face2Face,Face2Face/986_994.mp4,
FaceForensics++,train,fit,994_986,986_994,994,986,1,Face2Face,Face2Face/994_986.mp4,
FaceForensics++,train,fit,986_994,986_994,986,994,1,FaceSwap,FaceSwap/986_994.mp4,
FaceForensics++,train,fit,994_986,986_994,994,986,1,FaceSwap,FaceSwap/994_986.mp4,
FaceForensics++,train,fit,986_994,986_994,986,994,1,NeuralTextures,NeuralTextures/986_994.mp4,
FaceForensics++,train,fit,994_986,986_994,994,986,1,NeuralTextures,NeuralTextures/994_986.mp4,
FaceForensics++,train,fit,989,989_993,989,,0,,original/989.mp4,
FaceForensics++,train,fit,993,989_993,993,,0,,original/993.mp4,
FaceForensics++,train,fit,989_993,989_993,989,993,1,DeepFakes,Deepfakes/989_993.mp4,
FaceForensics++,train,fit,993_989,989_993,993,989,1,DeepFakes,Deepfakes/993_989.mp4,
FaceForensics++,train,fit,989_993,989_993,989,993,1,Face2Face,Face2Face/989_993.mp4,
FaceForensics++,train,fit,993_989,989_993,993,989,1,Face2Face,Face2Face/993_989.mp4,
FaceForensics++,train,fit,989_993,989_993,989,993,1,FaceSwap,FaceSwap/989_993.mp4,
FaceForensics++,train,fit,993_989,989_993,993,989,1,FaceSwap,FaceSwap/993_989.mp4,
FaceForensics++,train,fit,989_993,989_993,989,993,1,NeuralTextures,NeuralTextures/989_993.mp4,
FaceForensics++,train,fit,993_989,989_993,993,989,1,NeuralTextures,NeuralTextures/993_989.mp4,
FaceForensics++,test,test,000,000_003,000,,0,,original/000.mp4,
FaceForensics++,test,test,003,000_003,003,,0,,original/003.mp4,
FaceForensics++,test,test,000_003,000_003,000,003,1,DeepFakes,Deepfakes/000_003.mp4,
FaceForensics++,test,test,003_000,000_003,003,000,1,DeepFakes,Deepfakes/003_000.mp4,
FaceForensics++,test,test,000_003,000_003,000,003,1,Face2Face,Face2Face/000_003.mp4,
FaceForensics++,test,test,003_000,000_003,003,000,1,Face2Face,Face2Face/003_000.mp4,
FaceForensics++,test,test,000_003,000_003,000,003,1,FaceSwap,FaceSwap/000_003.mp4,
FaceForensics++,test,test,003_000,000_003,003,000,1,FaceSwap,FaceSwap/003_000.mp4,
FaceForensics++,test,test,000_003,000_003,000,003,1,NeuralTextures,NeuralTextures/000_003.mp4,
FaceForensics++,test,test,003_000,000_003,003,000,1,NeuralTextures,NeuralTextures/003_000.mp4,
FaceForensics++,test,test,012,012_026,012,,0,,original/012.mp4,
FaceForensics++,test,test,026,012_026,026,,0,,original/026.mp4,
FaceForensics++,test,test,012_026,012_026,012,026,1,DeepFakes,Deepfakes/012_026.mp4,
FaceForensics++,test,test,026_012,012_026,026,012,1,DeepFakes,Deepfakes/026_012.mp4,
FaceForensics++,test,test,012_026,012_026,012,026,1,Face2Face,Face2Face/012_026.mp4,
FaceForensics++,test,test,026_012,012_026,026,012,1,Face2Face,Face2Face/026_012.mp4,
FaceForensics++,test,test,012_026,012_026,012,026,1,FaceSwap,FaceSwap/012_026.mp4,
FaceForensics++,test,test,026_012,012_026,026,012,1,FaceSwap,FaceSwap/026_012.mp4,
FaceForensics++,test,test,012_026,012_026,012,026,1,NeuralTextures,NeuralTextures/012_026.mp4,
FaceForensics++,test,test,026_012,012_026,026,012,1,NeuralTextures,NeuralTextures/026_012.mp4,
FaceForensics++,test,test,015,015_919,015,,0,,original/015.mp4,
FaceForensics++,test,test,919,015_919,919,,0,,original/919.mp4,
FaceForensics++,test,test,015_919,015_919,015,919,1,DeepFakes,Deepfakes/015_919.mp4,
FaceForensics++,test,test,919_015,015_919,919,015,1,DeepFakes,Deepfakes/919_015.mp4,
FaceForensics++,test,test,015_919,015_919,015,919,1,Face2Face,Face2Face/015_919.mp4,
FaceForensics++,test,test,919_015,015_919,919,015,1,Face2Face,Face2Face/919_015.mp4,
FaceForensics++,test,test,015_919,015_919,015,919,1,FaceSwap,FaceSwap/015_919.mp4,
FaceForensics++,test,test,919_015,015_919,919,015,1,FaceSwap,FaceSwap/919_015.mp4,
FaceForensics++,test,test,015_919,015_919,015,919,1,NeuralTextures,NeuralTextures/015_919.mp4,
FaceForensics++,test,test,919_015,015_919,919,015,1,NeuralTextures,NeuralTextures/919_015.mp4,
FaceForensics++,test,test,024,024_073,024,,0,,original/024.mp4,
FaceForensics++,test,test,073,024_073,073,,0,,original/073.mp4,
FaceForensics++,test,test,024_073,024_073,024,073,1,DeepFakes,Deepfakes/024_073.mp4,
FaceForensics++,test,test,073_024,024_073,073,024,1,DeepFakes,Deepfakes/073_024.mp4,
FaceForensics++,test,test,024_073,024_073,024,073,1,Face2Face,Face2Face/024_073.mp4,
FaceForensics++,test,test,073_024,024_073,073,024,1,Face2Face,Face2Face/073_024.mp4,
FaceForensics++,test,test,024_073,024_073,024,073,1,FaceSwap,FaceSwap/024_073.mp4,
FaceForensics++,test,test,073_024,024_073,073,024,1,FaceSwap,FaceSwap/073_024.mp4,
FaceForensics++,test,test,024_073,024_073,024,073,1,NeuralTextures,NeuralTextures/024_073.mp4,
FaceForensics++,test,test,073_024,024_073,073,024,1,NeuralTextures,NeuralTextures/073_024.mp4,
FaceForensics++,test,test,029,029_048,029,,0,,original/029.mp4,
FaceForensics++,test,test,048,029_048,048,,0,,original/048.mp4,
FaceForensics++,test,test,029_048,029_048,029,048,1,DeepFakes,Deepfakes/029_048.mp4,
FaceForensics++,test,test,048_029,029_048,048,029,1,DeepFakes,Deepfakes/048_029.mp4,
FaceForensics++,test,test,029_048,029_048,029,048,1,Face2Face,Face2Face/029_048.mp4,
FaceForensics++,test,test,048_029,029_048,048,029,1,Face2Face,Face2Face/048_029.mp4,
FaceForensics++,test,test,029_048,029_048,029,048,1,FaceSwap,FaceSwap/029_048.mp4,
FaceForensics++,test,test,048_029,029_048,048,029,1,FaceSwap,FaceSwap/048_029.mp4,
FaceForensics++,test,test,029_048,029_048,029,048,1,NeuralTextures,NeuralTextures/029_048.mp4,
FaceForensics++,test,test,048_029,029_048,048,029,1,NeuralTextures,NeuralTextures/048_029.mp4,
FaceForensics++,test,test,035,035_036,035,,0,,original/035.mp4,
FaceForensics++,test,test,036,035_036,036,,0,,original/036.mp4,
FaceForensics++,test,test,035_036,035_036,035,036,1,DeepFakes,Deepfakes/035_036.mp4,
FaceForensics++,test,test,036_035,035_036,036,035,1,DeepFakes,Deepfakes/036_035.mp4,
FaceForensics++,test,test,035_036,035_036,035,036,1,Face2Face,Face2Face/035_036.mp4,
FaceForensics++,test,test,036_035,035_036,036,035,1,Face2Face,Face2Face/036_035.mp4,
FaceForensics++,test,test,035_036,035_036,035,036,1,FaceSwap,FaceSwap/035_036.mp4,
FaceForensics++,test,test,036_035,035_036,036,035,1,FaceSwap,FaceSwap/036_035.mp4,
FaceForensics++,test,test,035_036,035_036,035,036,1,NeuralTextures,NeuralTextures/035_036.mp4,
FaceForensics++,test,test,036_035,035_036,036,035,1,NeuralTextures,NeuralTextures/036_035.mp4,
FaceForensics++,test,test,044,044_945,044,,0,,original/044.mp4,
FaceForensics++,test,test,945,044_945,945,,0,,original/945.mp4,
FaceForensics++,test,test,044_945,044_945,044,945,1,DeepFakes,Deepfakes/044_945.mp4,
FaceForensics++,test,test,945_044,044_945,945,044,1,DeepFakes,Deepfakes/945_044.mp4,
FaceForensics++,test,test,044_945,044_945,044,945,1,Face2Face,Face2Face/044_945.mp4,
FaceForensics++,test,test,945_044,044_945,945,044,1,Face2Face,Face2Face/945_044.mp4,
FaceForensics++,test,test,044_945,044_945,044,945,1,FaceSwap,FaceSwap/044_945.mp4,
FaceForensics++,test,test,945_044,044_945,945,044,1,FaceSwap,FaceSwap/945_044.mp4,
FaceForensics++,test,test,044_945,044_945,044,945,1,NeuralTextures,NeuralTextures/044_945.mp4,
FaceForensics++,test,test,945_044,044_945,945,044,1,NeuralTextures,NeuralTextures/945_044.mp4,
FaceForensics++,test,test,047,047_862,047,,0,,original/047.mp4,
FaceForensics++,test,test,862,047_862,862,,0,,original/862.mp4,
FaceForensics++,test,test,047_862,047_862,047,862,1,DeepFakes,Deepfakes/047_862.mp4,
FaceForensics++,test,test,862_047,047_862,862,047,1,DeepFakes,Deepfakes/862_047.mp4,
FaceForensics++,test,test,047_862,047_862,047,862,1,Face2Face,Face2Face/047_862.mp4,
FaceForensics++,test,test,862_047,047_862,862,047,1,Face2Face,Face2Face/862_047.mp4,
FaceForensics++,test,test,047_862,047_862,047,862,1,FaceSwap,FaceSwap/047_862.mp4,
FaceForensics++,test,test,862_047,047_862,862,047,1,FaceSwap,FaceSwap/862_047.mp4,
FaceForensics++,test,test,047_862,047_862,047,862,1,NeuralTextures,NeuralTextures/047_862.mp4,
FaceForensics++,test,test,862_047,047_862,862,047,1,NeuralTextures,NeuralTextures/862_047.mp4,
FaceForensics++,test,test,078,078_955,078,,0,,original/078.mp4,
FaceForensics++,test,test,955,078_955,955,,0,,original/955.mp4,
FaceForensics++,test,test,078_955,078_955,078,955,1,DeepFakes,Deepfakes/078_955.mp4,
FaceForensics++,test,test,955_078,078_955,955,078,1,DeepFakes,Deepfakes/955_078.mp4,
FaceForensics++,test,test,078_955,078_955,078,955,1,Face2Face,Face2Face/078_955.mp4,
FaceForensics++,test,test,955_078,078_955,955,078,1,Face2Face,Face2Face/955_078.mp4,
FaceForensics++,test,test,078_955,078_955,078,955,1,FaceSwap,FaceSwap/078_955.mp4,
FaceForensics++,test,test,955_078,078_955,955,078,1,FaceSwap,FaceSwap/955_078.mp4,
FaceForensics++,test,test,078_955,078_955,078,955,1,NeuralTextures,NeuralTextures/078_955.mp4,
FaceForensics++,test,test,955_078,078_955,955,078,1,NeuralTextures,NeuralTextures/955_078.mp4,
FaceForensics++,test,test,102,102_114,102,,0,,original/102.mp4,
FaceForensics++,test,test,114,102_114,114,,0,,original/114.mp4,
FaceForensics++,test,test,102_114,102_114,102,114,1,DeepFakes,Deepfakes/102_114.mp4,
FaceForensics++,test,test,114_102,102_114,114,102,1,DeepFakes,Deepfakes/114_102.mp4,
FaceForensics++,test,test,102_114,102_114,102,114,1,Face2Face,Face2Face/102_114.mp4,
FaceForensics++,test,test,114_102,102_114,114,102,1,Face2Face,Face2Face/114_102.mp4,
FaceForensics++,test,test,102_114,102_114,102,114,1,FaceSwap,FaceSwap/102_114.mp4,
FaceForensics++,test,test,114_102,102_114,114,102,1,FaceSwap,FaceSwap/114_102.mp4,
FaceForensics++,test,test,102_114,102_114,102,114,1,NeuralTextures,NeuralTextures/102_114.mp4,
FaceForensics++,test,test,114_102,102_114,114,102,1,NeuralTextures,NeuralTextures/114_102.mp4,
FaceForensics++,test,test,128,128_896,128,,0,,original/128.mp4,
FaceForensics++,test,test,896,128_896,896,,0,,original/896.mp4,
FaceForensics++,test,test,128_896,128_896,128,896,1,DeepFakes,Deepfakes/128_896.mp4,
FaceForensics++,test,test,896_128,128_896,896,128,1,DeepFakes,Deepfakes/896_128.mp4,
FaceForensics++,test,test,128_896,128_896,128,896,1,Face2Face,Face2Face/128_896.mp4,
FaceForensics++,test,test,896_128,128_896,896,128,1,Face2Face,Face2Face/896_128.mp4,
FaceForensics++,test,test,128_896,128_896,128,896,1,FaceSwap,FaceSwap/128_896.mp4,
FaceForensics++,test,test,896_128,128_896,896,128,1,FaceSwap,FaceSwap/896_128.mp4,
FaceForensics++,test,test,128_896,128_896,128,896,1,NeuralTextures,NeuralTextures/128_896.mp4,
FaceForensics++,test,test,896_128,128_896,896,128,1,NeuralTextures,NeuralTextures/896_128.mp4,
FaceForensics++,test,test,135,135_880,135,,0,,original/135.mp4,
FaceForensics++,test,test,880,135_880,880,,0,,original/880.mp4,
FaceForensics++,test,test,135_880,135_880,135,880,1,DeepFakes,Deepfakes/135_880.mp4,
FaceForensics++,test,test,880_135,135_880,880,135,1,DeepFakes,Deepfakes/880_135.mp4,
FaceForensics++,test,test,135_880,135_880,135,880,1,Face2Face,Face2Face/135_880.mp4,
FaceForensics++,test,test,880_135,135_880,880,135,1,Face2Face,Face2Face/880_135.mp4,
FaceForensics++,test,test,135_880,135_880,135,880,1,FaceSwap,FaceSwap/135_880.mp4,
FaceForensics++,test,test,880_135,135_880,880,135,1,FaceSwap,FaceSwap/880_135.mp4,
FaceForensics++,test,test,135_880,135_880,135,880,1,NeuralTextures,NeuralTextures/135_880.mp4,
FaceForensics++,test,test,880_135,135_880,880,135,1,NeuralTextures,NeuralTextures/880_135.mp4,
FaceForensics++,test,test,138,138_142,138,,0,,original/138.mp4,
FaceForensics++,test,test,142,138_142,142,,0,,original/142.mp4,
FaceForensics++,test,test,138_142,138_142,138,142,1,DeepFakes,Deepfakes/138_142.mp4,
FaceForensics++,test,test,142_138,138_142,142,138,1,DeepFakes,Deepfakes/142_138.mp4,
FaceForensics++,test,test,138_142,138_142,138,142,1,Face2Face,Face2Face/138_142.mp4,
FaceForensics++,test,test,142_138,138_142,142,138,1,Face2Face,Face2Face/142_138.mp4,
FaceForensics++,test,test,138_142,138_142,138,142,1,FaceSwap,FaceSwap/138_142.mp4,
FaceForensics++,test,test,142_138,138_142,142,138,1,FaceSwap,FaceSwap/142_138.mp4,
FaceForensics++,test,test,138_142,138_142,138,142,1,NeuralTextures,NeuralTextures/138_142.mp4,
FaceForensics++,test,test,142_138,138_142,142,138,1,NeuralTextures,NeuralTextures/142_138.mp4,
FaceForensics++,test,test,141,141_161,141,,0,,original/141.mp4,
FaceForensics++,test,test,161,141_161,161,,0,,original/161.mp4,
FaceForensics++,test,test,141_161,141_161,141,161,1,DeepFakes,Deepfakes/141_161.mp4,
FaceForensics++,test,test,161_141,141_161,161,141,1,DeepFakes,Deepfakes/161_141.mp4,
FaceForensics++,test,test,141_161,141_161,141,161,1,Face2Face,Face2Face/141_161.mp4,
FaceForensics++,test,test,161_141,141_161,161,141,1,Face2Face,Face2Face/161_141.mp4,
FaceForensics++,test,test,141_161,141_161,141,161,1,FaceSwap,FaceSwap/141_161.mp4,
FaceForensics++,test,test,161_141,141_161,161,141,1,FaceSwap,FaceSwap/161_141.mp4,
FaceForensics++,test,test,141_161,141_161,141,161,1,NeuralTextures,NeuralTextures/141_161.mp4,
FaceForensics++,test,test,161_141,141_161,161,141,1,NeuralTextures,NeuralTextures/161_141.mp4,
FaceForensics++,test,test,154,154_386,154,,0,,original/154.mp4,
FaceForensics++,test,test,386,154_386,386,,0,,original/386.mp4,
FaceForensics++,test,test,154_386,154_386,154,386,1,DeepFakes,Deepfakes/154_386.mp4,
FaceForensics++,test,test,386_154,154_386,386,154,1,DeepFakes,Deepfakes/386_154.mp4,
FaceForensics++,test,test,154_386,154_386,154,386,1,Face2Face,Face2Face/154_386.mp4,
FaceForensics++,test,test,386_154,154_386,386,154,1,Face2Face,Face2Face/386_154.mp4,
FaceForensics++,test,test,154_386,154_386,154,386,1,FaceSwap,FaceSwap/154_386.mp4,
FaceForensics++,test,test,386_154,154_386,386,154,1,FaceSwap,FaceSwap/386_154.mp4,
FaceForensics++,test,test,154_386,154_386,154,386,1,NeuralTextures,NeuralTextures/154_386.mp4,
FaceForensics++,test,test,386_154,154_386,386,154,1,NeuralTextures,NeuralTextures/386_154.mp4,
FaceForensics++,test,test,158,158_379,158,,0,,original/158.mp4,
FaceForensics++,test,test,379,158_379,379,,0,,original/379.mp4,
FaceForensics++,test,test,158_379,158_379,158,379,1,DeepFakes,Deepfakes/158_379.mp4,
FaceForensics++,test,test,379_158,158_379,379,158,1,DeepFakes,Deepfakes/379_158.mp4,
FaceForensics++,test,test,158_379,158_379,158,379,1,Face2Face,Face2Face/158_379.mp4,
FaceForensics++,test,test,379_158,158_379,379,158,1,Face2Face,Face2Face/379_158.mp4,
FaceForensics++,test,test,158_379,158_379,158,379,1,FaceSwap,FaceSwap/158_379.mp4,
FaceForensics++,test,test,379_158,158_379,379,158,1,FaceSwap,FaceSwap/379_158.mp4,
FaceForensics++,test,test,158_379,158_379,158,379,1,NeuralTextures,NeuralTextures/158_379.mp4,
FaceForensics++,test,test,379_158,158_379,379,158,1,NeuralTextures,NeuralTextures/379_158.mp4,
FaceForensics++,test,test,169,169_227,169,,0,,original/169.mp4,
FaceForensics++,test,test,227,169_227,227,,0,,original/227.mp4,
FaceForensics++,test,test,169_227,169_227,169,227,1,DeepFakes,Deepfakes/169_227.mp4,
FaceForensics++,test,test,227_169,169_227,227,169,1,DeepFakes,Deepfakes/227_169.mp4,
FaceForensics++,test,test,169_227,169_227,169,227,1,Face2Face,Face2Face/169_227.mp4,
FaceForensics++,test,test,227_169,169_227,227,169,1,Face2Face,Face2Face/227_169.mp4,
FaceForensics++,test,test,169_227,169_227,169,227,1,FaceSwap,FaceSwap/169_227.mp4,
FaceForensics++,test,test,227_169,169_227,227,169,1,FaceSwap,FaceSwap/227_169.mp4,
FaceForensics++,test,test,169_227,169_227,169,227,1,NeuralTextures,NeuralTextures/169_227.mp4,
FaceForensics++,test,test,227_169,169_227,227,169,1,NeuralTextures,NeuralTextures/227_169.mp4,
FaceForensics++,test,test,170,170_186,170,,0,,original/170.mp4,
FaceForensics++,test,test,186,170_186,186,,0,,original/186.mp4,
FaceForensics++,test,test,170_186,170_186,170,186,1,DeepFakes,Deepfakes/170_186.mp4,
FaceForensics++,test,test,186_170,170_186,186,170,1,DeepFakes,Deepfakes/186_170.mp4,
FaceForensics++,test,test,170_186,170_186,170,186,1,Face2Face,Face2Face/170_186.mp4,
FaceForensics++,test,test,186_170,170_186,186,170,1,Face2Face,Face2Face/186_170.mp4,
FaceForensics++,test,test,170_186,170_186,170,186,1,FaceSwap,FaceSwap/170_186.mp4,
FaceForensics++,test,test,186_170,170_186,186,170,1,FaceSwap,FaceSwap/186_170.mp4,
FaceForensics++,test,test,170_186,170_186,170,186,1,NeuralTextures,NeuralTextures/170_186.mp4,
FaceForensics++,test,test,186_170,170_186,186,170,1,NeuralTextures,NeuralTextures/186_170.mp4,
FaceForensics++,test,test,176,176_190,176,,0,,original/176.mp4,
FaceForensics++,test,test,190,176_190,190,,0,,original/190.mp4,
FaceForensics++,test,test,176_190,176_190,176,190,1,DeepFakes,Deepfakes/176_190.mp4,
FaceForensics++,test,test,190_176,176_190,190,176,1,DeepFakes,Deepfakes/190_176.mp4,
FaceForensics++,test,test,176_190,176_190,176,190,1,Face2Face,Face2Face/176_190.mp4,
FaceForensics++,test,test,190_176,176_190,190,176,1,Face2Face,Face2Face/190_176.mp4,
FaceForensics++,test,test,176_190,176_190,176,190,1,FaceSwap,FaceSwap/176_190.mp4,
FaceForensics++,test,test,190_176,176_190,190,176,1,FaceSwap,FaceSwap/190_176.mp4,
FaceForensics++,test,test,176_190,176_190,176,190,1,NeuralTextures,NeuralTextures/176_190.mp4,
FaceForensics++,test,test,190_176,176_190,190,176,1,NeuralTextures,NeuralTextures/190_176.mp4,
FaceForensics++,test,test,214,214_255,214,,0,,original/214.mp4,
FaceForensics++,test,test,255,214_255,255,,0,,original/255.mp4,
FaceForensics++,test,test,214_255,214_255,214,255,1,DeepFakes,Deepfakes/214_255.mp4,
FaceForensics++,test,test,255_214,214_255,255,214,1,DeepFakes,Deepfakes/255_214.mp4,
FaceForensics++,test,test,214_255,214_255,214,255,1,Face2Face,Face2Face/214_255.mp4,
FaceForensics++,test,test,255_214,214_255,255,214,1,Face2Face,Face2Face/255_214.mp4,
FaceForensics++,test,test,214_255,214_255,214,255,1,FaceSwap,FaceSwap/214_255.mp4,
FaceForensics++,test,test,255_214,214_255,255,214,1,FaceSwap,FaceSwap/255_214.mp4,
FaceForensics++,test,test,214_255,214_255,214,255,1,NeuralTextures,NeuralTextures/214_255.mp4,
FaceForensics++,test,test,255_214,214_255,255,214,1,NeuralTextures,NeuralTextures/255_214.mp4,
FaceForensics++,test,test,219,219_220,219,,0,,original/219.mp4,
FaceForensics++,test,test,220,219_220,220,,0,,original/220.mp4,
FaceForensics++,test,test,219_220,219_220,219,220,1,DeepFakes,Deepfakes/219_220.mp4,
FaceForensics++,test,test,220_219,219_220,220,219,1,DeepFakes,Deepfakes/220_219.mp4,
FaceForensics++,test,test,219_220,219_220,219,220,1,Face2Face,Face2Face/219_220.mp4,
FaceForensics++,test,test,220_219,219_220,220,219,1,Face2Face,Face2Face/220_219.mp4,
FaceForensics++,test,test,219_220,219_220,219,220,1,FaceSwap,FaceSwap/219_220.mp4,
FaceForensics++,test,test,220_219,219_220,220,219,1,FaceSwap,FaceSwap/220_219.mp4,
FaceForensics++,test,test,219_220,219_220,219,220,1,NeuralTextures,NeuralTextures/219_220.mp4,
FaceForensics++,test,test,220_219,219_220,220,219,1,NeuralTextures,NeuralTextures/220_219.mp4,
FaceForensics++,test,test,233,233_995,233,,0,,original/233.mp4,
FaceForensics++,test,test,995,233_995,995,,0,,original/995.mp4,
FaceForensics++,test,test,233_995,233_995,233,995,1,DeepFakes,Deepfakes/233_995.mp4,
FaceForensics++,test,test,995_233,233_995,995,233,1,DeepFakes,Deepfakes/995_233.mp4,
FaceForensics++,test,test,233_995,233_995,233,995,1,Face2Face,Face2Face/233_995.mp4,
FaceForensics++,test,test,995_233,233_995,995,233,1,Face2Face,Face2Face/995_233.mp4,
FaceForensics++,test,test,233_995,233_995,233,995,1,FaceSwap,FaceSwap/233_995.mp4,
FaceForensics++,test,test,995_233,233_995,995,233,1,FaceSwap,FaceSwap/995_233.mp4,
FaceForensics++,test,test,233_995,233_995,233,995,1,NeuralTextures,NeuralTextures/233_995.mp4,
FaceForensics++,test,test,995_233,233_995,995,233,1,NeuralTextures,NeuralTextures/995_233.mp4,
FaceForensics++,test,test,249,249_280,249,,0,,original/249.mp4,
FaceForensics++,test,test,280,249_280,280,,0,,original/280.mp4,
FaceForensics++,test,test,249_280,249_280,249,280,1,DeepFakes,Deepfakes/249_280.mp4,
FaceForensics++,test,test,280_249,249_280,280,249,1,DeepFakes,Deepfakes/280_249.mp4,
FaceForensics++,test,test,249_280,249_280,249,280,1,Face2Face,Face2Face/249_280.mp4,
FaceForensics++,test,test,280_249,249_280,280,249,1,Face2Face,Face2Face/280_249.mp4,
FaceForensics++,test,test,249_280,249_280,249,280,1,FaceSwap,FaceSwap/249_280.mp4,
FaceForensics++,test,test,280_249,249_280,280,249,1,FaceSwap,FaceSwap/280_249.mp4,
FaceForensics++,test,test,249_280,249_280,249,280,1,NeuralTextures,NeuralTextures/249_280.mp4,
FaceForensics++,test,test,280_249,249_280,280,249,1,NeuralTextures,NeuralTextures/280_249.mp4,
FaceForensics++,test,test,257,257_420,257,,0,,original/257.mp4,
FaceForensics++,test,test,420,257_420,420,,0,,original/420.mp4,
FaceForensics++,test,test,257_420,257_420,257,420,1,DeepFakes,Deepfakes/257_420.mp4,
FaceForensics++,test,test,420_257,257_420,420,257,1,DeepFakes,Deepfakes/420_257.mp4,
FaceForensics++,test,test,257_420,257_420,257,420,1,Face2Face,Face2Face/257_420.mp4,
FaceForensics++,test,test,420_257,257_420,420,257,1,Face2Face,Face2Face/420_257.mp4,
FaceForensics++,test,test,257_420,257_420,257,420,1,FaceSwap,FaceSwap/257_420.mp4,
FaceForensics++,test,test,420_257,257_420,420,257,1,FaceSwap,FaceSwap/420_257.mp4,
FaceForensics++,test,test,257_420,257_420,257,420,1,NeuralTextures,NeuralTextures/257_420.mp4,
FaceForensics++,test,test,420_257,257_420,420,257,1,NeuralTextures,NeuralTextures/420_257.mp4,
FaceForensics++,test,test,278,278_306,278,,0,,original/278.mp4,
FaceForensics++,test,test,306,278_306,306,,0,,original/306.mp4,
FaceForensics++,test,test,278_306,278_306,278,306,1,DeepFakes,Deepfakes/278_306.mp4,
FaceForensics++,test,test,306_278,278_306,306,278,1,DeepFakes,Deepfakes/306_278.mp4,
FaceForensics++,test,test,278_306,278_306,278,306,1,Face2Face,Face2Face/278_306.mp4,
FaceForensics++,test,test,306_278,278_306,306,278,1,Face2Face,Face2Face/306_278.mp4,
FaceForensics++,test,test,278_306,278_306,278,306,1,FaceSwap,FaceSwap/278_306.mp4,
FaceForensics++,test,test,306_278,278_306,306,278,1,FaceSwap,FaceSwap/306_278.mp4,
FaceForensics++,test,test,278_306,278_306,278,306,1,NeuralTextures,NeuralTextures/278_306.mp4,
FaceForensics++,test,test,306_278,278_306,306,278,1,NeuralTextures,NeuralTextures/306_278.mp4,
FaceForensics++,test,test,288,288_321,288,,0,,original/288.mp4,
FaceForensics++,test,test,321,288_321,321,,0,,original/321.mp4,
FaceForensics++,test,test,288_321,288_321,288,321,1,DeepFakes,Deepfakes/288_321.mp4,
FaceForensics++,test,test,321_288,288_321,321,288,1,DeepFakes,Deepfakes/321_288.mp4,
FaceForensics++,test,test,288_321,288_321,288,321,1,Face2Face,Face2Face/288_321.mp4,
FaceForensics++,test,test,321_288,288_321,321,288,1,Face2Face,Face2Face/321_288.mp4,
FaceForensics++,test,test,288_321,288_321,288,321,1,FaceSwap,FaceSwap/288_321.mp4,
FaceForensics++,test,test,321_288,288_321,321,288,1,FaceSwap,FaceSwap/321_288.mp4,
FaceForensics++,test,test,288_321,288_321,288,321,1,NeuralTextures,NeuralTextures/288_321.mp4,
FaceForensics++,test,test,321_288,288_321,321,288,1,NeuralTextures,NeuralTextures/321_288.mp4,
FaceForensics++,test,test,308,308_388,308,,0,,original/308.mp4,
FaceForensics++,test,test,388,308_388,388,,0,,original/388.mp4,
FaceForensics++,test,test,308_388,308_388,308,388,1,DeepFakes,Deepfakes/308_388.mp4,
FaceForensics++,test,test,388_308,308_388,388,308,1,DeepFakes,Deepfakes/388_308.mp4,
FaceForensics++,test,test,308_388,308_388,308,388,1,Face2Face,Face2Face/308_388.mp4,
FaceForensics++,test,test,388_308,308_388,388,308,1,Face2Face,Face2Face/388_308.mp4,
FaceForensics++,test,test,308_388,308_388,308,388,1,FaceSwap,FaceSwap/308_388.mp4,
FaceForensics++,test,test,388_308,308_388,388,308,1,FaceSwap,FaceSwap/388_308.mp4,
FaceForensics++,test,test,308_388,308_388,308,388,1,NeuralTextures,NeuralTextures/308_388.mp4,
FaceForensics++,test,test,388_308,308_388,388,308,1,NeuralTextures,NeuralTextures/388_308.mp4,
FaceForensics++,test,test,314,314_347,314,,0,,original/314.mp4,
FaceForensics++,test,test,347,314_347,347,,0,,original/347.mp4,
FaceForensics++,test,test,314_347,314_347,314,347,1,DeepFakes,Deepfakes/314_347.mp4,
FaceForensics++,test,test,347_314,314_347,347,314,1,DeepFakes,Deepfakes/347_314.mp4,
FaceForensics++,test,test,314_347,314_347,314,347,1,Face2Face,Face2Face/314_347.mp4,
FaceForensics++,test,test,347_314,314_347,347,314,1,Face2Face,Face2Face/347_314.mp4,
FaceForensics++,test,test,314_347,314_347,314,347,1,FaceSwap,FaceSwap/314_347.mp4,
FaceForensics++,test,test,347_314,314_347,347,314,1,FaceSwap,FaceSwap/347_314.mp4,
FaceForensics++,test,test,314_347,314_347,314,347,1,NeuralTextures,NeuralTextures/314_347.mp4,
FaceForensics++,test,test,347_314,314_347,347,314,1,NeuralTextures,NeuralTextures/347_314.mp4,
FaceForensics++,test,test,319,319_352,319,,0,,original/319.mp4,
FaceForensics++,test,test,352,319_352,352,,0,,original/352.mp4,
FaceForensics++,test,test,319_352,319_352,319,352,1,DeepFakes,Deepfakes/319_352.mp4,
FaceForensics++,test,test,352_319,319_352,352,319,1,DeepFakes,Deepfakes/352_319.mp4,
FaceForensics++,test,test,319_352,319_352,319,352,1,Face2Face,Face2Face/319_352.mp4,
FaceForensics++,test,test,352_319,319_352,352,319,1,Face2Face,Face2Face/352_319.mp4,
FaceForensics++,test,test,319_352,319_352,319,352,1,FaceSwap,FaceSwap/319_352.mp4,
FaceForensics++,test,test,352_319,319_352,352,319,1,FaceSwap,FaceSwap/352_319.mp4,
FaceForensics++,test,test,319_352,319_352,319,352,1,NeuralTextures,NeuralTextures/319_352.mp4,
FaceForensics++,test,test,352_319,319_352,352,319,1,NeuralTextures,NeuralTextures/352_319.mp4,
FaceForensics++,test,test,358,358_380,358,,0,,original/358.mp4,
FaceForensics++,test,test,380,358_380,380,,0,,original/380.mp4,
FaceForensics++,test,test,358_380,358_380,358,380,1,DeepFakes,Deepfakes/358_380.mp4,
FaceForensics++,test,test,380_358,358_380,380,358,1,DeepFakes,Deepfakes/380_358.mp4,
FaceForensics++,test,test,358_380,358_380,358,380,1,Face2Face,Face2Face/358_380.mp4,
FaceForensics++,test,test,380_358,358_380,380,358,1,Face2Face,Face2Face/380_358.mp4,
FaceForensics++,test,test,358_380,358_380,358,380,1,FaceSwap,FaceSwap/358_380.mp4,
FaceForensics++,test,test,380_358,358_380,380,358,1,FaceSwap,FaceSwap/380_358.mp4,
FaceForensics++,test,test,358_380,358_380,358,380,1,NeuralTextures,NeuralTextures/358_380.mp4,
FaceForensics++,test,test,380_358,358_380,380,358,1,NeuralTextures,NeuralTextures/380_358.mp4,
FaceForensics++,test,test,367,367_371,367,,0,,original/367.mp4,
FaceForensics++,test,test,371,367_371,371,,0,,original/371.mp4,
FaceForensics++,test,test,367_371,367_371,367,371,1,DeepFakes,Deepfakes/367_371.mp4,
FaceForensics++,test,test,371_367,367_371,371,367,1,DeepFakes,Deepfakes/371_367.mp4,
FaceForensics++,test,test,367_371,367_371,367,371,1,Face2Face,Face2Face/367_371.mp4,
FaceForensics++,test,test,371_367,367_371,371,367,1,Face2Face,Face2Face/371_367.mp4,
FaceForensics++,test,test,367_371,367_371,367,371,1,FaceSwap,FaceSwap/367_371.mp4,
FaceForensics++,test,test,371_367,367_371,371,367,1,FaceSwap,FaceSwap/371_367.mp4,
FaceForensics++,test,test,367_371,367_371,367,371,1,NeuralTextures,NeuralTextures/367_371.mp4,
FaceForensics++,test,test,371_367,367_371,371,367,1,NeuralTextures,NeuralTextures/371_367.mp4,
FaceForensics++,test,test,376,376_381,376,,0,,original/376.mp4,
FaceForensics++,test,test,381,376_381,381,,0,,original/381.mp4,
FaceForensics++,test,test,376_381,376_381,376,381,1,DeepFakes,Deepfakes/376_381.mp4,
FaceForensics++,test,test,381_376,376_381,381,376,1,DeepFakes,Deepfakes/381_376.mp4,
FaceForensics++,test,test,376_381,376_381,376,381,1,Face2Face,Face2Face/376_381.mp4,
FaceForensics++,test,test,381_376,376_381,381,376,1,Face2Face,Face2Face/381_376.mp4,
FaceForensics++,test,test,376_381,376_381,376,381,1,FaceSwap,FaceSwap/376_381.mp4,
FaceForensics++,test,test,381_376,376_381,381,376,1,FaceSwap,FaceSwap/381_376.mp4,
FaceForensics++,test,test,376_381,376_381,376,381,1,NeuralTextures,NeuralTextures/376_381.mp4,
FaceForensics++,test,test,381_376,376_381,381,376,1,NeuralTextures,NeuralTextures/381_376.mp4,
FaceForensics++,test,test,384,384_932,384,,0,,original/384.mp4,
FaceForensics++,test,test,932,384_932,932,,0,,original/932.mp4,
FaceForensics++,test,test,384_932,384_932,384,932,1,DeepFakes,Deepfakes/384_932.mp4,
FaceForensics++,test,test,932_384,384_932,932,384,1,DeepFakes,Deepfakes/932_384.mp4,
FaceForensics++,test,test,384_932,384_932,384,932,1,Face2Face,Face2Face/384_932.mp4,
FaceForensics++,test,test,932_384,384_932,932,384,1,Face2Face,Face2Face/932_384.mp4,
FaceForensics++,test,test,384_932,384_932,384,932,1,FaceSwap,FaceSwap/384_932.mp4,
FaceForensics++,test,test,932_384,384_932,932,384,1,FaceSwap,FaceSwap/932_384.mp4,
FaceForensics++,test,test,384_932,384_932,384,932,1,NeuralTextures,NeuralTextures/384_932.mp4,
FaceForensics++,test,test,932_384,384_932,932,384,1,NeuralTextures,NeuralTextures/932_384.mp4,
FaceForensics++,test,test,389,389_480,389,,0,,original/389.mp4,
FaceForensics++,test,test,480,389_480,480,,0,,original/480.mp4,
FaceForensics++,test,test,389_480,389_480,389,480,1,DeepFakes,Deepfakes/389_480.mp4,
FaceForensics++,test,test,480_389,389_480,480,389,1,DeepFakes,Deepfakes/480_389.mp4,
FaceForensics++,test,test,389_480,389_480,389,480,1,Face2Face,Face2Face/389_480.mp4,
FaceForensics++,test,test,480_389,389_480,480,389,1,Face2Face,Face2Face/480_389.mp4,
FaceForensics++,test,test,389_480,389_480,389,480,1,FaceSwap,FaceSwap/389_480.mp4,
FaceForensics++,test,test,480_389,389_480,480,389,1,FaceSwap,FaceSwap/480_389.mp4,
FaceForensics++,test,test,389_480,389_480,389,480,1,NeuralTextures,NeuralTextures/389_480.mp4,
FaceForensics++,test,test,480_389,389_480,480,389,1,NeuralTextures,NeuralTextures/480_389.mp4,
FaceForensics++,test,test,399,399_488,399,,0,,original/399.mp4,
FaceForensics++,test,test,488,399_488,488,,0,,original/488.mp4,
FaceForensics++,test,test,399_488,399_488,399,488,1,DeepFakes,Deepfakes/399_488.mp4,
FaceForensics++,test,test,488_399,399_488,488,399,1,DeepFakes,Deepfakes/488_399.mp4,
FaceForensics++,test,test,399_488,399_488,399,488,1,Face2Face,Face2Face/399_488.mp4,
FaceForensics++,test,test,488_399,399_488,488,399,1,Face2Face,Face2Face/488_399.mp4,
FaceForensics++,test,test,399_488,399_488,399,488,1,FaceSwap,FaceSwap/399_488.mp4,
FaceForensics++,test,test,488_399,399_488,488,399,1,FaceSwap,FaceSwap/488_399.mp4,
FaceForensics++,test,test,399_488,399_488,399,488,1,NeuralTextures,NeuralTextures/399_488.mp4,
FaceForensics++,test,test,488_399,399_488,488,399,1,NeuralTextures,NeuralTextures/488_399.mp4,
FaceForensics++,test,test,404,404_429,404,,0,,original/404.mp4,
FaceForensics++,test,test,429,404_429,429,,0,,original/429.mp4,
FaceForensics++,test,test,404_429,404_429,404,429,1,DeepFakes,Deepfakes/404_429.mp4,
FaceForensics++,test,test,429_404,404_429,429,404,1,DeepFakes,Deepfakes/429_404.mp4,
FaceForensics++,test,test,404_429,404_429,404,429,1,Face2Face,Face2Face/404_429.mp4,
FaceForensics++,test,test,429_404,404_429,429,404,1,Face2Face,Face2Face/429_404.mp4,
FaceForensics++,test,test,404_429,404_429,404,429,1,FaceSwap,FaceSwap/404_429.mp4,
FaceForensics++,test,test,429_404,404_429,429,404,1,FaceSwap,FaceSwap/429_404.mp4,
FaceForensics++,test,test,404_429,404_429,404,429,1,NeuralTextures,NeuralTextures/404_429.mp4,
FaceForensics++,test,test,429_404,404_429,429,404,1,NeuralTextures,NeuralTextures/429_404.mp4,
FaceForensics++,test,test,418,418_507,418,,0,,original/418.mp4,
FaceForensics++,test,test,507,418_507,507,,0,,original/507.mp4,
FaceForensics++,test,test,418_507,418_507,418,507,1,DeepFakes,Deepfakes/418_507.mp4,
FaceForensics++,test,test,507_418,418_507,507,418,1,DeepFakes,Deepfakes/507_418.mp4,
FaceForensics++,test,test,418_507,418_507,418,507,1,Face2Face,Face2Face/418_507.mp4,
FaceForensics++,test,test,507_418,418_507,507,418,1,Face2Face,Face2Face/507_418.mp4,
FaceForensics++,test,test,418_507,418_507,418,507,1,FaceSwap,FaceSwap/418_507.mp4,
FaceForensics++,test,test,507_418,418_507,507,418,1,FaceSwap,FaceSwap/507_418.mp4,
FaceForensics++,test,test,418_507,418_507,418,507,1,NeuralTextures,NeuralTextures/418_507.mp4,
FaceForensics++,test,test,507_418,418_507,507,418,1,NeuralTextures,NeuralTextures/507_418.mp4,
FaceForensics++,test,test,421,421_423,421,,0,,original/421.mp4,
FaceForensics++,test,test,423,421_423,423,,0,,original/423.mp4,
FaceForensics++,test,test,421_423,421_423,421,423,1,DeepFakes,Deepfakes/421_423.mp4,
FaceForensics++,test,test,423_421,421_423,423,421,1,DeepFakes,Deepfakes/423_421.mp4,
FaceForensics++,test,test,421_423,421_423,421,423,1,Face2Face,Face2Face/421_423.mp4,
FaceForensics++,test,test,423_421,421_423,423,421,1,Face2Face,Face2Face/423_421.mp4,
FaceForensics++,test,test,421_423,421_423,421,423,1,FaceSwap,FaceSwap/421_423.mp4,
FaceForensics++,test,test,423_421,421_423,423,421,1,FaceSwap,FaceSwap/423_421.mp4,
FaceForensics++,test,test,421_423,421_423,421,423,1,NeuralTextures,NeuralTextures/421_423.mp4,
FaceForensics++,test,test,423_421,421_423,423,421,1,NeuralTextures,NeuralTextures/423_421.mp4,
FaceForensics++,test,test,422,422_695,422,,0,,original/422.mp4,
FaceForensics++,test,test,695,422_695,695,,0,,original/695.mp4,
FaceForensics++,test,test,422_695,422_695,422,695,1,DeepFakes,Deepfakes/422_695.mp4,
FaceForensics++,test,test,695_422,422_695,695,422,1,DeepFakes,Deepfakes/695_422.mp4,
FaceForensics++,test,test,422_695,422_695,422,695,1,Face2Face,Face2Face/422_695.mp4,
FaceForensics++,test,test,695_422,422_695,695,422,1,Face2Face,Face2Face/695_422.mp4,
FaceForensics++,test,test,422_695,422_695,422,695,1,FaceSwap,FaceSwap/422_695.mp4,
FaceForensics++,test,test,695_422,422_695,695,422,1,FaceSwap,FaceSwap/695_422.mp4,
FaceForensics++,test,test,422_695,422_695,422,695,1,NeuralTextures,NeuralTextures/422_695.mp4,
FaceForensics++,test,test,695_422,422_695,695,422,1,NeuralTextures,NeuralTextures/695_422.mp4,
FaceForensics++,test,test,425,425_485,425,,0,,original/425.mp4,
FaceForensics++,test,test,485,425_485,485,,0,,original/485.mp4,
FaceForensics++,test,test,425_485,425_485,425,485,1,DeepFakes,Deepfakes/425_485.mp4,
FaceForensics++,test,test,485_425,425_485,485,425,1,DeepFakes,Deepfakes/485_425.mp4,
FaceForensics++,test,test,425_485,425_485,425,485,1,Face2Face,Face2Face/425_485.mp4,
FaceForensics++,test,test,485_425,425_485,485,425,1,Face2Face,Face2Face/485_425.mp4,
FaceForensics++,test,test,425_485,425_485,425,485,1,FaceSwap,FaceSwap/425_485.mp4,
FaceForensics++,test,test,485_425,425_485,485,425,1,FaceSwap,FaceSwap/485_425.mp4,
FaceForensics++,test,test,425_485,425_485,425,485,1,NeuralTextures,NeuralTextures/425_485.mp4,
FaceForensics++,test,test,485_425,425_485,485,425,1,NeuralTextures,NeuralTextures/485_425.mp4,
FaceForensics++,test,test,445,445_494,445,,0,,original/445.mp4,
FaceForensics++,test,test,494,445_494,494,,0,,original/494.mp4,
FaceForensics++,test,test,445_494,445_494,445,494,1,DeepFakes,Deepfakes/445_494.mp4,
FaceForensics++,test,test,494_445,445_494,494,445,1,DeepFakes,Deepfakes/494_445.mp4,
FaceForensics++,test,test,445_494,445_494,445,494,1,Face2Face,Face2Face/445_494.mp4,
FaceForensics++,test,test,494_445,445_494,494,445,1,Face2Face,Face2Face/494_445.mp4,
FaceForensics++,test,test,445_494,445_494,445,494,1,FaceSwap,FaceSwap/445_494.mp4,
FaceForensics++,test,test,494_445,445_494,494,445,1,FaceSwap,FaceSwap/494_445.mp4,
FaceForensics++,test,test,445_494,445_494,445,494,1,NeuralTextures,NeuralTextures/445_494.mp4,
FaceForensics++,test,test,494_445,445_494,494,445,1,NeuralTextures,NeuralTextures/494_445.mp4,
FaceForensics++,test,test,452,452_550,452,,0,,original/452.mp4,
FaceForensics++,test,test,550,452_550,550,,0,,original/550.mp4,
FaceForensics++,test,test,452_550,452_550,452,550,1,DeepFakes,Deepfakes/452_550.mp4,
FaceForensics++,test,test,550_452,452_550,550,452,1,DeepFakes,Deepfakes/550_452.mp4,
FaceForensics++,test,test,452_550,452_550,452,550,1,Face2Face,Face2Face/452_550.mp4,
FaceForensics++,test,test,550_452,452_550,550,452,1,Face2Face,Face2Face/550_452.mp4,
FaceForensics++,test,test,452_550,452_550,452,550,1,FaceSwap,FaceSwap/452_550.mp4,
FaceForensics++,test,test,550_452,452_550,550,452,1,FaceSwap,FaceSwap/550_452.mp4,
FaceForensics++,test,test,452_550,452_550,452,550,1,NeuralTextures,NeuralTextures/452_550.mp4,
FaceForensics++,test,test,550_452,452_550,550,452,1,NeuralTextures,NeuralTextures/550_452.mp4,
FaceForensics++,test,test,454,454_527,454,,0,,original/454.mp4,
FaceForensics++,test,test,527,454_527,527,,0,,original/527.mp4,
FaceForensics++,test,test,454_527,454_527,454,527,1,DeepFakes,Deepfakes/454_527.mp4,
FaceForensics++,test,test,527_454,454_527,527,454,1,DeepFakes,Deepfakes/527_454.mp4,
FaceForensics++,test,test,454_527,454_527,454,527,1,Face2Face,Face2Face/454_527.mp4,
FaceForensics++,test,test,527_454,454_527,527,454,1,Face2Face,Face2Face/527_454.mp4,
FaceForensics++,test,test,454_527,454_527,454,527,1,FaceSwap,FaceSwap/454_527.mp4,
FaceForensics++,test,test,527_454,454_527,527,454,1,FaceSwap,FaceSwap/527_454.mp4,
FaceForensics++,test,test,454_527,454_527,454,527,1,NeuralTextures,NeuralTextures/454_527.mp4,
FaceForensics++,test,test,527_454,454_527,527,454,1,NeuralTextures,NeuralTextures/527_454.mp4,
FaceForensics++,test,test,462,462_467,462,,0,,original/462.mp4,
FaceForensics++,test,test,467,462_467,467,,0,,original/467.mp4,
FaceForensics++,test,test,462_467,462_467,462,467,1,DeepFakes,Deepfakes/462_467.mp4,
FaceForensics++,test,test,467_462,462_467,467,462,1,DeepFakes,Deepfakes/467_462.mp4,
FaceForensics++,test,test,462_467,462_467,462,467,1,Face2Face,Face2Face/462_467.mp4,
FaceForensics++,test,test,467_462,462_467,467,462,1,Face2Face,Face2Face/467_462.mp4,
FaceForensics++,test,test,462_467,462_467,462,467,1,FaceSwap,FaceSwap/462_467.mp4,
FaceForensics++,test,test,467_462,462_467,467,462,1,FaceSwap,FaceSwap/467_462.mp4,
FaceForensics++,test,test,462_467,462_467,462,467,1,NeuralTextures,NeuralTextures/462_467.mp4,
FaceForensics++,test,test,467_462,462_467,467,462,1,NeuralTextures,NeuralTextures/467_462.mp4,
FaceForensics++,test,test,479,479_706,479,,0,,original/479.mp4,
FaceForensics++,test,test,706,479_706,706,,0,,original/706.mp4,
FaceForensics++,test,test,479_706,479_706,479,706,1,DeepFakes,Deepfakes/479_706.mp4,
FaceForensics++,test,test,706_479,479_706,706,479,1,DeepFakes,Deepfakes/706_479.mp4,
FaceForensics++,test,test,479_706,479_706,479,706,1,Face2Face,Face2Face/479_706.mp4,
FaceForensics++,test,test,706_479,479_706,706,479,1,Face2Face,Face2Face/706_479.mp4,
FaceForensics++,test,test,479_706,479_706,479,706,1,FaceSwap,FaceSwap/479_706.mp4,
FaceForensics++,test,test,706_479,479_706,706,479,1,FaceSwap,FaceSwap/706_479.mp4,
FaceForensics++,test,test,479_706,479_706,479,706,1,NeuralTextures,NeuralTextures/479_706.mp4,
FaceForensics++,test,test,706_479,479_706,706,479,1,NeuralTextures,NeuralTextures/706_479.mp4,
FaceForensics++,test,test,517,517_521,517,,0,,original/517.mp4,
FaceForensics++,test,test,521,517_521,521,,0,,original/521.mp4,
FaceForensics++,test,test,517_521,517_521,517,521,1,DeepFakes,Deepfakes/517_521.mp4,
FaceForensics++,test,test,521_517,517_521,521,517,1,DeepFakes,Deepfakes/521_517.mp4,
FaceForensics++,test,test,517_521,517_521,517,521,1,Face2Face,Face2Face/517_521.mp4,
FaceForensics++,test,test,521_517,517_521,521,517,1,Face2Face,Face2Face/521_517.mp4,
FaceForensics++,test,test,517_521,517_521,517,521,1,FaceSwap,FaceSwap/517_521.mp4,
FaceForensics++,test,test,521_517,517_521,521,517,1,FaceSwap,FaceSwap/521_517.mp4,
FaceForensics++,test,test,517_521,517_521,517,521,1,NeuralTextures,NeuralTextures/517_521.mp4,
FaceForensics++,test,test,521_517,517_521,521,517,1,NeuralTextures,NeuralTextures/521_517.mp4,
FaceForensics++,test,test,529,529_633,529,,0,,original/529.mp4,
FaceForensics++,test,test,633,529_633,633,,0,,original/633.mp4,
FaceForensics++,test,test,529_633,529_633,529,633,1,DeepFakes,Deepfakes/529_633.mp4,
FaceForensics++,test,test,633_529,529_633,633,529,1,DeepFakes,Deepfakes/633_529.mp4,
FaceForensics++,test,test,529_633,529_633,529,633,1,Face2Face,Face2Face/529_633.mp4,
FaceForensics++,test,test,633_529,529_633,633,529,1,Face2Face,Face2Face/633_529.mp4,
FaceForensics++,test,test,529_633,529_633,529,633,1,FaceSwap,FaceSwap/529_633.mp4,
FaceForensics++,test,test,633_529,529_633,633,529,1,FaceSwap,FaceSwap/633_529.mp4,
FaceForensics++,test,test,529_633,529_633,529,633,1,NeuralTextures,NeuralTextures/529_633.mp4,
FaceForensics++,test,test,633_529,529_633,633,529,1,NeuralTextures,NeuralTextures/633_529.mp4,
FaceForensics++,test,test,552,552_851,552,,0,,original/552.mp4,
FaceForensics++,test,test,851,552_851,851,,0,,original/851.mp4,
FaceForensics++,test,test,552_851,552_851,552,851,1,DeepFakes,Deepfakes/552_851.mp4,
FaceForensics++,test,test,851_552,552_851,851,552,1,DeepFakes,Deepfakes/851_552.mp4,
FaceForensics++,test,test,552_851,552_851,552,851,1,Face2Face,Face2Face/552_851.mp4,
FaceForensics++,test,test,851_552,552_851,851,552,1,Face2Face,Face2Face/851_552.mp4,
FaceForensics++,test,test,552_851,552_851,552,851,1,FaceSwap,FaceSwap/552_851.mp4,
FaceForensics++,test,test,851_552,552_851,851,552,1,FaceSwap,FaceSwap/851_552.mp4,
FaceForensics++,test,test,552_851,552_851,552,851,1,NeuralTextures,NeuralTextures/552_851.mp4,
FaceForensics++,test,test,851_552,552_851,851,552,1,NeuralTextures,NeuralTextures/851_552.mp4,
FaceForensics++,test,test,579,579_701,579,,0,,original/579.mp4,
FaceForensics++,test,test,701,579_701,701,,0,,original/701.mp4,
FaceForensics++,test,test,579_701,579_701,579,701,1,DeepFakes,Deepfakes/579_701.mp4,
FaceForensics++,test,test,701_579,579_701,701,579,1,DeepFakes,Deepfakes/701_579.mp4,
FaceForensics++,test,test,579_701,579_701,579,701,1,Face2Face,Face2Face/579_701.mp4,
FaceForensics++,test,test,701_579,579_701,701,579,1,Face2Face,Face2Face/701_579.mp4,
FaceForensics++,test,test,579_701,579_701,579,701,1,FaceSwap,FaceSwap/579_701.mp4,
FaceForensics++,test,test,701_579,579_701,701,579,1,FaceSwap,FaceSwap/701_579.mp4,
FaceForensics++,test,test,579_701,579_701,579,701,1,NeuralTextures,NeuralTextures/579_701.mp4,
FaceForensics++,test,test,701_579,579_701,701,579,1,NeuralTextures,NeuralTextures/701_579.mp4,
FaceForensics++,test,test,607,607_683,607,,0,,original/607.mp4,
FaceForensics++,test,test,683,607_683,683,,0,,original/683.mp4,
FaceForensics++,test,test,607_683,607_683,607,683,1,DeepFakes,Deepfakes/607_683.mp4,
FaceForensics++,test,test,683_607,607_683,683,607,1,DeepFakes,Deepfakes/683_607.mp4,
FaceForensics++,test,test,607_683,607_683,607,683,1,Face2Face,Face2Face/607_683.mp4,
FaceForensics++,test,test,683_607,607_683,683,607,1,Face2Face,Face2Face/683_607.mp4,
FaceForensics++,test,test,607_683,607_683,607,683,1,FaceSwap,FaceSwap/607_683.mp4,
FaceForensics++,test,test,683_607,607_683,683,607,1,FaceSwap,FaceSwap/683_607.mp4,
FaceForensics++,test,test,607_683,607_683,607,683,1,NeuralTextures,NeuralTextures/607_683.mp4,
FaceForensics++,test,test,683_607,607_683,683,607,1,NeuralTextures,NeuralTextures/683_607.mp4,
FaceForensics++,test,test,608,608_675,608,,0,,original/608.mp4,
FaceForensics++,test,test,675,608_675,675,,0,,original/675.mp4,
FaceForensics++,test,test,608_675,608_675,608,675,1,DeepFakes,Deepfakes/608_675.mp4,
FaceForensics++,test,test,675_608,608_675,675,608,1,DeepFakes,Deepfakes/675_608.mp4,
FaceForensics++,test,test,608_675,608_675,608,675,1,Face2Face,Face2Face/608_675.mp4,
FaceForensics++,test,test,675_608,608_675,675,608,1,Face2Face,Face2Face/675_608.mp4,
FaceForensics++,test,test,608_675,608_675,608,675,1,FaceSwap,FaceSwap/608_675.mp4,
FaceForensics++,test,test,675_608,608_675,675,608,1,FaceSwap,FaceSwap/675_608.mp4,
FaceForensics++,test,test,608_675,608_675,608,675,1,NeuralTextures,NeuralTextures/608_675.mp4,
FaceForensics++,test,test,675_608,608_675,675,608,1,NeuralTextures,NeuralTextures/675_608.mp4,
FaceForensics++,test,test,623,623_630,623,,0,,original/623.mp4,
FaceForensics++,test,test,630,623_630,630,,0,,original/630.mp4,
FaceForensics++,test,test,623_630,623_630,623,630,1,DeepFakes,Deepfakes/623_630.mp4,
FaceForensics++,test,test,630_623,623_630,630,623,1,DeepFakes,Deepfakes/630_623.mp4,
FaceForensics++,test,test,623_630,623_630,623,630,1,Face2Face,Face2Face/623_630.mp4,
FaceForensics++,test,test,630_623,623_630,630,623,1,Face2Face,Face2Face/630_623.mp4,
FaceForensics++,test,test,623_630,623_630,623,630,1,FaceSwap,FaceSwap/623_630.mp4,
FaceForensics++,test,test,630_623,623_630,630,623,1,FaceSwap,FaceSwap/630_623.mp4,
FaceForensics++,test,test,623_630,623_630,623,630,1,NeuralTextures,NeuralTextures/623_630.mp4,
FaceForensics++,test,test,630_623,623_630,630,623,1,NeuralTextures,NeuralTextures/630_623.mp4,
FaceForensics++,test,test,625,625_650,625,,0,,original/625.mp4,
FaceForensics++,test,test,650,625_650,650,,0,,original/650.mp4,
FaceForensics++,test,test,625_650,625_650,625,650,1,DeepFakes,Deepfakes/625_650.mp4,
FaceForensics++,test,test,650_625,625_650,650,625,1,DeepFakes,Deepfakes/650_625.mp4,
FaceForensics++,test,test,625_650,625_650,625,650,1,Face2Face,Face2Face/625_650.mp4,
FaceForensics++,test,test,650_625,625_650,650,625,1,Face2Face,Face2Face/650_625.mp4,
FaceForensics++,test,test,625_650,625_650,625,650,1,FaceSwap,FaceSwap/625_650.mp4,
FaceForensics++,test,test,650_625,625_650,650,625,1,FaceSwap,FaceSwap/650_625.mp4,
FaceForensics++,test,test,625_650,625_650,625,650,1,NeuralTextures,NeuralTextures/625_650.mp4,
FaceForensics++,test,test,650_625,625_650,650,625,1,NeuralTextures,NeuralTextures/650_625.mp4,
FaceForensics++,test,test,634,634_660,634,,0,,original/634.mp4,
FaceForensics++,test,test,660,634_660,660,,0,,original/660.mp4,
FaceForensics++,test,test,634_660,634_660,634,660,1,DeepFakes,Deepfakes/634_660.mp4,
FaceForensics++,test,test,660_634,634_660,660,634,1,DeepFakes,Deepfakes/660_634.mp4,
FaceForensics++,test,test,634_660,634_660,634,660,1,Face2Face,Face2Face/634_660.mp4,
FaceForensics++,test,test,660_634,634_660,660,634,1,Face2Face,Face2Face/660_634.mp4,
FaceForensics++,test,test,634_660,634_660,634,660,1,FaceSwap,FaceSwap/634_660.mp4,
FaceForensics++,test,test,660_634,634_660,660,634,1,FaceSwap,FaceSwap/660_634.mp4,
FaceForensics++,test,test,634_660,634_660,634,660,1,NeuralTextures,NeuralTextures/634_660.mp4,
FaceForensics++,test,test,660_634,634_660,660,634,1,NeuralTextures,NeuralTextures/660_634.mp4,
FaceForensics++,test,test,661,661_670,661,,0,,original/661.mp4,
FaceForensics++,test,test,670,661_670,670,,0,,original/670.mp4,
FaceForensics++,test,test,661_670,661_670,661,670,1,DeepFakes,Deepfakes/661_670.mp4,
FaceForensics++,test,test,670_661,661_670,670,661,1,DeepFakes,Deepfakes/670_661.mp4,
FaceForensics++,test,test,661_670,661_670,661,670,1,Face2Face,Face2Face/661_670.mp4,
FaceForensics++,test,test,670_661,661_670,670,661,1,Face2Face,Face2Face/670_661.mp4,
FaceForensics++,test,test,661_670,661_670,661,670,1,FaceSwap,FaceSwap/661_670.mp4,
FaceForensics++,test,test,670_661,661_670,670,661,1,FaceSwap,FaceSwap/670_661.mp4,
FaceForensics++,test,test,661_670,661_670,661,670,1,NeuralTextures,NeuralTextures/661_670.mp4,
FaceForensics++,test,test,670_661,661_670,670,661,1,NeuralTextures,NeuralTextures/670_661.mp4,
FaceForensics++,test,test,669,669_682,669,,0,,original/669.mp4,
FaceForensics++,test,test,682,669_682,682,,0,,original/682.mp4,
FaceForensics++,test,test,669_682,669_682,669,682,1,DeepFakes,Deepfakes/669_682.mp4,
FaceForensics++,test,test,682_669,669_682,682,669,1,DeepFakes,Deepfakes/682_669.mp4,
FaceForensics++,test,test,669_682,669_682,669,682,1,Face2Face,Face2Face/669_682.mp4,
FaceForensics++,test,test,682_669,669_682,682,669,1,Face2Face,Face2Face/682_669.mp4,
FaceForensics++,test,test,669_682,669_682,669,682,1,FaceSwap,FaceSwap/669_682.mp4,
FaceForensics++,test,test,682_669,669_682,682,669,1,FaceSwap,FaceSwap/682_669.mp4,
FaceForensics++,test,test,669_682,669_682,669,682,1,NeuralTextures,NeuralTextures/669_682.mp4,
FaceForensics++,test,test,682_669,669_682,682,669,1,NeuralTextures,NeuralTextures/682_669.mp4,
FaceForensics++,test,test,691,691_732,691,,0,,original/691.mp4,
FaceForensics++,test,test,732,691_732,732,,0,,original/732.mp4,
FaceForensics++,test,test,691_732,691_732,691,732,1,DeepFakes,Deepfakes/691_732.mp4,
FaceForensics++,test,test,732_691,691_732,732,691,1,DeepFakes,Deepfakes/732_691.mp4,
FaceForensics++,test,test,691_732,691_732,691,732,1,Face2Face,Face2Face/691_732.mp4,
FaceForensics++,test,test,732_691,691_732,732,691,1,Face2Face,Face2Face/732_691.mp4,
FaceForensics++,test,test,691_732,691_732,691,732,1,FaceSwap,FaceSwap/691_732.mp4,
FaceForensics++,test,test,732_691,691_732,732,691,1,FaceSwap,FaceSwap/732_691.mp4,
FaceForensics++,test,test,691_732,691_732,691,732,1,NeuralTextures,NeuralTextures/691_732.mp4,
FaceForensics++,test,test,732_691,691_732,732,691,1,NeuralTextures,NeuralTextures/732_691.mp4,
FaceForensics++,test,test,705,705_707,705,,0,,original/705.mp4,
FaceForensics++,test,test,707,705_707,707,,0,,original/707.mp4,
FaceForensics++,test,test,705_707,705_707,705,707,1,DeepFakes,Deepfakes/705_707.mp4,
FaceForensics++,test,test,707_705,705_707,707,705,1,DeepFakes,Deepfakes/707_705.mp4,
FaceForensics++,test,test,705_707,705_707,705,707,1,Face2Face,Face2Face/705_707.mp4,
FaceForensics++,test,test,707_705,705_707,707,705,1,Face2Face,Face2Face/707_705.mp4,
FaceForensics++,test,test,705_707,705_707,705,707,1,FaceSwap,FaceSwap/705_707.mp4,
FaceForensics++,test,test,707_705,705_707,707,705,1,FaceSwap,FaceSwap/707_705.mp4,
FaceForensics++,test,test,705_707,705_707,705,707,1,NeuralTextures,NeuralTextures/705_707.mp4,
FaceForensics++,test,test,707_705,705_707,707,705,1,NeuralTextures,NeuralTextures/707_705.mp4,
FaceForensics++,test,test,714,714_842,714,,0,,original/714.mp4,
FaceForensics++,test,test,842,714_842,842,,0,,original/842.mp4,
FaceForensics++,test,test,714_842,714_842,714,842,1,DeepFakes,Deepfakes/714_842.mp4,
FaceForensics++,test,test,842_714,714_842,842,714,1,DeepFakes,Deepfakes/842_714.mp4,
FaceForensics++,test,test,714_842,714_842,714,842,1,Face2Face,Face2Face/714_842.mp4,
FaceForensics++,test,test,842_714,714_842,842,714,1,Face2Face,Face2Face/842_714.mp4,
FaceForensics++,test,test,714_842,714_842,714,842,1,FaceSwap,FaceSwap/714_842.mp4,
FaceForensics++,test,test,842_714,714_842,842,714,1,FaceSwap,FaceSwap/842_714.mp4,
FaceForensics++,test,test,714_842,714_842,714,842,1,NeuralTextures,NeuralTextures/714_842.mp4,
FaceForensics++,test,test,842_714,714_842,842,714,1,NeuralTextures,NeuralTextures/842_714.mp4,
FaceForensics++,test,test,724,724_725,724,,0,,original/724.mp4,
FaceForensics++,test,test,725,724_725,725,,0,,original/725.mp4,
FaceForensics++,test,test,724_725,724_725,724,725,1,DeepFakes,Deepfakes/724_725.mp4,
FaceForensics++,test,test,725_724,724_725,725,724,1,DeepFakes,Deepfakes/725_724.mp4,
FaceForensics++,test,test,724_725,724_725,724,725,1,Face2Face,Face2Face/724_725.mp4,
FaceForensics++,test,test,725_724,724_725,725,724,1,Face2Face,Face2Face/725_724.mp4,
FaceForensics++,test,test,724_725,724_725,724,725,1,FaceSwap,FaceSwap/724_725.mp4,
FaceForensics++,test,test,725_724,724_725,725,724,1,FaceSwap,FaceSwap/725_724.mp4,
FaceForensics++,test,test,724_725,724_725,724,725,1,NeuralTextures,NeuralTextures/724_725.mp4,
FaceForensics++,test,test,725_724,724_725,725,724,1,NeuralTextures,NeuralTextures/725_724.mp4,
FaceForensics++,test,test,731,731_741,731,,0,,original/731.mp4,
FaceForensics++,test,test,741,731_741,741,,0,,original/741.mp4,
FaceForensics++,test,test,731_741,731_741,731,741,1,DeepFakes,Deepfakes/731_741.mp4,
FaceForensics++,test,test,741_731,731_741,741,731,1,DeepFakes,Deepfakes/741_731.mp4,
FaceForensics++,test,test,731_741,731_741,731,741,1,Face2Face,Face2Face/731_741.mp4,
FaceForensics++,test,test,741_731,731_741,741,731,1,Face2Face,Face2Face/741_731.mp4,
FaceForensics++,test,test,731_741,731_741,731,741,1,FaceSwap,FaceSwap/731_741.mp4,
FaceForensics++,test,test,741_731,731_741,741,731,1,FaceSwap,FaceSwap/741_731.mp4,
FaceForensics++,test,test,731_741,731_741,731,741,1,NeuralTextures,NeuralTextures/731_741.mp4,
FaceForensics++,test,test,741_731,731_741,741,731,1,NeuralTextures,NeuralTextures/741_731.mp4,
FaceForensics++,test,test,739,739_865,739,,0,,original/739.mp4,
FaceForensics++,test,test,865,739_865,865,,0,,original/865.mp4,
FaceForensics++,test,test,739_865,739_865,739,865,1,DeepFakes,Deepfakes/739_865.mp4,
FaceForensics++,test,test,865_739,739_865,865,739,1,DeepFakes,Deepfakes/865_739.mp4,
FaceForensics++,test,test,739_865,739_865,739,865,1,Face2Face,Face2Face/739_865.mp4,
FaceForensics++,test,test,865_739,739_865,865,739,1,Face2Face,Face2Face/865_739.mp4,
FaceForensics++,test,test,739_865,739_865,739,865,1,FaceSwap,FaceSwap/739_865.mp4,
FaceForensics++,test,test,865_739,739_865,865,739,1,FaceSwap,FaceSwap/865_739.mp4,
FaceForensics++,test,test,739_865,739_865,739,865,1,NeuralTextures,NeuralTextures/739_865.mp4,
FaceForensics++,test,test,865_739,739_865,865,739,1,NeuralTextures,NeuralTextures/865_739.mp4,
FaceForensics++,test,test,755,755_759,755,,0,,original/755.mp4,
FaceForensics++,test,test,759,755_759,759,,0,,original/759.mp4,
FaceForensics++,test,test,755_759,755_759,755,759,1,DeepFakes,Deepfakes/755_759.mp4,
FaceForensics++,test,test,759_755,755_759,759,755,1,DeepFakes,Deepfakes/759_755.mp4,
FaceForensics++,test,test,755_759,755_759,755,759,1,Face2Face,Face2Face/755_759.mp4,
FaceForensics++,test,test,759_755,755_759,759,755,1,Face2Face,Face2Face/759_755.mp4,
FaceForensics++,test,test,755_759,755_759,755,759,1,FaceSwap,FaceSwap/755_759.mp4,
FaceForensics++,test,test,759_755,755_759,759,755,1,FaceSwap,FaceSwap/759_755.mp4,
FaceForensics++,test,test,755_759,755_759,755,759,1,NeuralTextures,NeuralTextures/755_759.mp4,
FaceForensics++,test,test,759_755,755_759,759,755,1,NeuralTextures,NeuralTextures/759_755.mp4,
FaceForensics++,test,test,801,801_855,801,,0,,original/801.mp4,
FaceForensics++,test,test,855,801_855,855,,0,,original/855.mp4,
FaceForensics++,test,test,801_855,801_855,801,855,1,DeepFakes,Deepfakes/801_855.mp4,
FaceForensics++,test,test,855_801,801_855,855,801,1,DeepFakes,Deepfakes/855_801.mp4,
FaceForensics++,test,test,801_855,801_855,801,855,1,Face2Face,Face2Face/801_855.mp4,
FaceForensics++,test,test,855_801,801_855,855,801,1,Face2Face,Face2Face/855_801.mp4,
FaceForensics++,test,test,801_855,801_855,801,855,1,FaceSwap,FaceSwap/801_855.mp4,
FaceForensics++,test,test,855_801,801_855,855,801,1,FaceSwap,FaceSwap/855_801.mp4,
FaceForensics++,test,test,801_855,801_855,801,855,1,NeuralTextures,NeuralTextures/801_855.mp4,
FaceForensics++,test,test,855_801,801_855,855,801,1,NeuralTextures,NeuralTextures/855_801.mp4,
FaceForensics++,test,test,812,812_821,812,,0,,original/812.mp4,
FaceForensics++,test,test,821,812_821,821,,0,,original/821.mp4,
FaceForensics++,test,test,812_821,812_821,812,821,1,DeepFakes,Deepfakes/812_821.mp4,
FaceForensics++,test,test,821_812,812_821,821,812,1,DeepFakes,Deepfakes/821_812.mp4,
FaceForensics++,test,test,812_821,812_821,812,821,1,Face2Face,Face2Face/812_821.mp4,
FaceForensics++,test,test,821_812,812_821,821,812,1,Face2Face,Face2Face/821_812.mp4,
FaceForensics++,test,test,812_821,812_821,812,821,1,FaceSwap,FaceSwap/812_821.mp4,
FaceForensics++,test,test,821_812,812_821,821,812,1,FaceSwap,FaceSwap/821_812.mp4,
FaceForensics++,test,test,812_821,812_821,812,821,1,NeuralTextures,NeuralTextures/812_821.mp4,
FaceForensics++,test,test,821_812,812_821,821,812,1,NeuralTextures,NeuralTextures/821_812.mp4,
FaceForensics++,test,test,847,847_906,847,,0,,original/847.mp4,
FaceForensics++,test,test,906,847_906,906,,0,,original/906.mp4,
FaceForensics++,test,test,847_906,847_906,847,906,1,DeepFakes,Deepfakes/847_906.mp4,
FaceForensics++,test,test,906_847,847_906,906,847,1,DeepFakes,Deepfakes/906_847.mp4,
FaceForensics++,test,test,847_906,847_906,847,906,1,Face2Face,Face2Face/847_906.mp4,
FaceForensics++,test,test,906_847,847_906,906,847,1,Face2Face,Face2Face/906_847.mp4,
FaceForensics++,test,test,847_906,847_906,847,906,1,FaceSwap,FaceSwap/847_906.mp4,
FaceForensics++,test,test,906_847,847_906,906,847,1,FaceSwap,FaceSwap/906_847.mp4,
FaceForensics++,test,test,847_906,847_906,847,906,1,NeuralTextures,NeuralTextures/847_906.mp4,
FaceForensics++,test,test,906_847,847_906,906,847,1,NeuralTextures,NeuralTextures/906_847.mp4,
FaceForensics++,test,test,868,868_949,868,,0,,original/868.mp4,
FaceForensics++,test,test,949,868_949,949,,0,,original/949.mp4,
FaceForensics++,test,test,868_949,868_949,868,949,1,DeepFakes,Deepfakes/868_949.mp4,
FaceForensics++,test,test,949_868,868_949,949,868,1,DeepFakes,Deepfakes/949_868.mp4,
FaceForensics++,test,test,868_949,868_949,868,949,1,Face2Face,Face2Face/868_949.mp4,
FaceForensics++,test,test,949_868,868_949,949,868,1,Face2Face,Face2Face/949_868.mp4,
FaceForensics++,test,test,868_949,868_949,868,949,1,FaceSwap,FaceSwap/868_949.mp4,
FaceForensics++,test,test,949_868,868_949,949,868,1,FaceSwap,FaceSwap/949_868.mp4,
FaceForensics++,test,test,868_949,868_949,868,949,1,NeuralTextures,NeuralTextures/868_949.mp4,
FaceForensics++,test,test,949_868,868_949,949,868,1,NeuralTextures,NeuralTextures/949_868.mp4,
FaceForensics++,test,test,917,917_924,917,,0,,original/917.mp4,
FaceForensics++,test,test,924,917_924,924,,0,,original/924.mp4,
FaceForensics++,test,test,917_924,917_924,917,924,1,DeepFakes,Deepfakes/917_924.mp4,
FaceForensics++,test,test,924_917,917_924,924,917,1,DeepFakes,Deepfakes/924_917.mp4,
FaceForensics++,test,test,917_924,917_924,917,924,1,Face2Face,Face2Face/917_924.mp4,
FaceForensics++,test,test,924_917,917_924,924,917,1,Face2Face,Face2Face/924_917.mp4,
FaceForensics++,test,test,917_924,917_924,917,924,1,FaceSwap,FaceSwap/917_924.mp4,
FaceForensics++,test,test,924_917,917_924,924,917,1,FaceSwap,FaceSwap/924_917.mp4,
FaceForensics++,test,test,917_924,917_924,917,924,1,NeuralTextures,NeuralTextures/917_924.mp4,
FaceForensics++,test,test,924_917,917_924,924,917,1,NeuralTextures,NeuralTextures/924_917.mp4,
FaceForensics++,test,test,953,953_974,953,,0,,original/953.mp4,
FaceForensics++,test,test,974,953_974,974,,0,,original/974.mp4,
FaceForensics++,test,test,953_974,953_974,953,974,1,DeepFakes,Deepfakes/953_974.mp4,
FaceForensics++,test,test,974_953,953_974,974,953,1,DeepFakes,Deepfakes/974_953.mp4,
FaceForensics++,test,test,953_974,953_974,953,974,1,Face2Face,Face2Face/953_974.mp4,
FaceForensics++,test,test,974_953,953_974,974,953,1,Face2Face,Face2Face/974_953.mp4,
FaceForensics++,test,test,953_974,953_974,953,974,1,FaceSwap,FaceSwap/953_974.mp4,
FaceForensics++,test,test,974_953,953_974,974,953,1,FaceSwap,FaceSwap/974_953.mp4,
FaceForensics++,test,test,953_974,953_974,953,974,1,NeuralTextures,NeuralTextures/953_974.mp4,
FaceForensics++,test,test,974_953,953_974,974,953,1,NeuralTextures,NeuralTextures/974_953.mp4,
FaceForensics++,test,test,970,970_973,970,,0,,original/970.mp4,
FaceForensics++,test,test,973,970_973,973,,0,,original/973.mp4,
FaceForensics++,test,test,970_973,970_973,970,973,1,DeepFakes,Deepfakes/970_973.mp4,
FaceForensics++,test,test,973_970,970_973,973,970,1,DeepFakes,Deepfakes/973_970.mp4,
FaceForensics++,test,test,970_973,970_973,970,973,1,Face2Face,Face2Face/970_973.mp4,
FaceForensics++,test,test,973_970,970_973,973,970,1,Face2Face,Face2Face/973_970.mp4,
FaceForensics++,test,test,970_973,970_973,970,973,1,FaceSwap,FaceSwap/970_973.mp4,
FaceForensics++,test,test,973_970,970_973,973,970,1,FaceSwap,FaceSwap/973_970.mp4,
FaceForensics++,test,test,970_973,970_973,970,973,1,NeuralTextures,NeuralTextures/970_973.mp4,
FaceForensics++,test,test,973_970,970_973,973,970,1,NeuralTextures,NeuralTextures/973_970.mp4,
FaceForensics++,val,validation,004,004_982,004,,0,,original/004.mp4,
FaceForensics++,val,validation,982,004_982,982,,0,,original/982.mp4,
FaceForensics++,val,validation,004_982,004_982,004,982,1,DeepFakes,Deepfakes/004_982.mp4,
FaceForensics++,val,validation,982_004,004_982,982,004,1,DeepFakes,Deepfakes/982_004.mp4,
FaceForensics++,val,validation,004_982,004_982,004,982,1,Face2Face,Face2Face/004_982.mp4,
FaceForensics++,val,validation,982_004,004_982,982,004,1,Face2Face,Face2Face/982_004.mp4,
FaceForensics++,val,validation,004_982,004_982,004,982,1,FaceSwap,FaceSwap/004_982.mp4,
FaceForensics++,val,validation,982_004,004_982,982,004,1,FaceSwap,FaceSwap/982_004.mp4,
FaceForensics++,val,validation,004_982,004_982,004,982,1,NeuralTextures,NeuralTextures/004_982.mp4,
FaceForensics++,val,validation,982_004,004_982,982,004,1,NeuralTextures,NeuralTextures/982_004.mp4,
FaceForensics++,val,validation,023,023_923,023,,0,,original/023.mp4,
FaceForensics++,val,validation,923,023_923,923,,0,,original/923.mp4,
FaceForensics++,val,validation,023_923,023_923,023,923,1,DeepFakes,Deepfakes/023_923.mp4,
FaceForensics++,val,validation,923_023,023_923,923,023,1,DeepFakes,Deepfakes/923_023.mp4,
FaceForensics++,val,validation,023_923,023_923,023,923,1,Face2Face,Face2Face/023_923.mp4,
FaceForensics++,val,validation,923_023,023_923,923,023,1,Face2Face,Face2Face/923_023.mp4,
FaceForensics++,val,validation,023_923,023_923,023,923,1,FaceSwap,FaceSwap/023_923.mp4,
FaceForensics++,val,validation,923_023,023_923,923,023,1,FaceSwap,FaceSwap/923_023.mp4,
FaceForensics++,val,validation,023_923,023_923,023,923,1,NeuralTextures,NeuralTextures/023_923.mp4,
FaceForensics++,val,validation,923_023,023_923,923,023,1,NeuralTextures,NeuralTextures/923_023.mp4,
FaceForensics++,val,validation,042,042_084,042,,0,,original/042.mp4,
FaceForensics++,val,validation,084,042_084,084,,0,,original/084.mp4,
FaceForensics++,val,validation,042_084,042_084,042,084,1,DeepFakes,Deepfakes/042_084.mp4,
FaceForensics++,val,validation,084_042,042_084,084,042,1,DeepFakes,Deepfakes/084_042.mp4,
FaceForensics++,val,validation,042_084,042_084,042,084,1,Face2Face,Face2Face/042_084.mp4,
FaceForensics++,val,validation,084_042,042_084,084,042,1,Face2Face,Face2Face/084_042.mp4,
FaceForensics++,val,validation,042_084,042_084,042,084,1,FaceSwap,FaceSwap/042_084.mp4,
FaceForensics++,val,validation,084_042,042_084,084,042,1,FaceSwap,FaceSwap/084_042.mp4,
FaceForensics++,val,validation,042_084,042_084,042,084,1,NeuralTextures,NeuralTextures/042_084.mp4,
FaceForensics++,val,validation,084_042,042_084,084,042,1,NeuralTextures,NeuralTextures/084_042.mp4,
FaceForensics++,val,validation,046,046_904,046,,0,,original/046.mp4,
FaceForensics++,val,validation,904,046_904,904,,0,,original/904.mp4,
FaceForensics++,val,validation,046_904,046_904,046,904,1,DeepFakes,Deepfakes/046_904.mp4,
FaceForensics++,val,validation,904_046,046_904,904,046,1,DeepFakes,Deepfakes/904_046.mp4,
FaceForensics++,val,validation,046_904,046_904,046,904,1,Face2Face,Face2Face/046_904.mp4,
FaceForensics++,val,validation,904_046,046_904,904,046,1,Face2Face,Face2Face/904_046.mp4,
FaceForensics++,val,validation,046_904,046_904,046,904,1,FaceSwap,FaceSwap/046_904.mp4,
FaceForensics++,val,validation,904_046,046_904,904,046,1,FaceSwap,FaceSwap/904_046.mp4,
FaceForensics++,val,validation,046_904,046_904,046,904,1,NeuralTextures,NeuralTextures/046_904.mp4,
FaceForensics++,val,validation,904_046,046_904,904,046,1,NeuralTextures,NeuralTextures/904_046.mp4,
FaceForensics++,val,validation,064,064_991,064,,0,,original/064.mp4,
FaceForensics++,val,validation,991,064_991,991,,0,,original/991.mp4,
FaceForensics++,val,validation,064_991,064_991,064,991,1,DeepFakes,Deepfakes/064_991.mp4,
FaceForensics++,val,validation,991_064,064_991,991,064,1,DeepFakes,Deepfakes/991_064.mp4,
FaceForensics++,val,validation,064_991,064_991,064,991,1,Face2Face,Face2Face/064_991.mp4,
FaceForensics++,val,validation,991_064,064_991,991,064,1,Face2Face,Face2Face/991_064.mp4,
FaceForensics++,val,validation,064_991,064_991,064,991,1,FaceSwap,FaceSwap/064_991.mp4,
FaceForensics++,val,validation,991_064,064_991,991,064,1,FaceSwap,FaceSwap/991_064.mp4,
FaceForensics++,val,validation,064_991,064_991,064,991,1,NeuralTextures,NeuralTextures/064_991.mp4,
FaceForensics++,val,validation,991_064,064_991,991,064,1,NeuralTextures,NeuralTextures/991_064.mp4,
FaceForensics++,val,validation,091,091_116,091,,0,,original/091.mp4,
FaceForensics++,val,validation,116,091_116,116,,0,,original/116.mp4,
FaceForensics++,val,validation,091_116,091_116,091,116,1,DeepFakes,Deepfakes/091_116.mp4,
FaceForensics++,val,validation,116_091,091_116,116,091,1,DeepFakes,Deepfakes/116_091.mp4,
FaceForensics++,val,validation,091_116,091_116,091,116,1,Face2Face,Face2Face/091_116.mp4,
FaceForensics++,val,validation,116_091,091_116,116,091,1,Face2Face,Face2Face/116_091.mp4,
FaceForensics++,val,validation,091_116,091_116,091,116,1,FaceSwap,FaceSwap/091_116.mp4,
FaceForensics++,val,validation,116_091,091_116,116,091,1,FaceSwap,FaceSwap/116_091.mp4,
FaceForensics++,val,validation,091_116,091_116,091,116,1,NeuralTextures,NeuralTextures/091_116.mp4,
FaceForensics++,val,validation,116_091,091_116,116,091,1,NeuralTextures,NeuralTextures/116_091.mp4,
FaceForensics++,val,validation,104,104_126,104,,0,,original/104.mp4,
FaceForensics++,val,validation,126,104_126,126,,0,,original/126.mp4,
FaceForensics++,val,validation,104_126,104_126,104,126,1,DeepFakes,Deepfakes/104_126.mp4,
FaceForensics++,val,validation,126_104,104_126,126,104,1,DeepFakes,Deepfakes/126_104.mp4,
FaceForensics++,val,validation,104_126,104_126,104,126,1,Face2Face,Face2Face/104_126.mp4,
FaceForensics++,val,validation,126_104,104_126,126,104,1,Face2Face,Face2Face/126_104.mp4,
FaceForensics++,val,validation,104_126,104_126,104,126,1,FaceSwap,FaceSwap/104_126.mp4,
FaceForensics++,val,validation,126_104,104_126,126,104,1,FaceSwap,FaceSwap/126_104.mp4,
FaceForensics++,val,validation,104_126,104_126,104,126,1,NeuralTextures,NeuralTextures/104_126.mp4,
FaceForensics++,val,validation,126_104,104_126,126,104,1,NeuralTextures,NeuralTextures/126_104.mp4,
FaceForensics++,val,validation,106,106_198,106,,0,,original/106.mp4,
FaceForensics++,val,validation,198,106_198,198,,0,,original/198.mp4,
FaceForensics++,val,validation,106_198,106_198,106,198,1,DeepFakes,Deepfakes/106_198.mp4,
FaceForensics++,val,validation,198_106,106_198,198,106,1,DeepFakes,Deepfakes/198_106.mp4,
FaceForensics++,val,validation,106_198,106_198,106,198,1,Face2Face,Face2Face/106_198.mp4,
FaceForensics++,val,validation,198_106,106_198,198,106,1,Face2Face,Face2Face/198_106.mp4,
FaceForensics++,val,validation,106_198,106_198,106,198,1,FaceSwap,FaceSwap/106_198.mp4,
FaceForensics++,val,validation,198_106,106_198,198,106,1,FaceSwap,FaceSwap/198_106.mp4,
FaceForensics++,val,validation,106_198,106_198,106,198,1,NeuralTextures,NeuralTextures/106_198.mp4,
FaceForensics++,val,validation,198_106,106_198,198,106,1,NeuralTextures,NeuralTextures/198_106.mp4,
FaceForensics++,val,validation,115,115_939,115,,0,,original/115.mp4,
FaceForensics++,val,validation,939,115_939,939,,0,,original/939.mp4,
FaceForensics++,val,validation,115_939,115_939,115,939,1,DeepFakes,Deepfakes/115_939.mp4,
FaceForensics++,val,validation,939_115,115_939,939,115,1,DeepFakes,Deepfakes/939_115.mp4,
FaceForensics++,val,validation,115_939,115_939,115,939,1,Face2Face,Face2Face/115_939.mp4,
FaceForensics++,val,validation,939_115,115_939,939,115,1,Face2Face,Face2Face/939_115.mp4,
FaceForensics++,val,validation,115_939,115_939,115,939,1,FaceSwap,FaceSwap/115_939.mp4,
FaceForensics++,val,validation,939_115,115_939,939,115,1,FaceSwap,FaceSwap/939_115.mp4,
FaceForensics++,val,validation,115_939,115_939,115,939,1,NeuralTextures,NeuralTextures/115_939.mp4,
FaceForensics++,val,validation,939_115,115_939,939,115,1,NeuralTextures,NeuralTextures/939_115.mp4,
FaceForensics++,val,validation,134,134_192,134,,0,,original/134.mp4,
FaceForensics++,val,validation,192,134_192,192,,0,,original/192.mp4,
FaceForensics++,val,validation,134_192,134_192,134,192,1,DeepFakes,Deepfakes/134_192.mp4,
FaceForensics++,val,validation,192_134,134_192,192,134,1,DeepFakes,Deepfakes/192_134.mp4,
FaceForensics++,val,validation,134_192,134_192,134,192,1,Face2Face,Face2Face/134_192.mp4,
FaceForensics++,val,validation,192_134,134_192,192,134,1,Face2Face,Face2Face/192_134.mp4,
FaceForensics++,val,validation,134_192,134_192,134,192,1,FaceSwap,FaceSwap/134_192.mp4,
FaceForensics++,val,validation,192_134,134_192,192,134,1,FaceSwap,FaceSwap/192_134.mp4,
FaceForensics++,val,validation,134_192,134_192,134,192,1,NeuralTextures,NeuralTextures/134_192.mp4,
FaceForensics++,val,validation,192_134,134_192,192,134,1,NeuralTextures,NeuralTextures/192_134.mp4,
FaceForensics++,val,validation,145,145_299,145,,0,,original/145.mp4,
FaceForensics++,val,validation,299,145_299,299,,0,,original/299.mp4,
FaceForensics++,val,validation,145_299,145_299,145,299,1,DeepFakes,Deepfakes/145_299.mp4,
FaceForensics++,val,validation,299_145,145_299,299,145,1,DeepFakes,Deepfakes/299_145.mp4,
FaceForensics++,val,validation,145_299,145_299,145,299,1,Face2Face,Face2Face/145_299.mp4,
FaceForensics++,val,validation,299_145,145_299,299,145,1,Face2Face,Face2Face/299_145.mp4,
FaceForensics++,val,validation,145_299,145_299,145,299,1,FaceSwap,FaceSwap/145_299.mp4,
FaceForensics++,val,validation,299_145,145_299,299,145,1,FaceSwap,FaceSwap/299_145.mp4,
FaceForensics++,val,validation,145_299,145_299,145,299,1,NeuralTextures,NeuralTextures/145_299.mp4,
FaceForensics++,val,validation,299_145,145_299,299,145,1,NeuralTextures,NeuralTextures/299_145.mp4,
FaceForensics++,val,validation,157,157_245,157,,0,,original/157.mp4,
FaceForensics++,val,validation,245,157_245,245,,0,,original/245.mp4,
FaceForensics++,val,validation,157_245,157_245,157,245,1,DeepFakes,Deepfakes/157_245.mp4,
FaceForensics++,val,validation,245_157,157_245,245,157,1,DeepFakes,Deepfakes/245_157.mp4,
FaceForensics++,val,validation,157_245,157_245,157,245,1,Face2Face,Face2Face/157_245.mp4,
FaceForensics++,val,validation,245_157,157_245,245,157,1,Face2Face,Face2Face/245_157.mp4,
FaceForensics++,val,validation,157_245,157_245,157,245,1,FaceSwap,FaceSwap/157_245.mp4,
FaceForensics++,val,validation,245_157,157_245,245,157,1,FaceSwap,FaceSwap/245_157.mp4,
FaceForensics++,val,validation,157_245,157_245,157,245,1,NeuralTextures,NeuralTextures/157_245.mp4,
FaceForensics++,val,validation,245_157,157_245,245,157,1,NeuralTextures,NeuralTextures/245_157.mp4,
FaceForensics++,val,validation,159,159_175,159,,0,,original/159.mp4,
FaceForensics++,val,validation,175,159_175,175,,0,,original/175.mp4,
FaceForensics++,val,validation,159_175,159_175,159,175,1,DeepFakes,Deepfakes/159_175.mp4,
FaceForensics++,val,validation,175_159,159_175,175,159,1,DeepFakes,Deepfakes/175_159.mp4,
FaceForensics++,val,validation,159_175,159_175,159,175,1,Face2Face,Face2Face/159_175.mp4,
FaceForensics++,val,validation,175_159,159_175,175,159,1,Face2Face,Face2Face/175_159.mp4,
FaceForensics++,val,validation,159_175,159_175,159,175,1,FaceSwap,FaceSwap/159_175.mp4,
FaceForensics++,val,validation,175_159,159_175,175,159,1,FaceSwap,FaceSwap/175_159.mp4,
FaceForensics++,val,validation,159_175,159_175,159,175,1,NeuralTextures,NeuralTextures/159_175.mp4,
FaceForensics++,val,validation,175_159,159_175,175,159,1,NeuralTextures,NeuralTextures/175_159.mp4,
FaceForensics++,val,validation,223,223_586,223,,0,,original/223.mp4,
FaceForensics++,val,validation,586,223_586,586,,0,,original/586.mp4,
FaceForensics++,val,validation,223_586,223_586,223,586,1,DeepFakes,Deepfakes/223_586.mp4,
FaceForensics++,val,validation,586_223,223_586,586,223,1,DeepFakes,Deepfakes/586_223.mp4,
FaceForensics++,val,validation,223_586,223_586,223,586,1,Face2Face,Face2Face/223_586.mp4,
FaceForensics++,val,validation,586_223,223_586,586,223,1,Face2Face,Face2Face/586_223.mp4,
FaceForensics++,val,validation,223_586,223_586,223,586,1,FaceSwap,FaceSwap/223_586.mp4,
FaceForensics++,val,validation,586_223,223_586,586,223,1,FaceSwap,FaceSwap/586_223.mp4,
FaceForensics++,val,validation,223_586,223_586,223,586,1,NeuralTextures,NeuralTextures/223_586.mp4,
FaceForensics++,val,validation,586_223,223_586,586,223,1,NeuralTextures,NeuralTextures/586_223.mp4,
FaceForensics++,val,validation,254,254_261,254,,0,,original/254.mp4,
FaceForensics++,val,validation,261,254_261,261,,0,,original/261.mp4,
FaceForensics++,val,validation,254_261,254_261,254,261,1,DeepFakes,Deepfakes/254_261.mp4,
FaceForensics++,val,validation,261_254,254_261,261,254,1,DeepFakes,Deepfakes/261_254.mp4,
FaceForensics++,val,validation,254_261,254_261,254,261,1,Face2Face,Face2Face/254_261.mp4,
FaceForensics++,val,validation,261_254,254_261,261,254,1,Face2Face,Face2Face/261_254.mp4,
FaceForensics++,val,validation,254_261,254_261,254,261,1,FaceSwap,FaceSwap/254_261.mp4,
FaceForensics++,val,validation,261_254,254_261,261,254,1,FaceSwap,FaceSwap/261_254.mp4,
FaceForensics++,val,validation,254_261,254_261,254,261,1,NeuralTextures,NeuralTextures/254_261.mp4,
FaceForensics++,val,validation,261_254,254_261,261,254,1,NeuralTextures,NeuralTextures/261_254.mp4,
FaceForensics++,val,validation,263,263_284,263,,0,,original/263.mp4,
FaceForensics++,val,validation,284,263_284,284,,0,,original/284.mp4,
FaceForensics++,val,validation,263_284,263_284,263,284,1,DeepFakes,Deepfakes/263_284.mp4,
FaceForensics++,val,validation,284_263,263_284,284,263,1,DeepFakes,Deepfakes/284_263.mp4,
FaceForensics++,val,validation,263_284,263_284,263,284,1,Face2Face,Face2Face/263_284.mp4,
FaceForensics++,val,validation,284_263,263_284,284,263,1,Face2Face,Face2Face/284_263.mp4,
FaceForensics++,val,validation,263_284,263_284,263,284,1,FaceSwap,FaceSwap/263_284.mp4,
FaceForensics++,val,validation,284_263,263_284,284,263,1,FaceSwap,FaceSwap/284_263.mp4,
FaceForensics++,val,validation,263_284,263_284,263,284,1,NeuralTextures,NeuralTextures/263_284.mp4,
FaceForensics++,val,validation,284_263,263_284,284,263,1,NeuralTextures,NeuralTextures/284_263.mp4,
FaceForensics++,val,validation,273,273_807,273,,0,,original/273.mp4,
FaceForensics++,val,validation,807,273_807,807,,0,,original/807.mp4,
FaceForensics++,val,validation,273_807,273_807,273,807,1,DeepFakes,Deepfakes/273_807.mp4,
FaceForensics++,val,validation,807_273,273_807,807,273,1,DeepFakes,Deepfakes/807_273.mp4,
FaceForensics++,val,validation,273_807,273_807,273,807,1,Face2Face,Face2Face/273_807.mp4,
FaceForensics++,val,validation,807_273,273_807,807,273,1,Face2Face,Face2Face/807_273.mp4,
FaceForensics++,val,validation,273_807,273_807,273,807,1,FaceSwap,FaceSwap/273_807.mp4,
FaceForensics++,val,validation,807_273,273_807,807,273,1,FaceSwap,FaceSwap/807_273.mp4,
FaceForensics++,val,validation,273_807,273_807,273,807,1,NeuralTextures,NeuralTextures/273_807.mp4,
FaceForensics++,val,validation,807_273,273_807,807,273,1,NeuralTextures,NeuralTextures/807_273.mp4,
FaceForensics++,val,validation,316,316_369,316,,0,,original/316.mp4,
FaceForensics++,val,validation,369,316_369,369,,0,,original/369.mp4,
FaceForensics++,val,validation,316_369,316_369,316,369,1,DeepFakes,Deepfakes/316_369.mp4,
FaceForensics++,val,validation,369_316,316_369,369,316,1,DeepFakes,Deepfakes/369_316.mp4,
FaceForensics++,val,validation,316_369,316_369,316,369,1,Face2Face,Face2Face/316_369.mp4,
FaceForensics++,val,validation,369_316,316_369,369,316,1,Face2Face,Face2Face/369_316.mp4,
FaceForensics++,val,validation,316_369,316_369,316,369,1,FaceSwap,FaceSwap/316_369.mp4,
FaceForensics++,val,validation,369_316,316_369,369,316,1,FaceSwap,FaceSwap/369_316.mp4,
FaceForensics++,val,validation,316_369,316_369,316,369,1,NeuralTextures,NeuralTextures/316_369.mp4,
FaceForensics++,val,validation,369_316,316_369,369,316,1,NeuralTextures,NeuralTextures/369_316.mp4,
FaceForensics++,val,validation,325,325_492,325,,0,,original/325.mp4,
FaceForensics++,val,validation,492,325_492,492,,0,,original/492.mp4,
FaceForensics++,val,validation,325_492,325_492,325,492,1,DeepFakes,Deepfakes/325_492.mp4,
FaceForensics++,val,validation,492_325,325_492,492,325,1,DeepFakes,Deepfakes/492_325.mp4,
FaceForensics++,val,validation,325_492,325_492,325,492,1,Face2Face,Face2Face/325_492.mp4,
FaceForensics++,val,validation,492_325,325_492,492,325,1,Face2Face,Face2Face/492_325.mp4,
FaceForensics++,val,validation,325_492,325_492,325,492,1,FaceSwap,FaceSwap/325_492.mp4,
FaceForensics++,val,validation,492_325,325_492,492,325,1,FaceSwap,FaceSwap/492_325.mp4,
FaceForensics++,val,validation,325_492,325_492,325,492,1,NeuralTextures,NeuralTextures/325_492.mp4,
FaceForensics++,val,validation,492_325,325_492,492,325,1,NeuralTextures,NeuralTextures/492_325.mp4,
FaceForensics++,val,validation,342,342_416,342,,0,,original/342.mp4,
FaceForensics++,val,validation,416,342_416,416,,0,,original/416.mp4,
FaceForensics++,val,validation,342_416,342_416,342,416,1,DeepFakes,Deepfakes/342_416.mp4,
FaceForensics++,val,validation,416_342,342_416,416,342,1,DeepFakes,Deepfakes/416_342.mp4,
FaceForensics++,val,validation,342_416,342_416,342,416,1,Face2Face,Face2Face/342_416.mp4,
FaceForensics++,val,validation,416_342,342_416,416,342,1,Face2Face,Face2Face/416_342.mp4,
FaceForensics++,val,validation,342_416,342_416,342,416,1,FaceSwap,FaceSwap/342_416.mp4,
FaceForensics++,val,validation,416_342,342_416,416,342,1,FaceSwap,FaceSwap/416_342.mp4,
FaceForensics++,val,validation,342_416,342_416,342,416,1,NeuralTextures,NeuralTextures/342_416.mp4,
FaceForensics++,val,validation,416_342,342_416,416,342,1,NeuralTextures,NeuralTextures/416_342.mp4,
FaceForensics++,val,validation,349,349_350,349,,0,,original/349.mp4,
FaceForensics++,val,validation,350,349_350,350,,0,,original/350.mp4,
FaceForensics++,val,validation,349_350,349_350,349,350,1,DeepFakes,Deepfakes/349_350.mp4,
FaceForensics++,val,validation,350_349,349_350,350,349,1,DeepFakes,Deepfakes/350_349.mp4,
FaceForensics++,val,validation,349_350,349_350,349,350,1,Face2Face,Face2Face/349_350.mp4,
FaceForensics++,val,validation,350_349,349_350,350,349,1,Face2Face,Face2Face/350_349.mp4,
FaceForensics++,val,validation,349_350,349_350,349,350,1,FaceSwap,FaceSwap/349_350.mp4,
FaceForensics++,val,validation,350_349,349_350,350,349,1,FaceSwap,FaceSwap/350_349.mp4,
FaceForensics++,val,validation,349_350,349_350,349,350,1,NeuralTextures,NeuralTextures/349_350.mp4,
FaceForensics++,val,validation,350_349,349_350,350,349,1,NeuralTextures,NeuralTextures/350_349.mp4,
FaceForensics++,val,validation,354,354_362,354,,0,,original/354.mp4,
FaceForensics++,val,validation,362,354_362,362,,0,,original/362.mp4,
FaceForensics++,val,validation,354_362,354_362,354,362,1,DeepFakes,Deepfakes/354_362.mp4,
FaceForensics++,val,validation,362_354,354_362,362,354,1,DeepFakes,Deepfakes/362_354.mp4,
FaceForensics++,val,validation,354_362,354_362,354,362,1,Face2Face,Face2Face/354_362.mp4,
FaceForensics++,val,validation,362_354,354_362,362,354,1,Face2Face,Face2Face/362_354.mp4,
FaceForensics++,val,validation,354_362,354_362,354,362,1,FaceSwap,FaceSwap/354_362.mp4,
FaceForensics++,val,validation,362_354,354_362,362,354,1,FaceSwap,FaceSwap/362_354.mp4,
FaceForensics++,val,validation,354_362,354_362,354,362,1,NeuralTextures,NeuralTextures/354_362.mp4,
FaceForensics++,val,validation,362_354,354_362,362,354,1,NeuralTextures,NeuralTextures/362_354.mp4,
FaceForensics++,val,validation,364,364_440,364,,0,,original/364.mp4,
FaceForensics++,val,validation,440,364_440,440,,0,,original/440.mp4,
FaceForensics++,val,validation,364_440,364_440,364,440,1,DeepFakes,Deepfakes/364_440.mp4,
FaceForensics++,val,validation,440_364,364_440,440,364,1,DeepFakes,Deepfakes/440_364.mp4,
FaceForensics++,val,validation,364_440,364_440,364,440,1,Face2Face,Face2Face/364_440.mp4,
FaceForensics++,val,validation,440_364,364_440,440,364,1,Face2Face,Face2Face/440_364.mp4,
FaceForensics++,val,validation,364_440,364_440,364,440,1,FaceSwap,FaceSwap/364_440.mp4,
FaceForensics++,val,validation,440_364,364_440,440,364,1,FaceSwap,FaceSwap/440_364.mp4,
FaceForensics++,val,validation,364_440,364_440,364,440,1,NeuralTextures,NeuralTextures/364_440.mp4,
FaceForensics++,val,validation,440_364,364_440,440,364,1,NeuralTextures,NeuralTextures/440_364.mp4,
FaceForensics++,val,validation,370,370_483,370,,0,,original/370.mp4,
FaceForensics++,val,validation,483,370_483,483,,0,,original/483.mp4,
FaceForensics++,val,validation,370_483,370_483,370,483,1,DeepFakes,Deepfakes/370_483.mp4,
FaceForensics++,val,validation,483_370,370_483,483,370,1,DeepFakes,Deepfakes/483_370.mp4,
FaceForensics++,val,validation,370_483,370_483,370,483,1,Face2Face,Face2Face/370_483.mp4,
FaceForensics++,val,validation,483_370,370_483,483,370,1,Face2Face,Face2Face/483_370.mp4,
FaceForensics++,val,validation,370_483,370_483,370,483,1,FaceSwap,FaceSwap/370_483.mp4,
FaceForensics++,val,validation,483_370,370_483,483,370,1,FaceSwap,FaceSwap/483_370.mp4,
FaceForensics++,val,validation,370_483,370_483,370,483,1,NeuralTextures,NeuralTextures/370_483.mp4,
FaceForensics++,val,validation,483_370,370_483,483,370,1,NeuralTextures,NeuralTextures/483_370.mp4,
FaceForensics++,val,validation,402,402_453,402,,0,,original/402.mp4,
FaceForensics++,val,validation,453,402_453,453,,0,,original/453.mp4,
FaceForensics++,val,validation,402_453,402_453,402,453,1,DeepFakes,Deepfakes/402_453.mp4,
FaceForensics++,val,validation,453_402,402_453,453,402,1,DeepFakes,Deepfakes/453_402.mp4,
FaceForensics++,val,validation,402_453,402_453,402,453,1,Face2Face,Face2Face/402_453.mp4,
FaceForensics++,val,validation,453_402,402_453,453,402,1,Face2Face,Face2Face/453_402.mp4,
FaceForensics++,val,validation,402_453,402_453,402,453,1,FaceSwap,FaceSwap/402_453.mp4,
FaceForensics++,val,validation,453_402,402_453,453,402,1,FaceSwap,FaceSwap/453_402.mp4,
FaceForensics++,val,validation,402_453,402_453,402,453,1,NeuralTextures,NeuralTextures/402_453.mp4,
FaceForensics++,val,validation,453_402,402_453,453,402,1,NeuralTextures,NeuralTextures/453_402.mp4,
FaceForensics++,val,validation,419,419_824,419,,0,,original/419.mp4,
FaceForensics++,val,validation,824,419_824,824,,0,,original/824.mp4,
FaceForensics++,val,validation,419_824,419_824,419,824,1,DeepFakes,Deepfakes/419_824.mp4,
FaceForensics++,val,validation,824_419,419_824,824,419,1,DeepFakes,Deepfakes/824_419.mp4,
FaceForensics++,val,validation,419_824,419_824,419,824,1,Face2Face,Face2Face/419_824.mp4,
FaceForensics++,val,validation,824_419,419_824,824,419,1,Face2Face,Face2Face/824_419.mp4,
FaceForensics++,val,validation,419_824,419_824,419,824,1,FaceSwap,FaceSwap/419_824.mp4,
FaceForensics++,val,validation,824_419,419_824,824,419,1,FaceSwap,FaceSwap/824_419.mp4,
FaceForensics++,val,validation,419_824,419_824,419,824,1,NeuralTextures,NeuralTextures/419_824.mp4,
FaceForensics++,val,validation,824_419,419_824,824,419,1,NeuralTextures,NeuralTextures/824_419.mp4,
FaceForensics++,val,validation,443,443_514,443,,0,,original/443.mp4,
FaceForensics++,val,validation,514,443_514,514,,0,,original/514.mp4,
FaceForensics++,val,validation,443_514,443_514,443,514,1,DeepFakes,Deepfakes/443_514.mp4,
FaceForensics++,val,validation,514_443,443_514,514,443,1,DeepFakes,Deepfakes/514_443.mp4,
FaceForensics++,val,validation,443_514,443_514,443,514,1,Face2Face,Face2Face/443_514.mp4,
FaceForensics++,val,validation,514_443,443_514,514,443,1,Face2Face,Face2Face/514_443.mp4,
FaceForensics++,val,validation,443_514,443_514,443,514,1,FaceSwap,FaceSwap/443_514.mp4,
FaceForensics++,val,validation,514_443,443_514,514,443,1,FaceSwap,FaceSwap/514_443.mp4,
FaceForensics++,val,validation,443_514,443_514,443,514,1,NeuralTextures,NeuralTextures/443_514.mp4,
FaceForensics++,val,validation,514_443,443_514,514,443,1,NeuralTextures,NeuralTextures/514_443.mp4,
FaceForensics++,val,validation,455,455_471,455,,0,,original/455.mp4,
FaceForensics++,val,validation,471,455_471,471,,0,,original/471.mp4,
FaceForensics++,val,validation,455_471,455_471,455,471,1,DeepFakes,Deepfakes/455_471.mp4,
FaceForensics++,val,validation,471_455,455_471,471,455,1,DeepFakes,Deepfakes/471_455.mp4,
FaceForensics++,val,validation,455_471,455_471,455,471,1,Face2Face,Face2Face/455_471.mp4,
FaceForensics++,val,validation,471_455,455_471,471,455,1,Face2Face,Face2Face/471_455.mp4,
FaceForensics++,val,validation,455_471,455_471,455,471,1,FaceSwap,FaceSwap/455_471.mp4,
FaceForensics++,val,validation,471_455,455_471,471,455,1,FaceSwap,FaceSwap/471_455.mp4,
FaceForensics++,val,validation,455_471,455_471,455,471,1,NeuralTextures,NeuralTextures/455_471.mp4,
FaceForensics++,val,validation,471_455,455_471,471,455,1,NeuralTextures,NeuralTextures/471_455.mp4,
FaceForensics++,val,validation,465,465_482,465,,0,,original/465.mp4,
FaceForensics++,val,validation,482,465_482,482,,0,,original/482.mp4,
FaceForensics++,val,validation,465_482,465_482,465,482,1,DeepFakes,Deepfakes/465_482.mp4,
FaceForensics++,val,validation,482_465,465_482,482,465,1,DeepFakes,Deepfakes/482_465.mp4,
FaceForensics++,val,validation,465_482,465_482,465,482,1,Face2Face,Face2Face/465_482.mp4,
FaceForensics++,val,validation,482_465,465_482,482,465,1,Face2Face,Face2Face/482_465.mp4,
FaceForensics++,val,validation,465_482,465_482,465,482,1,FaceSwap,FaceSwap/465_482.mp4,
FaceForensics++,val,validation,482_465,465_482,482,465,1,FaceSwap,FaceSwap/482_465.mp4,
FaceForensics++,val,validation,465_482,465_482,465,482,1,NeuralTextures,NeuralTextures/465_482.mp4,
FaceForensics++,val,validation,482_465,465_482,482,465,1,NeuralTextures,NeuralTextures/482_465.mp4,
FaceForensics++,val,validation,468,468_470,468,,0,,original/468.mp4,
FaceForensics++,val,validation,470,468_470,470,,0,,original/470.mp4,
FaceForensics++,val,validation,468_470,468_470,468,470,1,DeepFakes,Deepfakes/468_470.mp4,
FaceForensics++,val,validation,470_468,468_470,470,468,1,DeepFakes,Deepfakes/470_468.mp4,
FaceForensics++,val,validation,468_470,468_470,468,470,1,Face2Face,Face2Face/468_470.mp4,
FaceForensics++,val,validation,470_468,468_470,470,468,1,Face2Face,Face2Face/470_468.mp4,
FaceForensics++,val,validation,468_470,468_470,468,470,1,FaceSwap,FaceSwap/468_470.mp4,
FaceForensics++,val,validation,470_468,468_470,470,468,1,FaceSwap,FaceSwap/470_468.mp4,
FaceForensics++,val,validation,468_470,468_470,468,470,1,NeuralTextures,NeuralTextures/468_470.mp4,
FaceForensics++,val,validation,470_468,468_470,470,468,1,NeuralTextures,NeuralTextures/470_468.mp4,
FaceForensics++,val,validation,472,472_511,472,,0,,original/472.mp4,
FaceForensics++,val,validation,511,472_511,511,,0,,original/511.mp4,
FaceForensics++,val,validation,472_511,472_511,472,511,1,DeepFakes,Deepfakes/472_511.mp4,
FaceForensics++,val,validation,511_472,472_511,511,472,1,DeepFakes,Deepfakes/511_472.mp4,
FaceForensics++,val,validation,472_511,472_511,472,511,1,Face2Face,Face2Face/472_511.mp4,
FaceForensics++,val,validation,511_472,472_511,511,472,1,Face2Face,Face2Face/511_472.mp4,
FaceForensics++,val,validation,472_511,472_511,472,511,1,FaceSwap,FaceSwap/472_511.mp4,
FaceForensics++,val,validation,511_472,472_511,511,472,1,FaceSwap,FaceSwap/511_472.mp4,
FaceForensics++,val,validation,472_511,472_511,472,511,1,NeuralTextures,NeuralTextures/472_511.mp4,
FaceForensics++,val,validation,511_472,472_511,511,472,1,NeuralTextures,NeuralTextures/511_472.mp4,
FaceForensics++,val,validation,493,493_538,493,,0,,original/493.mp4,
FaceForensics++,val,validation,538,493_538,538,,0,,original/538.mp4,
FaceForensics++,val,validation,493_538,493_538,493,538,1,DeepFakes,Deepfakes/493_538.mp4,
FaceForensics++,val,validation,538_493,493_538,538,493,1,DeepFakes,Deepfakes/538_493.mp4,
FaceForensics++,val,validation,493_538,493_538,493,538,1,Face2Face,Face2Face/493_538.mp4,
FaceForensics++,val,validation,538_493,493_538,538,493,1,Face2Face,Face2Face/538_493.mp4,
FaceForensics++,val,validation,493_538,493_538,493,538,1,FaceSwap,FaceSwap/493_538.mp4,
FaceForensics++,val,validation,538_493,493_538,538,493,1,FaceSwap,FaceSwap/538_493.mp4,
FaceForensics++,val,validation,493_538,493_538,493,538,1,NeuralTextures,NeuralTextures/493_538.mp4,
FaceForensics++,val,validation,538_493,493_538,538,493,1,NeuralTextures,NeuralTextures/538_493.mp4,
FaceForensics++,val,validation,548,548_632,548,,0,,original/548.mp4,
FaceForensics++,val,validation,632,548_632,632,,0,,original/632.mp4,
FaceForensics++,val,validation,548_632,548_632,548,632,1,DeepFakes,Deepfakes/548_632.mp4,
FaceForensics++,val,validation,632_548,548_632,632,548,1,DeepFakes,Deepfakes/632_548.mp4,
FaceForensics++,val,validation,548_632,548_632,548,632,1,Face2Face,Face2Face/548_632.mp4,
FaceForensics++,val,validation,632_548,548_632,632,548,1,Face2Face,Face2Face/632_548.mp4,
FaceForensics++,val,validation,548_632,548_632,548,632,1,FaceSwap,FaceSwap/548_632.mp4,
FaceForensics++,val,validation,632_548,548_632,632,548,1,FaceSwap,FaceSwap/632_548.mp4,
FaceForensics++,val,validation,548_632,548_632,548,632,1,NeuralTextures,NeuralTextures/548_632.mp4,
FaceForensics++,val,validation,632_548,548_632,632,548,1,NeuralTextures,NeuralTextures/632_548.mp4,
FaceForensics++,val,validation,557,557_560,557,,0,,original/557.mp4,
FaceForensics++,val,validation,560,557_560,560,,0,,original/560.mp4,
FaceForensics++,val,validation,557_560,557_560,557,560,1,DeepFakes,Deepfakes/557_560.mp4,
FaceForensics++,val,validation,560_557,557_560,560,557,1,DeepFakes,Deepfakes/560_557.mp4,
FaceForensics++,val,validation,557_560,557_560,557,560,1,Face2Face,Face2Face/557_560.mp4,
FaceForensics++,val,validation,560_557,557_560,560,557,1,Face2Face,Face2Face/560_557.mp4,
FaceForensics++,val,validation,557_560,557_560,557,560,1,FaceSwap,FaceSwap/557_560.mp4,
FaceForensics++,val,validation,560_557,557_560,560,557,1,FaceSwap,FaceSwap/560_557.mp4,
FaceForensics++,val,validation,557_560,557_560,557,560,1,NeuralTextures,NeuralTextures/557_560.mp4,
FaceForensics++,val,validation,560_557,557_560,560,557,1,NeuralTextures,NeuralTextures/560_557.mp4,
FaceForensics++,val,validation,558,558_583,558,,0,,original/558.mp4,
FaceForensics++,val,validation,583,558_583,583,,0,,original/583.mp4,
FaceForensics++,val,validation,558_583,558_583,558,583,1,DeepFakes,Deepfakes/558_583.mp4,
FaceForensics++,val,validation,583_558,558_583,583,558,1,DeepFakes,Deepfakes/583_558.mp4,
FaceForensics++,val,validation,558_583,558_583,558,583,1,Face2Face,Face2Face/558_583.mp4,
FaceForensics++,val,validation,583_558,558_583,583,558,1,Face2Face,Face2Face/583_558.mp4,
FaceForensics++,val,validation,558_583,558_583,558,583,1,FaceSwap,FaceSwap/558_583.mp4,
FaceForensics++,val,validation,583_558,558_583,583,558,1,FaceSwap,FaceSwap/583_558.mp4,
FaceForensics++,val,validation,558_583,558_583,558,583,1,NeuralTextures,NeuralTextures/558_583.mp4,
FaceForensics++,val,validation,583_558,558_583,583,558,1,NeuralTextures,NeuralTextures/583_558.mp4,
FaceForensics++,val,validation,564,564_971,564,,0,,original/564.mp4,
FaceForensics++,val,validation,971,564_971,971,,0,,original/971.mp4,
FaceForensics++,val,validation,564_971,564_971,564,971,1,DeepFakes,Deepfakes/564_971.mp4,
FaceForensics++,val,validation,971_564,564_971,971,564,1,DeepFakes,Deepfakes/971_564.mp4,
FaceForensics++,val,validation,564_971,564_971,564,971,1,Face2Face,Face2Face/564_971.mp4,
FaceForensics++,val,validation,971_564,564_971,971,564,1,Face2Face,Face2Face/971_564.mp4,
FaceForensics++,val,validation,564_971,564_971,564,971,1,FaceSwap,FaceSwap/564_971.mp4,
FaceForensics++,val,validation,971_564,564_971,971,564,1,FaceSwap,FaceSwap/971_564.mp4,
FaceForensics++,val,validation,564_971,564_971,564,971,1,NeuralTextures,NeuralTextures/564_971.mp4,
FaceForensics++,val,validation,971_564,564_971,971,564,1,NeuralTextures,NeuralTextures/971_564.mp4,
FaceForensics++,val,validation,565,565_589,565,,0,,original/565.mp4,
FaceForensics++,val,validation,589,565_589,589,,0,,original/589.mp4,
FaceForensics++,val,validation,565_589,565_589,565,589,1,DeepFakes,Deepfakes/565_589.mp4,
FaceForensics++,val,validation,589_565,565_589,589,565,1,DeepFakes,Deepfakes/589_565.mp4,
FaceForensics++,val,validation,565_589,565_589,565,589,1,Face2Face,Face2Face/565_589.mp4,
FaceForensics++,val,validation,589_565,565_589,589,565,1,Face2Face,Face2Face/589_565.mp4,
FaceForensics++,val,validation,565_589,565_589,565,589,1,FaceSwap,FaceSwap/565_589.mp4,
FaceForensics++,val,validation,589_565,565_589,589,565,1,FaceSwap,FaceSwap/589_565.mp4,
FaceForensics++,val,validation,565_589,565_589,565,589,1,NeuralTextures,NeuralTextures/565_589.mp4,
FaceForensics++,val,validation,589_565,565_589,589,565,1,NeuralTextures,NeuralTextures/589_565.mp4,
FaceForensics++,val,validation,566,566_617,566,,0,,original/566.mp4,
FaceForensics++,val,validation,617,566_617,617,,0,,original/617.mp4,
FaceForensics++,val,validation,566_617,566_617,566,617,1,DeepFakes,Deepfakes/566_617.mp4,
FaceForensics++,val,validation,617_566,566_617,617,566,1,DeepFakes,Deepfakes/617_566.mp4,
FaceForensics++,val,validation,566_617,566_617,566,617,1,Face2Face,Face2Face/566_617.mp4,
FaceForensics++,val,validation,617_566,566_617,617,566,1,Face2Face,Face2Face/617_566.mp4,
FaceForensics++,val,validation,566_617,566_617,566,617,1,FaceSwap,FaceSwap/566_617.mp4,
FaceForensics++,val,validation,617_566,566_617,617,566,1,FaceSwap,FaceSwap/617_566.mp4,
FaceForensics++,val,validation,566_617,566_617,566,617,1,NeuralTextures,NeuralTextures/566_617.mp4,
FaceForensics++,val,validation,617_566,566_617,617,566,1,NeuralTextures,NeuralTextures/617_566.mp4,
FaceForensics++,val,validation,567,567_606,567,,0,,original/567.mp4,
FaceForensics++,val,validation,606,567_606,606,,0,,original/606.mp4,
FaceForensics++,val,validation,567_606,567_606,567,606,1,DeepFakes,Deepfakes/567_606.mp4,
FaceForensics++,val,validation,606_567,567_606,606,567,1,DeepFakes,Deepfakes/606_567.mp4,
FaceForensics++,val,validation,567_606,567_606,567,606,1,Face2Face,Face2Face/567_606.mp4,
FaceForensics++,val,validation,606_567,567_606,606,567,1,Face2Face,Face2Face/606_567.mp4,
FaceForensics++,val,validation,567_606,567_606,567,606,1,FaceSwap,FaceSwap/567_606.mp4,
FaceForensics++,val,validation,606_567,567_606,606,567,1,FaceSwap,FaceSwap/606_567.mp4,
FaceForensics++,val,validation,567_606,567_606,567,606,1,NeuralTextures,NeuralTextures/567_606.mp4,
FaceForensics++,val,validation,606_567,567_606,606,567,1,NeuralTextures,NeuralTextures/606_567.mp4,
FaceForensics++,val,validation,571,571_746,571,,0,,original/571.mp4,
FaceForensics++,val,validation,746,571_746,746,,0,,original/746.mp4,
FaceForensics++,val,validation,571_746,571_746,571,746,1,DeepFakes,Deepfakes/571_746.mp4,
FaceForensics++,val,validation,746_571,571_746,746,571,1,DeepFakes,Deepfakes/746_571.mp4,
FaceForensics++,val,validation,571_746,571_746,571,746,1,Face2Face,Face2Face/571_746.mp4,
FaceForensics++,val,validation,746_571,571_746,746,571,1,Face2Face,Face2Face/746_571.mp4,
FaceForensics++,val,validation,571_746,571_746,571,746,1,FaceSwap,FaceSwap/571_746.mp4,
FaceForensics++,val,validation,746_571,571_746,746,571,1,FaceSwap,FaceSwap/746_571.mp4,
FaceForensics++,val,validation,571_746,571_746,571,746,1,NeuralTextures,NeuralTextures/571_746.mp4,
FaceForensics++,val,validation,746_571,571_746,746,571,1,NeuralTextures,NeuralTextures/746_571.mp4,
FaceForensics++,val,validation,584,584_823,584,,0,,original/584.mp4,
FaceForensics++,val,validation,823,584_823,823,,0,,original/823.mp4,
FaceForensics++,val,validation,584_823,584_823,584,823,1,DeepFakes,Deepfakes/584_823.mp4,
FaceForensics++,val,validation,823_584,584_823,823,584,1,DeepFakes,Deepfakes/823_584.mp4,
FaceForensics++,val,validation,584_823,584_823,584,823,1,Face2Face,Face2Face/584_823.mp4,
FaceForensics++,val,validation,823_584,584_823,823,584,1,Face2Face,Face2Face/823_584.mp4,
FaceForensics++,val,validation,584_823,584_823,584,823,1,FaceSwap,FaceSwap/584_823.mp4,
FaceForensics++,val,validation,823_584,584_823,823,584,1,FaceSwap,FaceSwap/823_584.mp4,
FaceForensics++,val,validation,584_823,584_823,584,823,1,NeuralTextures,NeuralTextures/584_823.mp4,
FaceForensics++,val,validation,823_584,584_823,823,584,1,NeuralTextures,NeuralTextures/823_584.mp4,
FaceForensics++,val,validation,585,585_599,585,,0,,original/585.mp4,
FaceForensics++,val,validation,599,585_599,599,,0,,original/599.mp4,
FaceForensics++,val,validation,585_599,585_599,585,599,1,DeepFakes,Deepfakes/585_599.mp4,
FaceForensics++,val,validation,599_585,585_599,599,585,1,DeepFakes,Deepfakes/599_585.mp4,
FaceForensics++,val,validation,585_599,585_599,585,599,1,Face2Face,Face2Face/585_599.mp4,
FaceForensics++,val,validation,599_585,585_599,599,585,1,Face2Face,Face2Face/599_585.mp4,
FaceForensics++,val,validation,585_599,585_599,585,599,1,FaceSwap,FaceSwap/585_599.mp4,
FaceForensics++,val,validation,599_585,585_599,599,585,1,FaceSwap,FaceSwap/599_585.mp4,
FaceForensics++,val,validation,585_599,585_599,585,599,1,NeuralTextures,NeuralTextures/585_599.mp4,
FaceForensics++,val,validation,599_585,585_599,599,585,1,NeuralTextures,NeuralTextures/599_585.mp4,
FaceForensics++,val,validation,595,595_597,595,,0,,original/595.mp4,
FaceForensics++,val,validation,597,595_597,597,,0,,original/597.mp4,
FaceForensics++,val,validation,595_597,595_597,595,597,1,DeepFakes,Deepfakes/595_597.mp4,
FaceForensics++,val,validation,597_595,595_597,597,595,1,DeepFakes,Deepfakes/597_595.mp4,
FaceForensics++,val,validation,595_597,595_597,595,597,1,Face2Face,Face2Face/595_597.mp4,
FaceForensics++,val,validation,597_595,595_597,597,595,1,Face2Face,Face2Face/597_595.mp4,
FaceForensics++,val,validation,595_597,595_597,595,597,1,FaceSwap,FaceSwap/595_597.mp4,
FaceForensics++,val,validation,597_595,595_597,597,595,1,FaceSwap,FaceSwap/597_595.mp4,
FaceForensics++,val,validation,595_597,595_597,595,597,1,NeuralTextures,NeuralTextures/595_597.mp4,
FaceForensics++,val,validation,597_595,595_597,597,595,1,NeuralTextures,NeuralTextures/597_595.mp4,
FaceForensics++,val,validation,612,612_702,612,,0,,original/612.mp4,
FaceForensics++,val,validation,702,612_702,702,,0,,original/702.mp4,
FaceForensics++,val,validation,612_702,612_702,612,702,1,DeepFakes,Deepfakes/612_702.mp4,
FaceForensics++,val,validation,702_612,612_702,702,612,1,DeepFakes,Deepfakes/702_612.mp4,
FaceForensics++,val,validation,612_702,612_702,612,702,1,Face2Face,Face2Face/612_702.mp4,
FaceForensics++,val,validation,702_612,612_702,702,612,1,Face2Face,Face2Face/702_612.mp4,
FaceForensics++,val,validation,612_702,612_702,612,702,1,FaceSwap,FaceSwap/612_702.mp4,
FaceForensics++,val,validation,702_612,612_702,702,612,1,FaceSwap,FaceSwap/702_612.mp4,
FaceForensics++,val,validation,612_702,612_702,612,702,1,NeuralTextures,NeuralTextures/612_702.mp4,
FaceForensics++,val,validation,702_612,612_702,702,612,1,NeuralTextures,NeuralTextures/702_612.mp4,
FaceForensics++,val,validation,622,622_647,622,,0,,original/622.mp4,
FaceForensics++,val,validation,647,622_647,647,,0,,original/647.mp4,
FaceForensics++,val,validation,622_647,622_647,622,647,1,DeepFakes,Deepfakes/622_647.mp4,
FaceForensics++,val,validation,647_622,622_647,647,622,1,DeepFakes,Deepfakes/647_622.mp4,
FaceForensics++,val,validation,622_647,622_647,622,647,1,Face2Face,Face2Face/622_647.mp4,
FaceForensics++,val,validation,647_622,622_647,647,622,1,Face2Face,Face2Face/647_622.mp4,
FaceForensics++,val,validation,622_647,622_647,622,647,1,FaceSwap,FaceSwap/622_647.mp4,
FaceForensics++,val,validation,647_622,622_647,647,622,1,FaceSwap,FaceSwap/647_622.mp4,
FaceForensics++,val,validation,622_647,622_647,622,647,1,NeuralTextures,NeuralTextures/622_647.mp4,
FaceForensics++,val,validation,647_622,622_647,647,622,1,NeuralTextures,NeuralTextures/647_622.mp4,
FaceForensics++,val,validation,638,638_640,638,,0,,original/638.mp4,
FaceForensics++,val,validation,640,638_640,640,,0,,original/640.mp4,
FaceForensics++,val,validation,638_640,638_640,638,640,1,DeepFakes,Deepfakes/638_640.mp4,
FaceForensics++,val,validation,640_638,638_640,640,638,1,DeepFakes,Deepfakes/640_638.mp4,
FaceForensics++,val,validation,638_640,638_640,638,640,1,Face2Face,Face2Face/638_640.mp4,
FaceForensics++,val,validation,640_638,638_640,640,638,1,Face2Face,Face2Face/640_638.mp4,
FaceForensics++,val,validation,638_640,638_640,638,640,1,FaceSwap,FaceSwap/638_640.mp4,
FaceForensics++,val,validation,640_638,638_640,640,638,1,FaceSwap,FaceSwap/640_638.mp4,
FaceForensics++,val,validation,638_640,638_640,638,640,1,NeuralTextures,NeuralTextures/638_640.mp4,
FaceForensics++,val,validation,640_638,638_640,640,638,1,NeuralTextures,NeuralTextures/640_638.mp4,
FaceForensics++,val,validation,649,649_816,649,,0,,original/649.mp4,
FaceForensics++,val,validation,816,649_816,816,,0,,original/816.mp4,
FaceForensics++,val,validation,649_816,649_816,649,816,1,DeepFakes,Deepfakes/649_816.mp4,
FaceForensics++,val,validation,816_649,649_816,816,649,1,DeepFakes,Deepfakes/816_649.mp4,
FaceForensics++,val,validation,649_816,649_816,649,816,1,Face2Face,Face2Face/649_816.mp4,
FaceForensics++,val,validation,816_649,649_816,816,649,1,Face2Face,Face2Face/816_649.mp4,
FaceForensics++,val,validation,649_816,649_816,649,816,1,FaceSwap,FaceSwap/649_816.mp4,
FaceForensics++,val,validation,816_649,649_816,816,649,1,FaceSwap,FaceSwap/816_649.mp4,
FaceForensics++,val,validation,649_816,649_816,649,816,1,NeuralTextures,NeuralTextures/649_816.mp4,
FaceForensics++,val,validation,816_649,649_816,816,649,1,NeuralTextures,NeuralTextures/816_649.mp4,
FaceForensics++,val,validation,656,656_666,656,,0,,original/656.mp4,
FaceForensics++,val,validation,666,656_666,666,,0,,original/666.mp4,
FaceForensics++,val,validation,656_666,656_666,656,666,1,DeepFakes,Deepfakes/656_666.mp4,
FaceForensics++,val,validation,666_656,656_666,666,656,1,DeepFakes,Deepfakes/666_656.mp4,
FaceForensics++,val,validation,656_666,656_666,656,666,1,Face2Face,Face2Face/656_666.mp4,
FaceForensics++,val,validation,666_656,656_666,666,656,1,Face2Face,Face2Face/666_656.mp4,
FaceForensics++,val,validation,656_666,656_666,656,666,1,FaceSwap,FaceSwap/656_666.mp4,
FaceForensics++,val,validation,666_656,656_666,666,656,1,FaceSwap,FaceSwap/666_656.mp4,
FaceForensics++,val,validation,656_666,656_666,656,666,1,NeuralTextures,NeuralTextures/656_666.mp4,
FaceForensics++,val,validation,666_656,656_666,666,656,1,NeuralTextures,NeuralTextures/666_656.mp4,
FaceForensics++,val,validation,664,664_668,664,,0,,original/664.mp4,
FaceForensics++,val,validation,668,664_668,668,,0,,original/668.mp4,
FaceForensics++,val,validation,664_668,664_668,664,668,1,DeepFakes,Deepfakes/664_668.mp4,
FaceForensics++,val,validation,668_664,664_668,668,664,1,DeepFakes,Deepfakes/668_664.mp4,
FaceForensics++,val,validation,664_668,664_668,664,668,1,Face2Face,Face2Face/664_668.mp4,
FaceForensics++,val,validation,668_664,664_668,668,664,1,Face2Face,Face2Face/668_664.mp4,
FaceForensics++,val,validation,664_668,664_668,664,668,1,FaceSwap,FaceSwap/664_668.mp4,
FaceForensics++,val,validation,668_664,664_668,668,664,1,FaceSwap,FaceSwap/668_664.mp4,
FaceForensics++,val,validation,664_668,664_668,664,668,1,NeuralTextures,NeuralTextures/664_668.mp4,
FaceForensics++,val,validation,668_664,664_668,668,664,1,NeuralTextures,NeuralTextures/668_664.mp4,
FaceForensics++,val,validation,672,672_720,672,,0,,original/672.mp4,
FaceForensics++,val,validation,720,672_720,720,,0,,original/720.mp4,
FaceForensics++,val,validation,672_720,672_720,672,720,1,DeepFakes,Deepfakes/672_720.mp4,
FaceForensics++,val,validation,720_672,672_720,720,672,1,DeepFakes,Deepfakes/720_672.mp4,
FaceForensics++,val,validation,672_720,672_720,672,720,1,Face2Face,Face2Face/672_720.mp4,
FaceForensics++,val,validation,720_672,672_720,720,672,1,Face2Face,Face2Face/720_672.mp4,
FaceForensics++,val,validation,672_720,672_720,672,720,1,FaceSwap,FaceSwap/672_720.mp4,
FaceForensics++,val,validation,720_672,672_720,720,672,1,FaceSwap,FaceSwap/720_672.mp4,
FaceForensics++,val,validation,672_720,672_720,672,720,1,NeuralTextures,NeuralTextures/672_720.mp4,
FaceForensics++,val,validation,720_672,672_720,720,672,1,NeuralTextures,NeuralTextures/720_672.mp4,
FaceForensics++,val,validation,727,727_729,727,,0,,original/727.mp4,
FaceForensics++,val,validation,729,727_729,729,,0,,original/729.mp4,
FaceForensics++,val,validation,727_729,727_729,727,729,1,DeepFakes,Deepfakes/727_729.mp4,
FaceForensics++,val,validation,729_727,727_729,729,727,1,DeepFakes,Deepfakes/729_727.mp4,
FaceForensics++,val,validation,727_729,727_729,727,729,1,Face2Face,Face2Face/727_729.mp4,
FaceForensics++,val,validation,729_727,727_729,729,727,1,Face2Face,Face2Face/729_727.mp4,
FaceForensics++,val,validation,727_729,727_729,727,729,1,FaceSwap,FaceSwap/727_729.mp4,
FaceForensics++,val,validation,729_727,727_729,729,727,1,FaceSwap,FaceSwap/729_727.mp4,
FaceForensics++,val,validation,727_729,727_729,727,729,1,NeuralTextures,NeuralTextures/727_729.mp4,
FaceForensics++,val,validation,729_727,727_729,729,727,1,NeuralTextures,NeuralTextures/729_727.mp4,
FaceForensics++,val,validation,742,742_775,742,,0,,original/742.mp4,
FaceForensics++,val,validation,775,742_775,775,,0,,original/775.mp4,
FaceForensics++,val,validation,742_775,742_775,742,775,1,DeepFakes,Deepfakes/742_775.mp4,
FaceForensics++,val,validation,775_742,742_775,775,742,1,DeepFakes,Deepfakes/775_742.mp4,
FaceForensics++,val,validation,742_775,742_775,742,775,1,Face2Face,Face2Face/742_775.mp4,
FaceForensics++,val,validation,775_742,742_775,775,742,1,Face2Face,Face2Face/775_742.mp4,
FaceForensics++,val,validation,742_775,742_775,742,775,1,FaceSwap,FaceSwap/742_775.mp4,
FaceForensics++,val,validation,775_742,742_775,775,742,1,FaceSwap,FaceSwap/775_742.mp4,
FaceForensics++,val,validation,742_775,742_775,742,775,1,NeuralTextures,NeuralTextures/742_775.mp4,
FaceForensics++,val,validation,775_742,742_775,775,742,1,NeuralTextures,NeuralTextures/775_742.mp4,
FaceForensics++,val,validation,745,745_777,745,,0,,original/745.mp4,
FaceForensics++,val,validation,777,745_777,777,,0,,original/777.mp4,
FaceForensics++,val,validation,745_777,745_777,745,777,1,DeepFakes,Deepfakes/745_777.mp4,
FaceForensics++,val,validation,777_745,745_777,777,745,1,DeepFakes,Deepfakes/777_745.mp4,
FaceForensics++,val,validation,745_777,745_777,745,777,1,Face2Face,Face2Face/745_777.mp4,
FaceForensics++,val,validation,777_745,745_777,777,745,1,Face2Face,Face2Face/777_745.mp4,
FaceForensics++,val,validation,745_777,745_777,745,777,1,FaceSwap,FaceSwap/745_777.mp4,
FaceForensics++,val,validation,777_745,745_777,777,745,1,FaceSwap,FaceSwap/777_745.mp4,
FaceForensics++,val,validation,745_777,745_777,745,777,1,NeuralTextures,NeuralTextures/745_777.mp4,
FaceForensics++,val,validation,777_745,745_777,777,745,1,NeuralTextures,NeuralTextures/777_745.mp4,
FaceForensics++,val,validation,762,762_832,762,,0,,original/762.mp4,
FaceForensics++,val,validation,832,762_832,832,,0,,original/832.mp4,
FaceForensics++,val,validation,762_832,762_832,762,832,1,DeepFakes,Deepfakes/762_832.mp4,
FaceForensics++,val,validation,832_762,762_832,832,762,1,DeepFakes,Deepfakes/832_762.mp4,
FaceForensics++,val,validation,762_832,762_832,762,832,1,Face2Face,Face2Face/762_832.mp4,
FaceForensics++,val,validation,832_762,762_832,832,762,1,Face2Face,Face2Face/832_762.mp4,
FaceForensics++,val,validation,762_832,762_832,762,832,1,FaceSwap,FaceSwap/762_832.mp4,
FaceForensics++,val,validation,832_762,762_832,832,762,1,FaceSwap,FaceSwap/832_762.mp4,
FaceForensics++,val,validation,762_832,762_832,762,832,1,NeuralTextures,NeuralTextures/762_832.mp4,
FaceForensics++,val,validation,832_762,762_832,832,762,1,NeuralTextures,NeuralTextures/832_762.mp4,
FaceForensics++,val,validation,768,768_793,768,,0,,original/768.mp4,
FaceForensics++,val,validation,793,768_793,793,,0,,original/793.mp4,
FaceForensics++,val,validation,768_793,768_793,768,793,1,DeepFakes,Deepfakes/768_793.mp4,
FaceForensics++,val,validation,793_768,768_793,793,768,1,DeepFakes,Deepfakes/793_768.mp4,
FaceForensics++,val,validation,768_793,768_793,768,793,1,Face2Face,Face2Face/768_793.mp4,
FaceForensics++,val,validation,793_768,768_793,793,768,1,Face2Face,Face2Face/793_768.mp4,
FaceForensics++,val,validation,768_793,768_793,768,793,1,FaceSwap,FaceSwap/768_793.mp4,
FaceForensics++,val,validation,793_768,768_793,793,768,1,FaceSwap,FaceSwap/793_768.mp4,
FaceForensics++,val,validation,768_793,768_793,768,793,1,NeuralTextures,NeuralTextures/768_793.mp4,
FaceForensics++,val,validation,793_768,768_793,793,768,1,NeuralTextures,NeuralTextures/793_768.mp4,
FaceForensics++,val,validation,779,779_794,779,,0,,original/779.mp4,
FaceForensics++,val,validation,794,779_794,794,,0,,original/794.mp4,
FaceForensics++,val,validation,779_794,779_794,779,794,1,DeepFakes,Deepfakes/779_794.mp4,
FaceForensics++,val,validation,794_779,779_794,794,779,1,DeepFakes,Deepfakes/794_779.mp4,
FaceForensics++,val,validation,779_794,779_794,779,794,1,Face2Face,Face2Face/779_794.mp4,
FaceForensics++,val,validation,794_779,779_794,794,779,1,Face2Face,Face2Face/794_779.mp4,
FaceForensics++,val,validation,779_794,779_794,779,794,1,FaceSwap,FaceSwap/779_794.mp4,
FaceForensics++,val,validation,794_779,779_794,794,779,1,FaceSwap,FaceSwap/794_779.mp4,
FaceForensics++,val,validation,779_794,779_794,779,794,1,NeuralTextures,NeuralTextures/779_794.mp4,
FaceForensics++,val,validation,794_779,779_794,794,779,1,NeuralTextures,NeuralTextures/794_779.mp4,
FaceForensics++,val,validation,817,817_827,817,,0,,original/817.mp4,
FaceForensics++,val,validation,827,817_827,827,,0,,original/827.mp4,
FaceForensics++,val,validation,817_827,817_827,817,827,1,DeepFakes,Deepfakes/817_827.mp4,
FaceForensics++,val,validation,827_817,817_827,827,817,1,DeepFakes,Deepfakes/827_817.mp4,
FaceForensics++,val,validation,817_827,817_827,817,827,1,Face2Face,Face2Face/817_827.mp4,
FaceForensics++,val,validation,827_817,817_827,827,817,1,Face2Face,Face2Face/827_817.mp4,
FaceForensics++,val,validation,817_827,817_827,817,827,1,FaceSwap,FaceSwap/817_827.mp4,
FaceForensics++,val,validation,827_817,817_827,827,817,1,FaceSwap,FaceSwap/827_817.mp4,
FaceForensics++,val,validation,817_827,817_827,817,827,1,NeuralTextures,NeuralTextures/817_827.mp4,
FaceForensics++,val,validation,827_817,817_827,827,817,1,NeuralTextures,NeuralTextures/827_817.mp4,
FaceForensics++,val,validation,818,818_820,818,,0,,original/818.mp4,
FaceForensics++,val,validation,820,818_820,820,,0,,original/820.mp4,
FaceForensics++,val,validation,818_820,818_820,818,820,1,DeepFakes,Deepfakes/818_820.mp4,
FaceForensics++,val,validation,820_818,818_820,820,818,1,DeepFakes,Deepfakes/820_818.mp4,
FaceForensics++,val,validation,818_820,818_820,818,820,1,Face2Face,Face2Face/818_820.mp4,
FaceForensics++,val,validation,820_818,818_820,820,818,1,Face2Face,Face2Face/820_818.mp4,
FaceForensics++,val,validation,818_820,818_820,818,820,1,FaceSwap,FaceSwap/818_820.mp4,
FaceForensics++,val,validation,820_818,818_820,820,818,1,FaceSwap,FaceSwap/820_818.mp4,
FaceForensics++,val,validation,818_820,818_820,818,820,1,NeuralTextures,NeuralTextures/818_820.mp4,
FaceForensics++,val,validation,820_818,818_820,820,818,1,NeuralTextures,NeuralTextures/820_818.mp4,
FaceForensics++,val,validation,834,834_852,834,,0,,original/834.mp4,
FaceForensics++,val,validation,852,834_852,852,,0,,original/852.mp4,
FaceForensics++,val,validation,834_852,834_852,834,852,1,DeepFakes,Deepfakes/834_852.mp4,
FaceForensics++,val,validation,852_834,834_852,852,834,1,DeepFakes,Deepfakes/852_834.mp4,
FaceForensics++,val,validation,834_852,834_852,834,852,1,Face2Face,Face2Face/834_852.mp4,
FaceForensics++,val,validation,852_834,834_852,852,834,1,Face2Face,Face2Face/852_834.mp4,
FaceForensics++,val,validation,834_852,834_852,834,852,1,FaceSwap,FaceSwap/834_852.mp4,
FaceForensics++,val,validation,852_834,834_852,852,834,1,FaceSwap,FaceSwap/852_834.mp4,
FaceForensics++,val,validation,834_852,834_852,834,852,1,NeuralTextures,NeuralTextures/834_852.mp4,
FaceForensics++,val,validation,852_834,834_852,852,834,1,NeuralTextures,NeuralTextures/852_834.mp4,
FaceForensics++,val,validation,837,837_890,837,,0,,original/837.mp4,
FaceForensics++,val,validation,890,837_890,890,,0,,original/890.mp4,
FaceForensics++,val,validation,837_890,837_890,837,890,1,DeepFakes,Deepfakes/837_890.mp4,
FaceForensics++,val,validation,890_837,837_890,890,837,1,DeepFakes,Deepfakes/890_837.mp4,
FaceForensics++,val,validation,837_890,837_890,837,890,1,Face2Face,Face2Face/837_890.mp4,
FaceForensics++,val,validation,890_837,837_890,890,837,1,Face2Face,Face2Face/890_837.mp4,
FaceForensics++,val,validation,837_890,837_890,837,890,1,FaceSwap,FaceSwap/837_890.mp4,
FaceForensics++,val,validation,890_837,837_890,890,837,1,FaceSwap,FaceSwap/890_837.mp4,
FaceForensics++,val,validation,837_890,837_890,837,890,1,NeuralTextures,NeuralTextures/837_890.mp4,
FaceForensics++,val,validation,890_837,837_890,890,837,1,NeuralTextures,NeuralTextures/890_837.mp4,
FaceForensics++,val,validation,857,857_909,857,,0,,original/857.mp4,
FaceForensics++,val,validation,909,857_909,909,,0,,original/909.mp4,
FaceForensics++,val,validation,857_909,857_909,857,909,1,DeepFakes,Deepfakes/857_909.mp4,
FaceForensics++,val,validation,909_857,857_909,909,857,1,DeepFakes,Deepfakes/909_857.mp4,
FaceForensics++,val,validation,857_909,857_909,857,909,1,Face2Face,Face2Face/857_909.mp4,
FaceForensics++,val,validation,909_857,857_909,909,857,1,Face2Face,Face2Face/909_857.mp4,
FaceForensics++,val,validation,857_909,857_909,857,909,1,FaceSwap,FaceSwap/857_909.mp4,
FaceForensics++,val,validation,909_857,857_909,909,857,1,FaceSwap,FaceSwap/909_857.mp4,
FaceForensics++,val,validation,857_909,857_909,857,909,1,NeuralTextures,NeuralTextures/857_909.mp4,
FaceForensics++,val,validation,909_857,857_909,909,857,1,NeuralTextures,NeuralTextures/909_857.mp4,
FaceForensics++,val,validation,875,875_979,875,,0,,original/875.mp4,
FaceForensics++,val,validation,979,875_979,979,,0,,original/979.mp4,
FaceForensics++,val,validation,875_979,875_979,875,979,1,DeepFakes,Deepfakes/875_979.mp4,
FaceForensics++,val,validation,979_875,875_979,979,875,1,DeepFakes,Deepfakes/979_875.mp4,
FaceForensics++,val,validation,875_979,875_979,875,979,1,Face2Face,Face2Face/875_979.mp4,
FaceForensics++,val,validation,979_875,875_979,979,875,1,Face2Face,Face2Face/979_875.mp4,
FaceForensics++,val,validation,875_979,875_979,875,979,1,FaceSwap,FaceSwap/875_979.mp4,
FaceForensics++,val,validation,979_875,875_979,979,875,1,FaceSwap,FaceSwap/979_875.mp4,
FaceForensics++,val,validation,875_979,875_979,875,979,1,NeuralTextures,NeuralTextures/875_979.mp4,
FaceForensics++,val,validation,979_875,875_979,979,875,1,NeuralTextures,NeuralTextures/979_875.mp4,
FaceForensics++,val,validation,895,895_915,895,,0,,original/895.mp4,
FaceForensics++,val,validation,915,895_915,915,,0,,original/915.mp4,
FaceForensics++,val,validation,895_915,895_915,895,915,1,DeepFakes,Deepfakes/895_915.mp4,
FaceForensics++,val,validation,915_895,895_915,915,895,1,DeepFakes,Deepfakes/915_895.mp4,
FaceForensics++,val,validation,895_915,895_915,895,915,1,Face2Face,Face2Face/895_915.mp4,
FaceForensics++,val,validation,915_895,895_915,915,895,1,Face2Face,Face2Face/915_895.mp4,
FaceForensics++,val,validation,895_915,895_915,895,915,1,FaceSwap,FaceSwap/895_915.mp4,
FaceForensics++,val,validation,915_895,895_915,915,895,1,FaceSwap,FaceSwap/915_895.mp4,
FaceForensics++,val,validation,895_915,895_915,895,915,1,NeuralTextures,NeuralTextures/895_915.mp4,
FaceForensics++,val,validation,915_895,895_915,915,895,1,NeuralTextures,NeuralTextures/915_895.mp4,
FaceForensics++,val,validation,898,898_922,898,,0,,original/898.mp4,
FaceForensics++,val,validation,922,898_922,922,,0,,original/922.mp4,
FaceForensics++,val,validation,898_922,898_922,898,922,1,DeepFakes,Deepfakes/898_922.mp4,
FaceForensics++,val,validation,922_898,898_922,922,898,1,DeepFakes,Deepfakes/922_898.mp4,
FaceForensics++,val,validation,898_922,898_922,898,922,1,Face2Face,Face2Face/898_922.mp4,
FaceForensics++,val,validation,922_898,898_922,922,898,1,Face2Face,Face2Face/922_898.mp4,
FaceForensics++,val,validation,898_922,898_922,898,922,1,FaceSwap,FaceSwap/898_922.mp4,
FaceForensics++,val,validation,922_898,898_922,922,898,1,FaceSwap,FaceSwap/922_898.mp4,
FaceForensics++,val,validation,898_922,898_922,898,922,1,NeuralTextures,NeuralTextures/898_922.mp4,
FaceForensics++,val,validation,922_898,898_922,922,898,1,NeuralTextures,NeuralTextures/922_898.mp4,
FaceForensics++,val,validation,900,900_926,900,,0,,original/900.mp4,
FaceForensics++,val,validation,926,900_926,926,,0,,original/926.mp4,
FaceForensics++,val,validation,900_926,900_926,900,926,1,DeepFakes,Deepfakes/900_926.mp4,
FaceForensics++,val,validation,926_900,900_926,926,900,1,DeepFakes,Deepfakes/926_900.mp4,
FaceForensics++,val,validation,900_926,900_926,900,926,1,Face2Face,Face2Face/900_926.mp4,
FaceForensics++,val,validation,926_900,900_926,926,900,1,Face2Face,Face2Face/926_900.mp4,
FaceForensics++,val,validation,900_926,900_926,900,926,1,FaceSwap,FaceSwap/900_926.mp4,
FaceForensics++,val,validation,926_900,900_926,926,900,1,FaceSwap,FaceSwap/926_900.mp4,
FaceForensics++,val,validation,900_926,900_926,900,926,1,NeuralTextures,NeuralTextures/900_926.mp4,
FaceForensics++,val,validation,926_900,900_926,926,900,1,NeuralTextures,NeuralTextures/926_900.mp4,
FaceForensics++,val,validation,912,912_927,912,,0,,original/912.mp4,
FaceForensics++,val,validation,927,912_927,927,,0,,original/927.mp4,
FaceForensics++,val,validation,912_927,912_927,912,927,1,DeepFakes,Deepfakes/912_927.mp4,
FaceForensics++,val,validation,927_912,912_927,927,912,1,DeepFakes,Deepfakes/927_912.mp4,
FaceForensics++,val,validation,912_927,912_927,912,927,1,Face2Face,Face2Face/912_927.mp4,
FaceForensics++,val,validation,927_912,912_927,927,912,1,Face2Face,Face2Face/927_912.mp4,
FaceForensics++,val,validation,912_927,912_927,912,927,1,FaceSwap,FaceSwap/912_927.mp4,
FaceForensics++,val,validation,927_912,912_927,927,912,1,FaceSwap,FaceSwap/927_912.mp4,
FaceForensics++,val,validation,912_927,912_927,912,927,1,NeuralTextures,NeuralTextures/912_927.mp4,
FaceForensics++,val,validation,927_912,912_927,927,912,1,NeuralTextures,NeuralTextures/927_912.mp4,
FaceForensics++,val,validation,925,925_933,925,,0,,original/925.mp4,
FaceForensics++,val,validation,933,925_933,933,,0,,original/933.mp4,
FaceForensics++,val,validation,925_933,925_933,925,933,1,DeepFakes,Deepfakes/925_933.mp4,
FaceForensics++,val,validation,933_925,925_933,933,925,1,DeepFakes,Deepfakes/933_925.mp4,
FaceForensics++,val,validation,925_933,925_933,925,933,1,Face2Face,Face2Face/925_933.mp4,
FaceForensics++,val,validation,933_925,925_933,933,925,1,Face2Face,Face2Face/933_925.mp4,
FaceForensics++,val,validation,925_933,925_933,925,933,1,FaceSwap,FaceSwap/925_933.mp4,
FaceForensics++,val,validation,933_925,925_933,933,925,1,FaceSwap,FaceSwap/933_925.mp4,
FaceForensics++,val,validation,925_933,925_933,925,933,1,NeuralTextures,NeuralTextures/925_933.mp4,
FaceForensics++,val,validation,933_925,925_933,933,925,1,NeuralTextures,NeuralTextures/933_925.mp4,
FaceForensics++,val,validation,947,947_951,947,,0,,original/947.mp4,
FaceForensics++,val,validation,951,947_951,951,,0,,original/951.mp4,
FaceForensics++,val,validation,947_951,947_951,947,951,1,DeepFakes,Deepfakes/947_951.mp4,
FaceForensics++,val,validation,951_947,947_951,951,947,1,DeepFakes,Deepfakes/951_947.mp4,
FaceForensics++,val,validation,947_951,947_951,947,951,1,Face2Face,Face2Face/947_951.mp4,
FaceForensics++,val,validation,951_947,947_951,951,947,1,Face2Face,Face2Face/951_947.mp4,
FaceForensics++,val,validation,947_951,947_951,947,951,1,FaceSwap,FaceSwap/947_951.mp4,
FaceForensics++,val,validation,951_947,947_951,951,947,1,FaceSwap,FaceSwap/951_947.mp4,
FaceForensics++,val,validation,947_951,947_951,947,951,1,NeuralTextures,NeuralTextures/947_951.mp4,
FaceForensics++,val,validation,951_947,947_951,951,947,1,NeuralTextures,NeuralTextures/951_947.mp4,
FaceForensics++,val,validation,956,956_958,956,,0,,original/956.mp4,
FaceForensics++,val,validation,958,956_958,958,,0,,original/958.mp4,
FaceForensics++,val,validation,956_958,956_958,956,958,1,DeepFakes,Deepfakes/956_958.mp4,
FaceForensics++,val,validation,958_956,956_958,958,956,1,DeepFakes,Deepfakes/958_956.mp4,
FaceForensics++,val,validation,956_958,956_958,956,958,1,Face2Face,Face2Face/956_958.mp4,
FaceForensics++,val,validation,958_956,956_958,958,956,1,Face2Face,Face2Face/958_956.mp4,
FaceForensics++,val,validation,956_958,956_958,956,958,1,FaceSwap,FaceSwap/956_958.mp4,
FaceForensics++,val,validation,958_956,956_958,958,956,1,FaceSwap,FaceSwap/958_956.mp4,
FaceForensics++,val,validation,956_958,956_958,956,958,1,NeuralTextures,NeuralTextures/956_958.mp4,
FaceForensics++,val,validation,958_956,956_958,958,956,1,NeuralTextures,NeuralTextures/958_956.mp4,
FaceForensics++,val,validation,980,980_992,980,,0,,original/980.mp4,
FaceForensics++,val,validation,992,980_992,992,,0,,original/992.mp4,
FaceForensics++,val,validation,980_992,980_992,980,992,1,DeepFakes,Deepfakes/980_992.mp4,
FaceForensics++,val,validation,992_980,980_992,992,980,1,DeepFakes,Deepfakes/992_980.mp4,
FaceForensics++,val,validation,980_992,980_992,980,992,1,Face2Face,Face2Face/980_992.mp4,
FaceForensics++,val,validation,992_980,980_992,992,980,1,Face2Face,Face2Face/992_980.mp4,
FaceForensics++,val,validation,980_992,980_992,980,992,1,FaceSwap,FaceSwap/980_992.mp4,
FaceForensics++,val,validation,992_980,980_992,992,980,1,FaceSwap,FaceSwap/992_980.mp4,
FaceForensics++,val,validation,980_992,980_992,980,992,1,NeuralTextures,NeuralTextures/980_992.mp4,
FaceForensics++,val,validation,992_980,980_992,992,980,1,NeuralTextures,NeuralTextures/992_980.mp4,
